service_id,model,counts,box_count,mass_kg,volume_m3,horizontal_out_kwh,horizontal_return_kwh,climb_out_kwh,climb_return_kwh,energy_kwh,flight_time_s,work_time_s,critical_reserve_percent,return_soc_percent,payload_limit_kg,volume_limit_m3
S001,A,"[0,0,0,1]",1,6.0,0.035,0.5629623665603356,0.5497242493526958,0.04179593612606332,0.023585760179666824,1.1780683122187614,680.9069627433815,1190.9069627433814,73.82070417291642,73.82070417291642,25,0.06
S001,B,"[0,0,0,1]",1,6.0,0.035,0.4536798107333214,0.4362890867878538,0.03904620348619073,0.021901063023976337,0.9509161640313423,579.1061758262156,1089.1061758262156,76.22709589921645,76.22709589921645,30,0.073
S001,C,"[0,0,0,1]",1,6.0,0.035,0.9502086727084239,0.9396995715430697,0.04174094147326587,0.023552066236553017,1.9552012519613124,618.1750458620229,1164.175045862023,75.55998435048359,75.55998435048359,80,0.25
S001,B,"[0,0,0,2]",2,12.0,0.07,0.4893442549819508,0.4362890867878538,0.04234588265403783,0.021901063023976337,0.9898802874478188,579.1061758262156,1149.1061758262156,75.25299281380452,75.25299281380452,30,0.073
S001,C,"[0,0,0,2]",2,12.0,0.07,0.9700442919841075,0.9396995715430697,0.04504062064111297,0.023552066236553017,1.978336550404843,618.1750458620229,1230.175045862023,75.27079311993946,75.27079311993946,80,0.25
S001,A,"[0,0,1,0]",1,8.0,0.028,0.5703739936720804,0.5497242493526958,0.04289582918201235,0.023585760179666824,1.1865798323864554,680.9069627433815,1190.9069627433814,73.63155928030099,73.63155928030099,25,0.06
S001,B,"[0,0,1,0]",1,8.0,0.028,0.463652409620447,0.4362890867878538,0.04014609654213976,0.021901063023976337,0.9619886559744169,579.1061758262156,1089.1061758262156,75.95028360063958,75.95028360063958,30,0.073
S001,C,"[0,0,1,0]",1,8.0,0.028,0.9559776228996975,0.9396995715430697,0.0428408345292149,0.023552066236553017,1.962070095208535,618.1750458620229,1164.175045862023,75.47412380989331,75.47412380989331,80,0.25
S001,B,"[0,0,1,1]",2,14.0,0.063,0.505330357352305,0.4362890867878538,0.04344577570998687,0.021901063023976337,1.0069662828741222,579.1061758262156,1149.1061758262156,74.82584292814694,74.82584292814694,30,0.073
S001,C,"[0,0,1,1]",2,14.0,0.063,0.9782622374743847,0.9396995715430697,0.046140513697062006,0.023552066236553017,1.9876543889510694,618.1750458620229,1230.175045862023,75.15432013811163,75.15432013811163,80,0.25
S001,C,"[0,0,1,2]",3,20.0,0.098,1.007512942685353,0.9396995715430697,0.049440192864909104,0.023552066236553017,2.020204773329885,618.1750458620229,1296.175045862023,74.74744033337643,74.74744033337643,80,0.25
S001,A,"[0,0,2,0]",2,16.0,0.056,0.6124378892075487,0.5497242493526958,0.047295401405808485,0.023585760179666824,1.2330433001457197,680.9069627433815,1250.9069627433814,72.59903777453955,72.59903777453955,25,0.06
S001,B,"[0,0,2,0]",2,16.0,0.056,0.5237092350959088,0.4362890867878538,0.0445456687659359,0.021901063023976337,1.026445053673675,579.1061758262156,1149.1061758262156,74.33887365815812,74.33887365815812,30,0.073
S001,C,"[0,0,2,0]",2,16.0,0.056,0.9872468240476521,0.9396995715430697,0.04724040675301104,0.023552066236553017,1.9977388685802857,618.1750458620229,1230.175045862023,75.02826414274642,75.02826414274642,80,0.25
S001,C,"[0,0,2,1]",3,22.0,0.091,1.0188126051674669,0.9396995715430697,0.05054008592085814,0.023552066236553017,2.032604328867948,618.1750458620229,1296.175045862023,74.59244588915065,74.59244588915065,80,0.25
S001,C,"[0,0,2,2]",4,28.0,0.126,1.0576191934252293,0.9396995715430697,0.05383976508870525,0.023552066236553017,2.0747105962935573,618.1750458620229,1362.175045862023,74.06611754633053,74.06611754633053,80,0.25
S001,C,"[0,0,3,0]",3,24.0,0.084,1.0309129553074574,0.9396995715430697,0.05163997897680718,0.023552066236553017,2.0458045720638878,618.1750458620229,1296.175045862023,74.4274428492014,74.4274428492014,80,0.25
S001,C,"[0,0,3,1]",4,30.0,0.119,1.0722905821910493,0.9396995715430697,0.05493965814465428,0.023552066236553017,2.0904818781153267,618.1750458620229,1362.175045862023,73.86897652355842,73.86897652355842,80,0.25
S001,C,"[0,0,3,2]",5,36.0,0.154,1.1220895520774237,0.9396995715430697,0.05823933731250139,0.023552066236553017,2.143580527169548,618.1750458620229,1428.175045862023,73.20524341038065,73.20524341038065,80,0.25
S001,A,"[0,1,0,0]",1,14.0,0.027,0.6000132337968099,0.5497242493526958,0.04619550834985945,0.023585760179666824,1.219518751679032,680.9069627433815,1190.9069627433814,72.8995832960215,72.8995832960215,25,0.06
S001,B,"[0,1,0,0]",1,14.0,0.027,0.505330357352305,0.4362890867878538,0.04344577570998687,0.021901063023976337,1.0069662828741222,579.1061758262156,1089.1061758262156,74.82584292814694,74.82584292814694,30,0.073
S001,C,"[0,1,0,0]",1,14.0,0.027,0.9782622374743847,0.9396995715430697,0.046140513697062006,0.023552066236553017,1.9876543889510694,618.1750458620229,1164.175045862023,75.15432013811163,75.15432013811163,80,0.25
S001,B,"[0,1,0,1]",2,20.0,0.062,0.5690366529457966,0.4362890867878538,0.04674545487783397,0.021901063023976337,1.0739722576354607,579.1061758262156,1149.1061758262156,73.15069355911348,73.15069355911348,30,0.073
S001,C,"[0,1,0,1]",2,20.0,0.062,1.007512942685353,0.9396995715430697,0.049440192864909104,0.023552066236553017,2.020204773329885,618.1750458620229,1230.175045862023,74.74744033337643,74.74744033337643,80,0.25
S001,C,"[0,1,0,2]",3,26.0,0.097,1.0438384828065939,0.9396995715430697,0.052739872032756215,0.023552066236553017,2.059829992618973,618.1750458620229,1296.175045862023,74.25212509226284,74.25212509226284,80,0.25
S001,A,"[0,1,1,0]",2,22.0,0.055,0.6584333263350424,0.5497242493526958,0.05059508057365559,0.023585760179666824,1.2823384164410607,680.9069627433815,1250.9069627433814,71.50359074575421,71.50359074575421,25,0.06
S001,B,"[0,1,1,0]",2,22.0,0.055,0.5969515585769961,0.4362890867878538,0.047845347933783006,0.021901063023976337,1.1029870563226094,579.1061758262156,1149.1061758262156,72.42532359193477,72.42532359193477,30,0.073
S001,C,"[0,1,1,0]",2,22.0,0.055,1.0188126051674669,0.9396995715430697,0.05054008592085814,0.023552066236553017,2.032604328867948,618.1750458620229,1230.175045862023,74.59244588915065,74.59244588915065,80,0.25
S001,C,"[0,1,1,1]",3,28.0,0.09,1.0576191934252293,0.9396995715430697,0.05383976508870525,0.023552066236553017,2.0747105962935573,618.1750458620229,1296.175045862023,74.06611754633053,74.06611754633053,80,0.25
S001,C,"[0,1,1,2]",4,34.0,0.125,1.104475679244991,0.9396995715430697,0.057139444256552346,0.023552066236553017,2.124866761281166,618.1750458620229,1362.175045862023,73.43916548398542,73.43916548398542,80,0.25
S001,C,"[0,1,2,0]",3,30.0,0.083,1.0722905821910493,0.9396995715430697,0.05493965814465428,0.023552066236553017,2.0904818781153267,618.1750458620229,1296.175045862023,73.86897652355842,73.86897652355842,80,0.25
S001,C,"[0,1,2,1]",4,36.0,0.118,1.1220895520774237,0.9396995715430697,0.05823933731250139,0.023552066236553017,2.143580527169548,618.1750458620229,1362.175045862023,73.20524341038065,73.20524341038065,80,0.25
S001,C,"[0,1,2,2]",5,42.0,0.153,1.1817593909664077,0.9396995715430697,0.061539016480348485,0.023552066236553017,2.206550045226379,618.1750458620229,1428.175045862023,72.41812443467026,72.41812443467026,80,0.25
S001,C,"[0,1,3,0]",4,38.0,0.111,1.140795288585854,0.9396995715430697,0.05933923036845042,0.023552066236553017,2.1633861567339276,618.1750458620229,1362.175045862023,72.9576730408259,72.9576730408259,80,0.25
S001,C,"[0,1,3,1]",5,44.0,0.146,1.2041773404331806,0.9396995715430697,0.06263890953629753,0.023552066236553017,2.230067887749101,618.1750458620229,1428.175045862023,72.12415140313624,72.12415140313624,80,0.25
S001,C,"[0,1,3,2]",6,50.0,0.181,1.2803441007482654,0.9396995715430697,0.06593858870414462,0.023552066236553017,2.309534327232033,618.1750458620229,1494.175045862023,71.13082090959959,71.13082090959959,80,0.25
S001,B,"[0,2,0,0]",2,28.0,0.054,0.711074303493362,0.4362890867878538,0.05114502710163011,0.021901063023976337,1.2204094804068222,579.1061758262156,1149.1061758262156,69.48976298982944,69.48976298982944,30,0.073
S001,C,"[0,2,0,0]",2,28.0,0.054,1.0576191934252293,0.9396995715430697,0.05383976508870525,0.023552066236553017,2.0747105962935573,618.1750458620229,1230.175045862023,74.06611754633053,74.06611754633053,80,0.25
S001,C,"[0,2,0,1]",3,34.0,0.089,1.104475679244991,0.9396995715430697,0.057139444256552346,0.023552066236553017,2.124866761281166,618.1750458620229,1296.175045862023,73.43916548398542,73.43916548398542,80,0.25
S001,C,"[0,2,0,2]",4,40.0,0.124,1.1606601309572726,0.9396995715430697,0.06043912342439946,0.023552066236553017,2.184350892161295,618.1750458620229,1362.175045862023,72.69561384798382,72.69561384798382,80,0.25
S001,C,"[0,2,1,0]",3,36.0,0.082,1.1220895520774237,0.9396995715430697,0.05823933731250139,0.023552066236553017,2.143580527169548,618.1750458620229,1296.175045862023,73.20524341038065,73.20524341038065,80,0.25
S001,C,"[0,2,1,1]",4,42.0,0.117,1.1817593909664077,0.9396995715430697,0.061539016480348485,0.023552066236553017,2.206550045226379,618.1750458620229,1362.175045862023,72.41812443467026,72.41812443467026,80,0.25
S001,C,"[0,2,1,2]",5,48.0,0.152,1.253357748136343,0.9396995715430697,0.0648386956481956,0.023552066236553017,2.2814480815641613,618.1750458620229,1428.175045862023,71.481898980448,71.481898980448,80,0.25
S001,C,"[0,2,2,0]",4,44.0,0.11,1.2041773404331806,0.9396995715430697,0.06263890953629753,0.023552066236553017,2.230067887749101,618.1750458620229,1362.175045862023,72.12415140313624,72.12415140313624,80,0.25
S001,C,"[0,2,2,1]",5,50.0,0.145,1.2803441007482654,0.9396995715430697,0.06593858870414462,0.023552066236553017,2.309534327232033,618.1750458620229,1428.175045862023,71.13082090959959,71.13082090959959,80,0.25
S001,C,"[0,2,2,2]",6,56.0,0.18,1.3725384561166583,0.9396995715430697,0.06923826787199173,0.023552066236553017,2.405028361768273,618.1750458620229,1494.175045862023,69.93714547789659,69.93714547789659,80,0.25
S001,C,"[0,2,3,0]",5,52.0,0.138,1.3091001785730574,0.9396995715430697,0.06703848176009367,0.023552066236553017,2.339390298112774,618.1750458620229,1428.175045862023,70.75762127359033,70.75762127359033,80,0.25
S001,C,"[0,2,3,1]",6,58.0,0.173,1.4075798483690272,0.9396995715430697,0.07033816092794076,0.023552066236553017,2.441169647076591,618.1750458620229,1494.175045862023,69.48537941154261,69.48537941154261,80,0.25
S001,C,"[0,2,3,2]",7,64.0,0.208,1.528691887658852,0.9396995715430697,0.07363784009578787,0.023552066236553017,2.5655813655342627,618.1750458620229,1560.175045862023,67.93023293082172,67.93023293082172,80,0.25
S001,C,"[0,3,0,0]",3,42.0,0.081,1.1817593909664077,0.9396995715430697,0.061539016480348485,0.023552066236553017,2.206550045226379,618.1750458620229,1296.175045862023,72.41812443467026,72.41812443467026,80,0.25
S001,C,"[0,3,0,1]",4,48.0,0.116,1.253357748136343,0.9396995715430697,0.0648386956481956,0.023552066236553017,2.2814480815641613,618.1750458620229,1362.175045862023,71.481898980448,71.481898980448,80,0.25
S001,C,"[0,3,0,2]",5,54.0,0.151,1.3397754434089344,0.9396995715430697,0.0681383748160427,0.023552066236553017,2.3711654560046003,618.1750458620229,1428.175045862023,70.36043179994249,70.36043179994249,80,0.25
S001,C,"[0,3,1,0]",4,50.0,0.109,1.2803441007482654,0.9396995715430697,0.06593858870414462,0.023552066236553017,2.309534327232033,618.1750458620229,1362.175045862023,71.13082090959959,71.13082090959959,80,0.25
S001,C,"[0,3,1,1]",5,56.0,0.144,1.3725384561166583,0.9396995715430697,0.06923826787199173,0.023552066236553017,2.405028361768273,618.1750458620229,1428.175045862023,69.93714547789659,69.93714547789659,80,0.25
S001,C,"[0,3,1,2]",6,62.0,0.179,1.4853927827407958,0.9396995715430697,0.07253794703983883,0.023552066236553017,2.5211823675602574,618.1750458620229,1494.175045862023,68.48522040549679,68.48522040549679,80,0.25
S001,C,"[0,3,2,0]",5,58.0,0.137,1.4075798483690272,0.9396995715430697,0.07033816092794076,0.023552066236553017,2.441169647076591,618.1750458620229,1428.175045862023,69.48537941154261,69.48537941154261,80,0.25
S001,C,"[0,3,2,1]",6,64.0,0.172,1.528691887658852,0.9396995715430697,0.07363784009578787,0.023552066236553017,2.5655813655342627,618.1750458620229,1494.175045862023,67.93023293082172,67.93023293082172,80,0.25
S001,C,"[0,3,2,2]",7,70.0,0.207,1.680207418948378,0.9396995715430697,0.07693751926363497,0.023552066236553017,2.7203965759916358,618.1750458620229,1560.175045862023,65.99504280010456,65.99504280010456,80,0.25
S001,C,"[0,3,3,0]",6,66.0,0.165,1.5753360724061511,0.9396995715430697,0.07473773315173692,0.023552066236553017,2.613325443337511,618.1750458620229,1494.175045862023,67.33343195828112,67.33343195828112,80,0.25
S001,C,"[0,3,3,1]",7,72.0,0.2,1.7393679239488213,0.9396995715430697,0.07803741231958401,0.023552066236553017,2.780656974048028,618.1750458620229,1560.175045862023,65.24178782439964,65.24178782439964,80,0.25
S001,C,"[0,3,3,2]",8,78.0,0.235,1.9511870756376157,0.9396995715430697,0.08133709148743111,0.023552066236553017,2.9957758049046697,618.1750458620229,1626.175045862023,62.552802438691636,62.552802438691636,80,0.25
S001,C,"[0,4,0,0]",4,56.0,0.108,1.3725384561166583,0.9396995715430697,0.06923826787199173,0.023552066236553017,2.405028361768273,618.1750458620229,1362.175045862023,69.93714547789659,69.93714547789659,80,0.25
S001,C,"[0,4,0,1]",5,62.0,0.143,1.4853927827407958,0.9396995715430697,0.07253794703983883,0.023552066236553017,2.5211823675602574,618.1750458620229,1428.175045862023,68.48522040549679,68.48522040549679,80,0.25
S001,C,"[0,4,0,2]",6,68.0,0.178,1.6256975270680067,0.9396995715430697,0.07583762620768594,0.023552066236553017,2.664786791055316,618.1750458620229,1494.175045862023,66.69016511180855,66.69016511180855,80,0.25
S001,C,"[0,4,1,0]",5,64.0,0.136,1.528691887658852,0.9396995715430697,0.07363784009578787,0.023552066236553017,2.5655813655342627,618.1750458620229,1428.175045862023,67.93023293082172,67.93023293082172,80,0.25
S001,C,"[0,4,1,1]",6,70.0,0.171,1.680207418948378,0.9396995715430697,0.07693751926363497,0.023552066236553017,2.7203965759916358,618.1750458620229,1494.175045862023,65.99504280010456,65.99504280010456,80,0.25
S001,C,"[0,4,1,2]",7,76.0,0.206,1.874099259375722,0.9396995715430697,0.08023719843148208,0.023552066236553017,2.917588095586827,618.1750458620229,1560.175045862023,63.53014880516466,63.53014880516466,80,0.25
S001,C,"[0,4,2,0]",6,72.0,0.164,1.7393679239488213,0.9396995715430697,0.07803741231958401,0.023552066236553017,2.780656974048028,618.1750458620229,1494.175045862023,65.24178782439964,65.24178782439964,80,0.25
S001,C,"[0,4,2,1]",7,78.0,0.199,1.9511870756376157,0.9396995715430697,0.08133709148743111,0.023552066236553017,2.9957758049046697,618.1750458620229,1560.175045862023,62.552802438691636,62.552802438691636,80,0.25
S001,C,"[0,4,3,0]",7,80.0,0.192,2.0360157383433175,0.9396995715430697,0.08243698454338014,0.023552066236553017,3.0817043606663206,618.1750458620229,1560.175045862023,61.478695491671,61.478695491671,80,0.25
S001,C,"[0,5,0,0]",5,70.0,0.135,1.680207418948378,0.9396995715430697,0.07693751926363497,0.023552066236553017,2.7203965759916358,618.1750458620229,1428.175045862023,65.99504280010456,65.99504280010456,80,0.25
S001,C,"[0,5,0,1]",6,76.0,0.17,1.874099259375722,0.9396995715430697,0.08023719843148208,0.023552066236553017,2.917588095586827,618.1750458620229,1494.175045862023,63.53014880516466,63.53014880516466,80,0.25
S001,C,"[0,5,1,0]",6,78.0,0.163,1.9511870756376157,0.9396995715430697,0.08133709148743111,0.023552066236553017,2.9957758049046697,618.1750458620229,1494.175045862023,62.552802438691636,62.552802438691636,80,0.25
S001,A,"[1,0,0,0]",1,3.0,0.012,0.5543328864259569,0.5497242493526958,0.04014609654213976,0.023585760179666824,1.1677889925004594,680.9069627433815,1190.9069627433814,74.04913349998978,74.04913349998978,25,0.06
S001,B,"[1,0,0,0]",1,3.0,0.012,0.4422831820423134,0.4362890867878538,0.03739636390226718,0.021901063023976337,0.9378696957564107,579.1061758262156,1089.1061758262156,76.55325760608973,76.55325760608973,30,0.073
S001,C,"[1,0,0,0]",1,3.0,0.012,0.943388431223155,0.9396995715430697,0.04009110188934231,0.023552066236553017,1.94673117089212,618.1750458620229,1164.175045862023,75.66586036384851,75.66586036384851,80,0.25
S001,A,"[1,0,0,1]",2,9.0,0.047,0.574544574992366,0.5497242493526958,0.04344577570998687,0.023585760179666824,1.1913003602347154,680.9069627433815,1250.9069627433814,73.52665866145077,73.52665866145077,25,0.06
S001,B,"[1,0,0,1]",2,9.0,0.047,0.469340753358393,0.4362890867878538,0.04069604307011428,0.021901063023976337,0.9682269462403374,579.1061758262156,1149.1061758262156,75.79432634399157,75.79432634399157,30,0.073
S001,C,"[1,0,0,1]",2,9.0,0.047,0.9591884758733232,0.9396995715430697,0.043390781057189416,0.023552066236553017,1.9658308947101353,618.1750458620229,1230.175045862023,75.42711381612331,75.42711381612331,80,0.25
S001,C,"[1,0,0,2]",3,15.0,0.082,0.982659096940717,0.9396995715430697,0.04669046022503652,0.023552066236553017,1.992601194945376,618.1750458620229,1296.175045862023,75.0924850631828,75.0924850631828,80,0.25
S001,A,"[1,0,1,0]",2,11.0,0.04,0.5838023056663539,0.5497242493526958,0.0445456687659359,0.023585760179666824,1.2016579839646522,680.9069627433815,1250.9069627433814,73.29648924522996,73.29648924522996,25,0.06
S001,B,"[1,0,1,0]",2,11.0,0.04,0.4821698239930684,0.4362890867878538,0.04179593612606332,0.021901063023976337,0.9821559099309619,579.1061758262156,1149.1061758262156,75.44610225172596,75.44610225172596,30,0.073
S001,C,"[1,0,1,0]",2,11.0,0.04,0.9662265447958294,0.9396995715430697,0.04449067411313845,0.023552066236553017,1.9739688566885902,618.1750458620229,1230.175045862023,75.32538929139263,75.32538929139263,80,0.25
S001,C,"[1,0,1,1]",3,17.0,0.075,0.9920253705213281,0.9396995715430697,0.047790353280985555,0.023552066236553017,2.0030673615819365,618.1750458620229,1296.175045862023,74.9616579802258,74.9616579802258,80,0.25
S001,C,"[1,0,1,2]",4,23.0,0.11,1.0247612944173796,0.9396995715430697,0.05109003244883266,0.023552066236553017,2.0391029646458354,618.1750458620229,1362.175045862023,74.51121294192706,74.51121294192706,80,0.25
S001,B,"[1,0,2,0]",3,19.0,0.068,0.5564975308366638,0.4362890867878538,0.04619550834985945,0.021901063023976337,1.0608831889983534,579.1061758262156,1209.1061758262156,73.47792027504116,73.47792027504116,30,0.073
S001,C,"[1,0,2,0]",3,19.0,0.068,1.002157272054549,0.9396995715430697,0.04889024633693459,0.023552066236553017,2.0142991561711066,618.1750458620229,1296.175045862023,74.82126054786117,74.82126054786117,80,0.25
S001,C,"[1,0,2,1]",4,25.0,0.103,1.0372708247028661,0.9396995715430697,0.052189925504781694,0.023552066236553017,2.0527123879872704,618.1750458620229,1362.175045862023,74.34109515015912,74.34109515015912,80,0.25
S001,C,"[1,0,2,2]",5,31.0,0.138,1.0799729013126,0.9396995715430697,0.0554896046726288,0.023552066236553017,2.0987141437648518,618.1750458620229,1428.175045862023,73.76607320293935,73.76607320293935,80,0.25
S001,C,"[1,0,3,0]",4,27.0,0.096,1.050619851205585,0.9396995715430697,0.05328981856073073,0.023552066236553017,2.0671613075459385,618.1750458620229,1362.175045862023,74.16048365567576,74.16048365567576,80,0.25
S001,C,"[1,0,3,1]",5,33.0,0.131,1.0960591995825957,0.9396995715430697,0.05658949772857783,0.023552066236553017,2.1159003350907963,618.1750458620229,1428.175045862023,73.55124581136505,73.55124581136505,80,0.25
S001,C,"[1,0,3,2]",6,39.0,0.166,1.150578313350895,0.9396995715430697,0.05988917689642494,0.023552066236553017,2.173719128026943,618.1750458620229,1494.175045862023,72.82851089966321,72.82851089966321,80,0.25
S001,A,"[1,1,0,0]",2,17.0,0.039,0.6191623629015822,0.5497242493526958,0.047845347933783006,0.023585760179666824,1.2403177203677278,680.9069627433815,1250.9069627433814,72.43738399182827,72.43738399182827,25,0.06
S001,B,"[1,1,0,0]",2,17.0,0.039,0.5338934706580267,0.4362890867878538,0.045095615293910415,0.021901063023976337,1.0371792357637672,579.1061758262156,1149.1061758262156,74.07051910590582,74.07051910590582,30,0.073
S001,C,"[1,1,0,0]",2,17.0,0.039,0.9920253705213281,0.9396995715430697,0.047790353280985555,0.023552066236553017,2.0030673615819365,618.1750458620229,1230.175045862023,74.9616579802258,74.9616579802258,80,0.25
S001,C,"[1,1,0,1]",3,23.0,0.074,1.0247612944173796,0.9396995715430697,0.05109003244883266,0.023552066236553017,2.0391029646458354,618.1750458620229,1296.175045862023,74.51121294192706,74.51121294192706,80,0.25
S001,C,"[1,1,0,2]",4,29.0,0.109,1.064841117757784,0.9396995715430697,0.05438971161667976,0.023552066236553017,2.0824824671540867,618.1750458620229,1362.175045862023,73.96896916057392,73.96896916057392,80,0.25
S001,B,"[1,1,1,0]",3,25.0,0.067,0.647337514901467,0.4362890867878538,0.04949518751770656,0.021901063023976337,1.1550228522310038,579.1061758262156,1209.1061758262156,71.1244286942249,71.1244286942249,30,0.073
S001,C,"[1,1,1,0]",3,25.0,0.067,1.0372708247028661,0.9396995715430697,0.052189925504781694,0.023552066236553017,2.0527123879872704,618.1750458620229,1296.175045862023,74.34109515015912,74.34109515015912,80,0.25
S001,C,"[1,1,1,1]",4,31.0,0.102,1.0799729013126,0.9396995715430697,0.0554896046726288,0.023552066236553017,2.0987141437648518,618.1750458620229,1362.175045862023,73.76607320293935,73.76607320293935,80,0.25
S001,C,"[1,1,1,2]",5,37.0,0.137,1.1313019144867862,0.9396995715430697,0.0587892838404759,0.023552066236553017,2.153342836106885,618.1750458620229,1428.175045862023,73.08321454866393,73.08321454866393,80,0.25
S001,C,"[1,1,2,0]",4,33.0,0.095,1.0960591995825957,0.9396995715430697,0.05658949772857783,0.023552066236553017,2.1159003350907963,618.1750458620229,1362.175045862023,73.55124581136505,73.55124581136505,80,0.25
S001,C,"[1,1,2,1]",5,39.0,0.13,1.150578313350895,0.9396995715430697,0.05988917689642494,0.023552066236553017,2.173719128026943,618.1750458620229,1428.175045862023,72.82851089966321,72.82851089966321,80,0.25
S001,C,"[1,1,2,2]",6,45.0,0.165,1.2159098655114058,0.9396995715430697,0.06318885606427203,0.023552066236553017,2.2423503593553007,618.1750458620229,1494.175045862023,71.97062050805873,71.97062050805873,80,0.25
S001,C,"[1,1,3,0]",5,41.0,0.123,1.171050413300554,0.9396995715430697,0.06098906995237397,0.023552066236553017,2.1952911210325508,618.1750458620229,1428.175045862023,72.55886098709313,72.55886098709313,80,0.25
S001,C,"[1,1,3,1]",6,47.0,0.158,1.240486113778195,0.9396995715430697,0.06428874912022108,0.023552066236553017,2.268026500678039,618.1750458620229,1494.175045862023,71.64966874152452,71.64966874152452,80,0.25
S001,C,"[1,1,3,2]",7,53.0,0.193,1.3241878574146915,0.9396995715430697,0.06758842828806819,0.023552066236553017,2.3550279234823828,618.1750458620229,1560.175045862023,70.56215095647022,70.56215095647022,80,0.25
S001,C,"[1,2,0,0]",3,31.0,0.066,1.0799729013126,0.9396995715430697,0.0554896046726288,0.023552066236553017,2.0987141437648518,618.1750458620229,1296.175045862023,73.76607320293935,73.76607320293935,80,0.25
S001,C,"[1,2,0,1]",4,37.0,0.101,1.1313019144867862,0.9396995715430697,0.0587892838404759,0.023552066236553017,2.153342836106885,618.1750458620229,1362.175045862023,73.08321454866393,73.08321454866393,80,0.25
S001,C,"[1,2,0,2]",5,43.0,0.136,1.1927978848229408,0.9396995715430697,0.062088963008323006,0.023552066236553017,2.218138485610887,618.1750458620229,1428.175045862023,72.27326892986392,72.27326892986392,80,0.25
S001,C,"[1,2,1,0]",4,39.0,0.094,1.150578313350895,0.9396995715430697,0.05988917689642494,0.023552066236553017,2.173719128026943,618.1750458620229,1362.175045862023,72.82851089966321,72.82851089966321,80,0.25
S001,C,"[1,2,1,1]",5,45.0,0.129,1.2159098655114058,0.9396995715430697,0.06318885606427203,0.023552066236553017,2.2423503593553007,618.1750458620229,1428.175045862023,71.97062050805873,71.97062050805873,80,0.25
S001,C,"[1,2,1,2]",6,51.0,0.164,1.294491999000509,0.9396995715430697,0.06648853523211913,0.023552066236553017,2.324232172012251,618.1750458620229,1494.175045862023,70.94709784984687,70.94709784984687,80,0.25
S001,C,"[1,2,2,0]",5,47.0,0.122,1.240486113778195,0.9396995715430697,0.06428874912022108,0.023552066236553017,2.268026500678039,618.1750458620229,1428.175045862023,71.64966874152452,71.64966874152452,80,0.25
S001,C,"[1,2,2,1]",6,53.0,0.157,1.3241878574146915,0.9396995715430697,0.06758842828806819,0.023552066236553017,2.3550279234823828,618.1750458620229,1494.175045862023,70.56215095647022,70.56215095647022,80,0.25
S001,C,"[1,2,2,2]",7,59.0,0.192,1.426021407454549,0.9396995715430697,0.07088810745591528,0.023552066236553017,2.460161152690087,618.1750458620229,1560.175045862023,69.2479855913739,69.2479855913739,80,0.25
S001,C,"[1,2,3,0]",6,55.0,0.15,1.3558846226663355,0.9396995715430697,0.06868832134401721,0.023552066236553017,2.3878245817899755,618.1750458620229,1494.175045862023,70.1521927276253,70.1521927276253,80,0.25
S001,C,"[1,2,3,1]",7,61.0,0.185,1.4648950363227047,0.9396995715430697,0.07198800051186433,0.023552066236553017,2.500134674614192,618.1750458620229,1560.175045862023,68.7483165673226,68.7483165673226,80,0.25
S001,C,"[1,2,3,2]",8,67.0,0.22,1.6000267032087323,0.9396995715430697,0.07528767967971142,0.023552066236553017,2.638566020668067,618.1750458620229,1626.175045862023,67.01792474164915,67.01792474164915,80,0.25
S001,C,"[1,3,0,0]",4,45.0,0.093,1.2159098655114058,0.9396995715430697,0.06318885606427203,0.023552066236553017,2.2423503593553007,618.1750458620229,1362.175045862023,71.97062050805873,71.97062050805873,80,0.25
S001,C,"[1,3,0,1]",5,51.0,0.128,1.294491999000509,0.9396995715430697,0.06648853523211913,0.023552066236553017,2.324232172012251,618.1750458620229,1428.175045862023,70.94709784984687,70.94709784984687,80,0.25
S001,C,"[1,3,0,2]",6,57.0,0.163,1.3897614852997164,0.9396995715430697,0.06978821439996626,0.023552066236553017,2.4228013374793056,618.1750458620229,1494.175045862023,69.71498328150868,69.71498328150868,80,0.25
S001,C,"[1,3,1,0]",5,53.0,0.121,1.3241878574146915,0.9396995715430697,0.06758842828806819,0.023552066236553017,2.3550279234823828,618.1750458620229,1428.175045862023,70.56215095647022,70.56215095647022,80,0.25
S001,C,"[1,3,1,1]",6,59.0,0.156,1.426021407454549,0.9396995715430697,0.07088810745591528,0.023552066236553017,2.460161152690087,618.1750458620229,1494.175045862023,69.2479855913739,69.2479855913739,80,0.25
S001,C,"[1,3,1,2]",7,65.0,0.191,1.5515738421484502,0.9396995715430697,0.07418778662376238,0.023552066236553017,2.5890132665518353,618.1750458620229,1560.175045862023,67.63733416810206,67.63733416810206,80,0.25
S001,C,"[1,3,2,0]",6,61.0,0.149,1.4648950363227047,0.9396995715430697,0.07198800051186433,0.023552066236553017,2.500134674614192,618.1750458620229,1494.175045862023,68.7483165673226,68.7483165673226,80,0.25
S001,C,"[1,3,2,1]",7,67.0,0.184,1.6000267032087323,0.9396995715430697,0.07528767967971142,0.023552066236553017,2.638566020668067,618.1750458620229,1560.175045862023,67.01792474164915,67.01792474164915,80,0.25
S001,C,"[1,3,2,2]",8,73.0,0.219,1.7708721448246276,0.9396995715430697,0.07858735884755852,0.023552066236553017,2.812711141451809,618.1750458620229,1626.175045862023,64.8411107318524,64.8411107318524,80,0.25
S001,C,"[1,3,3,0]",7,69.0,0.177,1.6524043566709685,0.9396995715430697,0.07638757273566045,0.023552066236553017,2.692043567186252,618.1750458620229,1560.175045862023,66.34945541017186,66.34945541017186,80,0.25
S001,C,"[1,3,3,1]",8,75.0,0.212,1.8381436497283563,0.9396995715430697,0.07968725190350755,0.023552066236553017,2.8810825394114867,618.1750458620229,1626.175045862023,63.98646825735641,63.98646825735641,80,0.25
S001,C,"[1,4,0,0]",5,59.0,0.12,1.426021407454549,0.9396995715430697,0.07088810745591528,0.023552066236553017,2.460161152690087,618.1750458620229,1428.175045862023,69.2479855913739,69.2479855913739,80,0.25
S001,C,"[1,4,0,1]",6,65.0,0.155,1.5515738421484502,0.9396995715430697,0.07418778662376238,0.023552066236553017,2.5890132665518353,618.1750458620229,1494.175045862023,67.63733416810206,67.63733416810206,80,0.25
S001,C,"[1,4,0,2]",7,71.0,0.19,1.7091717966109956,0.9396995715430697,0.07748746579160949,0.023552066236553017,2.7499109001822277,618.1750458620229,1560.175045862023,65.62611374772216,65.62611374772216,80,0.25
S001,C,"[1,4,1,0]",6,67.0,0.148,1.6000267032087323,0.9396995715430697,0.07528767967971142,0.023552066236553017,2.638566020668067,618.1750458620229,1494.175045862023,67.01792474164915,67.01792474164915,80,0.25
S001,C,"[1,4,1,1]",7,73.0,0.183,1.7708721448246276,0.9396995715430697,0.07858735884755852,0.023552066236553017,2.812711141451809,618.1750458620229,1560.175045862023,64.8411107318524,64.8411107318524,80,0.25
S001,C,"[1,4,1,2]",8,79.0,0.218,1.992564877253463,0.9396995715430697,0.08188703801540563,0.023552066236553017,3.0377035530484915,618.1750458620229,1626.175045862023,62.028705586893864,62.028705586893864,80,0.25
S001,C,"[1,4,2,0]",7,75.0,0.176,1.8381436497283563,0.9396995715430697,0.07968725190350755,0.023552066236553017,2.8810825394114867,618.1750458620229,1560.175045862023,63.98646825735641,63.98646825735641,80,0.25
S001,C,"[1,5,0,0]",6,73.0,0.147,1.7708721448246276,0.9396995715430697,0.07858735884755852,0.023552066236553017,2.812711141451809,618.1750458620229,1494.175045862023,64.8411107318524,64.8411107318524,80,0.25
S001,C,"[1,5,0,1]",7,79.0,0.182,1.992564877253463,0.9396995715430697,0.08188703801540563,0.023552066236553017,3.0377035530484915,618.1750458620229,1560.175045862023,62.028705586893864,62.028705586893864,80,0.25
S001,A,"[2,0,0,0]",2,6.0,0.024,0.5629623665603356,0.5497242493526958,0.04179593612606332,0.023585760179666824,1.1780683122187614,680.9069627433815,1250.9069627433814,73.82070417291642,73.82070417291642,25,0.06
S001,B,"[2,0,0,0]",2,6.0,0.024,0.4536798107333214,0.4362890867878538,0.03904620348619073,0.021901063023976337,0.9509161640313423,579.1061758262156,1149.1061758262156,76.22709589921645,76.22709589921645,30,0.073
S001,C,"[2,0,0,0]",2,6.0,0.024,0.9502086727084239,0.9396995715430697,0.04174094147326587,0.023552066236553017,1.9552012519613124,618.1750458620229,1230.175045862023,75.55998435048359,75.55998435048359,80,0.25
S001,A,"[2,0,0,1]",3,12.0,0.059,0.5888918913076464,0.5497242493526958,0.045095615293910415,0.023585760179666824,1.2072975161339194,680.9069627433815,1310.9069627433814,73.17116630813511,73.17116630813511,25,0.06
S001,B,"[2,0,0,1]",3,12.0,0.059,0.4893442549819508,0.4362890867878538,0.04234588265403783,0.021901063023976337,0.9898802874478188,579.1061758262156,1209.1061758262156,75.25299281380452,75.25299281380452,30,0.073
S001,C,"[2,0,0,1]",3,12.0,0.059,0.9700442919841075,0.9396995715430697,0.04504062064111297,0.023552066236553017,1.978336550404843,618.1750458620229,1296.175045862023,75.27079311993946,75.27079311993946,80,0.25
S001,C,"[2,0,0,2]",4,18.0,0.094,0.9969952062809702,0.9396995715430697,0.048340299808960076,0.023552066236553017,2.008587143869553,618.1750458620229,1362.175045862023,74.89266070163059,74.89266070163059,80,0.25
S001,A,"[2,0,1,0]",3,14.0,0.052,0.6000132337968099,0.5497242493526958,0.04619550834985945,0.023585760179666824,1.219518751679032,680.9069627433815,1310.9069627433814,72.8995832960215,72.8995832960215,25,0.06
S001,B,"[2,0,1,0]",3,14.0,0.052,0.505330357352305,0.4362890867878538,0.04344577570998687,0.021901063023976337,1.0069662828741222,579.1061758262156,1209.1061758262156,74.82584292814694,74.82584292814694,30,0.073
S001,C,"[2,0,1,0]",3,14.0,0.052,0.9782622374743847,0.9396995715430697,0.046140513697062006,0.023552066236553017,1.9876543889510694,618.1750458620229,1296.175045862023,75.15432013811163,75.15432013811163,80,0.25
S001,C,"[2,0,1,1]",4,20.0,0.087,1.007512942685353,0.9396995715430697,0.049440192864909104,0.023552066236553017,2.020204773329885,618.1750458620229,1362.175045862023,74.74744033337643,74.74744033337643,80,0.25
S001,C,"[2,0,1,2]",5,26.0,0.122,1.0438384828065939,0.9396995715430697,0.052739872032756215,0.023552066236553017,2.059829992618973,618.1750458620229,1428.175045862023,74.25212509226284,74.25212509226284,80,0.25
S001,C,"[2,0,2,0]",4,22.0,0.08,1.0188126051674669,0.9396995715430697,0.05054008592085814,0.023552066236553017,2.032604328867948,618.1750458620229,1362.175045862023,74.59244588915065,74.59244588915065,80,0.25
S001,C,"[2,0,2,1]",5,28.0,0.115,1.0576191934252293,0.9396995715430697,0.05383976508870525,0.023552066236553017,2.0747105962935573,618.1750458620229,1428.175045862023,74.06611754633053,74.06611754633053,80,0.25
S001,C,"[2,0,2,2]",6,34.0,0.15,1.104475679244991,0.9396995715430697,0.057139444256552346,0.023552066236553017,2.124866761281166,618.1750458620229,1494.175045862023,73.43916548398542,73.43916548398542,80,0.25
S001,C,"[2,0,3,0]",5,30.0,0.108,1.0722905821910493,0.9396995715430697,0.05493965814465428,0.023552066236553017,2.0904818781153267,618.1750458620229,1428.175045862023,73.86897652355842,73.86897652355842,80,0.25
S001,C,"[2,0,3,1]",6,36.0,0.143,1.1220895520774237,0.9396995715430697,0.05823933731250139,0.023552066236553017,2.143580527169548,618.1750458620229,1494.175045862023,73.20524341038065,73.20524341038065,80,0.25
S001,C,"[2,0,3,2]",7,42.0,0.178,1.1817593909664077,0.9396995715430697,0.061539016480348485,0.023552066236553017,2.206550045226379,618.1750458620229,1560.175045862023,72.41812443467026,72.41812443467026,80,0.25
S001,A,"[2,1,0,0]",3,20.0,0.051,0.6415329752739983,0.5497242493526958,0.04949518751770656,0.023585760179666824,1.2643381723240674,680.9069627433815,1310.9069627433814,71.90359617057628,71.90359617057628,25,0.06
S001,B,"[2,1,0,0]",3,20.0,0.051,0.5690366529457966,0.4362890867878538,0.04674545487783397,0.021901063023976337,1.0739722576354607,579.1061758262156,1209.1061758262156,73.15069355911348,73.15069355911348,30,0.073
S001,C,"[2,1,0,0]",3,20.0,0.051,1.007512942685353,0.9396995715430697,0.049440192864909104,0.023552066236553017,2.020204773329885,618.1750458620229,1296.175045862023,74.74744033337643,74.74744033337643,80,0.25
S001,C,"[2,1,0,1]",4,26.0,0.086,1.0438384828065939,0.9396995715430697,0.052739872032756215,0.023552066236553017,2.059829992618973,618.1750458620229,1362.175045862023,74.25212509226284,74.25212509226284,80,0.25
S001,C,"[2,1,0,2]",5,32.0,0.121,1.0878937551051633,0.9396995715430697,0.05603955120060331,0.023552066236553017,2.107184944085389,618.1750458620229,1428.175045862023,73.66018819893263,73.66018819893263,80,0.25
S001,C,"[2,1,1,0]",4,28.0,0.079,1.0576191934252293,0.9396995715430697,0.05383976508870525,0.023552066236553017,2.0747105962935573,618.1750458620229,1362.175045862023,74.06611754633053,74.06611754633053,80,0.25
S001,C,"[2,1,1,1]",5,34.0,0.114,1.104475679244991,0.9396995715430697,0.057139444256552346,0.023552066236553017,2.124866761281166,618.1750458620229,1428.175045862023,73.43916548398542,73.43916548398542,80,0.25
S001,C,"[2,1,1,2]",6,40.0,0.149,1.1606601309572726,0.9396995715430697,0.06043912342439946,0.023552066236553017,2.184350892161295,618.1750458620229,1494.175045862023,72.69561384798382,72.69561384798382,80,0.25
S001,C,"[2,1,2,0]",5,36.0,0.107,1.1220895520774237,0.9396995715430697,0.05823933731250139,0.023552066236553017,2.143580527169548,618.1750458620229,1428.175045862023,73.20524341038065,73.20524341038065,80,0.25
S001,C,"[2,1,2,1]",6,42.0,0.142,1.1817593909664077,0.9396995715430697,0.061539016480348485,0.023552066236553017,2.206550045226379,618.1750458620229,1494.175045862023,72.41812443467026,72.41812443467026,80,0.25
S001,C,"[2,1,2,2]",7,48.0,0.177,1.253357748136343,0.9396995715430697,0.0648386956481956,0.023552066236553017,2.2814480815641613,618.1750458620229,1560.175045862023,71.481898980448,71.481898980448,80,0.25
S001,C,"[2,1,3,0]",6,44.0,0.135,1.2041773404331806,0.9396995715430697,0.06263890953629753,0.023552066236553017,2.230067887749101,618.1750458620229,1494.175045862023,72.12415140313624,72.12415140313624,80,0.25
S001,C,"[2,1,3,1]",7,50.0,0.17,1.2803441007482654,0.9396995715430697,0.06593858870414462,0.023552066236553017,2.309534327232033,618.1750458620229,1560.175045862023,71.13082090959959,71.13082090959959,80,0.25
S001,C,"[2,1,3,2]",8,56.0,0.205,1.3725384561166583,0.9396995715430697,0.06923826787199173,0.023552066236553017,2.405028361768273,618.1750458620229,1626.175045862023,69.93714547789659,69.93714547789659,80,0.25
S001,C,"[2,2,0,0]",4,34.0,0.078,1.104475679244991,0.9396995715430697,0.057139444256552346,0.023552066236553017,2.124866761281166,618.1750458620229,1362.175045862023,73.43916548398542,73.43916548398542,80,0.25
S001,C,"[2,2,0,1]",5,40.0,0.113,1.1606601309572726,0.9396995715430697,0.06043912342439946,0.023552066236553017,2.184350892161295,618.1750458620229,1428.175045862023,72.69561384798382,72.69561384798382,80,0.25
S001,C,"[2,2,0,2]",6,46.0,0.148,1.2280082706754378,0.9396995715430697,0.06373880259224655,0.023552066236553017,2.2549987110473073,618.1750458620229,1494.175045862023,71.81251611190866,71.81251611190866,80,0.25
S001,C,"[2,2,1,0]",5,42.0,0.106,1.1817593909664077,0.9396995715430697,0.061539016480348485,0.023552066236553017,2.206550045226379,618.1750458620229,1428.175045862023,72.41812443467026,72.41812443467026,80,0.25
S001,C,"[2,2,1,1]",6,48.0,0.141,1.253357748136343,0.9396995715430697,0.0648386956481956,0.023552066236553017,2.2814480815641613,618.1750458620229,1494.175045862023,71.481898980448,71.481898980448,80,0.25
S001,C,"[2,2,1,2]",7,54.0,0.176,1.3397754434089344,0.9396995715430697,0.0681383748160427,0.023552066236553017,2.3711654560046003,618.1750458620229,1560.175045862023,70.36043179994249,70.36043179994249,80,0.25
S001,C,"[2,2,2,0]",6,50.0,0.134,1.2803441007482654,0.9396995715430697,0.06593858870414462,0.023552066236553017,2.309534327232033,618.1750458620229,1494.175045862023,71.13082090959959,71.13082090959959,80,0.25
S001,C,"[2,2,2,1]",7,56.0,0.169,1.3725384561166583,0.9396995715430697,0.06923826787199173,0.023552066236553017,2.405028361768273,618.1750458620229,1560.175045862023,69.93714547789659,69.93714547789659,80,0.25
S001,C,"[2,2,2,2]",8,62.0,0.204,1.4853927827407958,0.9396995715430697,0.07253794703983883,0.023552066236553017,2.5211823675602574,618.1750458620229,1626.175045862023,68.48522040549679,68.48522040549679,80,0.25
S001,C,"[2,2,3,0]",7,58.0,0.162,1.4075798483690272,0.9396995715430697,0.07033816092794076,0.023552066236553017,2.441169647076591,618.1750458620229,1560.175045862023,69.48537941154261,69.48537941154261,80,0.25
S001,C,"[2,2,3,1]",8,64.0,0.197,1.528691887658852,0.9396995715430697,0.07363784009578787,0.023552066236553017,2.5655813655342627,618.1750458620229,1626.175045862023,67.93023293082172,67.93023293082172,80,0.25
S001,C,"[2,2,3,2]",9,70.0,0.232,1.680207418948378,0.9396995715430697,0.07693751926363497,0.023552066236553017,2.7203965759916358,618.1750458620229,1692.175045862023,65.99504280010456,65.99504280010456,80,0.25
S001,C,"[2,3,0,0]",5,48.0,0.105,1.253357748136343,0.9396995715430697,0.0648386956481956,0.023552066236553017,2.2814480815641613,618.1750458620229,1428.175045862023,71.481898980448,71.481898980448,80,0.25
S001,C,"[2,3,0,1]",6,54.0,0.14,1.3397754434089344,0.9396995715430697,0.0681383748160427,0.023552066236553017,2.3711654560046003,618.1750458620229,1494.175045862023,70.36043179994249,70.36043179994249,80,0.25
S001,C,"[2,3,0,2]",7,60.0,0.175,1.445115888682281,0.9396995715430697,0.07143805398388979,0.023552066236553017,2.479805580445794,618.1750458620229,1560.175045862023,69.00243024442759,69.00243024442759,80,0.25
S001,C,"[2,3,1,0]",6,56.0,0.133,1.3725384561166583,0.9396995715430697,0.06923826787199173,0.023552066236553017,2.405028361768273,618.1750458620229,1494.175045862023,69.93714547789659,69.93714547789659,80,0.25
S001,C,"[2,3,1,1]",7,62.0,0.168,1.4853927827407958,0.9396995715430697,0.07253794703983883,0.023552066236553017,2.5211823675602574,618.1750458620229,1560.175045862023,68.48522040549679,68.48522040549679,80,0.25
S001,C,"[2,3,1,2]",8,68.0,0.203,1.6256975270680067,0.9396995715430697,0.07583762620768594,0.023552066236553017,2.664786791055316,618.1750458620229,1626.175045862023,66.69016511180855,66.69016511180855,80,0.25
S001,C,"[2,3,2,0]",7,64.0,0.161,1.528691887658852,0.9396995715430697,0.07363784009578787,0.023552066236553017,2.5655813655342627,618.1750458620229,1560.175045862023,67.93023293082172,67.93023293082172,80,0.25
S001,C,"[2,3,2,1]",8,70.0,0.196,1.680207418948378,0.9396995715430697,0.07693751926363497,0.023552066236553017,2.7203965759916358,618.1750458620229,1626.175045862023,65.99504280010456,65.99504280010456,80,0.25
S001,C,"[2,3,2,2]",9,76.0,0.231,1.874099259375722,0.9396995715430697,0.08023719843148208,0.023552066236553017,2.917588095586827,618.1750458620229,1692.175045862023,63.53014880516466,63.53014880516466,80,0.25
S001,C,"[2,3,3,0]",8,72.0,0.189,1.7393679239488213,0.9396995715430697,0.07803741231958401,0.023552066236553017,2.780656974048028,618.1750458620229,1626.175045862023,65.24178782439964,65.24178782439964,80,0.25
S001,C,"[2,3,3,1]",9,78.0,0.224,1.9511870756376157,0.9396995715430697,0.08133709148743111,0.023552066236553017,2.9957758049046697,618.1750458620229,1692.175045862023,62.552802438691636,62.552802438691636,80,0.25
S001,C,"[2,4,0,0]",6,62.0,0.132,1.4853927827407958,0.9396995715430697,0.07253794703983883,0.023552066236553017,2.5211823675602574,618.1750458620229,1494.175045862023,68.48522040549679,68.48522040549679,80,0.25
S001,C,"[2,4,0,1]",7,68.0,0.167,1.6256975270680067,0.9396995715430697,0.07583762620768594,0.023552066236553017,2.664786791055316,618.1750458620229,1560.175045862023,66.69016511180855,66.69016511180855,80,0.25
S001,C,"[2,4,0,2]",8,74.0,0.202,1.8037673421470786,0.9396995715430697,0.07913730537553304,0.023552066236553017,2.8461562853022344,618.1750458620229,1626.175045862023,64.42304643372208,64.42304643372208,80,0.25
S001,C,"[2,4,1,0]",7,70.0,0.16,1.680207418948378,0.9396995715430697,0.07693751926363497,0.023552066236553017,2.7203965759916358,618.1750458620229,1560.175045862023,65.99504280010456,65.99504280010456,80,0.25
S001,C,"[2,4,1,1]",8,76.0,0.195,1.874099259375722,0.9396995715430697,0.08023719843148208,0.023552066236553017,2.917588095586827,618.1750458620229,1626.175045862023,63.53014880516466,63.53014880516466,80,0.25
S001,C,"[2,4,2,0]",8,78.0,0.188,1.9511870756376157,0.9396995715430697,0.08133709148743111,0.023552066236553017,2.9957758049046697,618.1750458620229,1626.175045862023,62.552802438691636,62.552802438691636,80,0.25
S001,C,"[2,5,0,0]",7,76.0,0.159,1.874099259375722,0.9396995715430697,0.08023719843148208,0.023552066236553017,2.917588095586827,618.1750458620229,1560.175045862023,63.53014880516466,63.53014880516466,80,0.25
S002,A,"[0,0,0,1]",1,6.0,0.035,1.3662024764939742,1.3340760865476993,0.052117968515146045,0.02369107226175732,2.776087603818577,1433.7752084462202,1943.7752084462202,38.30916435958718,38.30916435958718,25,0.06
S002,B,"[0,0,0,1]",1,6.0,0.035,1.1009945207283265,1.0587905448791264,0.04868915479704433,0.02199885281448894,2.2304730732189864,1186.7240813077576,1696.7240813077576,44.23817316952534,44.23817316952534,30,0.073
S002,C,"[0,0,0,1]",1,6.0,0.035,2.305975530428584,2.28047194281658,0.05204939224078401,0.023657227872811954,4.66215409335876,1231.8421660245544,1777.8421660245544,41.7230738330155,41.7230738330155,80,0.25
S002,A,"[0,0,1,0]",1,8.0,0.028,1.3841890843320495,1.3340760865476993,0.053489494002386735,0.02369107226175732,2.795445737143893,1433.7752084462202,1943.7752084462202,37.878983619024595,37.878983619024595,25,0.06
S002,B,"[0,0,1,0]",1,8.0,0.028,1.1251961194602582,1.0587905448791264,0.05006068028428502,0.02199885281448894,2.2560461974381583,1186.7240813077576,1696.7240813077576,43.598845064046046,43.598845064046046,30,0.073
S002,C,"[0,0,1,0]",1,8.0,0.028,2.319975674143774,2.28047194281658,0.0534209177280247,0.023657227872811954,4.67752576256119,1231.8421660245544,1777.8421660245544,41.53092796798512,41.53092796798512,80,0.25
S002,B,"[0,0,1,1]",2,14.0,0.063,1.2263405631898698,1.0587905448791264,0.054175256746007074,0.02199885281448894,2.361305217629492,1186.7240813077576,1756.7240813077576,40.9673695592627,40.9673695592627,30,0.073
S002,C,"[0,0,1,1]",2,14.0,0.063,2.3740561907610216,2.28047194281658,0.05753549418974676,0.023657227872811954,4.73572085564016,1231.8421660245544,1843.8421660245544,40.803489304498,40.803489304498,80,0.25
S002,A,"[0,0,2,0]",2,16.0,0.056,1.4862701498971693,1.3340760865476993,0.05897559595134948,0.02369107226175732,2.9030129046579756,1433.7752084462202,2003.7752084462202,35.488602118711654,35.488602118711654,25,0.06
S002,B,"[0,0,2,0]",2,16.0,0.056,1.2709426001642194,1.0587905448791264,0.05554678223324776,0.02199885281448894,2.407278780091082,1186.7240813077576,1756.7240813077576,39.818030497722944,39.818030497722944,30,0.073
S002,C,"[0,0,2,0]",2,16.0,0.056,2.3958600717232086,2.28047194281658,0.05890701967698744,0.023657227872811954,4.758896262089588,1231.8421660245544,1843.8421660245544,40.51379672388015,40.51379672388015,80,0.25
S002,C,"[0,0,2,1]",3,22.0,0.091,2.472464212425988,2.28047194281658,0.06302159613870949,0.023657227872811954,4.839614979254089,1231.8421660245544,1909.8421660245544,39.50481275932389,39.50481275932389,80,0.25
S002,A,"[0,1,0,0]",1,14.0,0.027,1.4561178768501284,1.3340760865476993,0.057604070464108786,0.02369107226175732,2.871489106123694,1433.7752084462202,1943.7752084462202,36.18913097502903,36.18913097502903,25,0.06
S002,B,"[0,1,0,0]",1,14.0,0.027,1.2263405631898698,1.0587905448791264,0.054175256746007074,0.02199885281448894,2.361305217629492,1186.7240813077576,1696.7240813077576,40.9673695592627,40.9673695592627,30,0.073
S002,C,"[0,1,0,0]",1,14.0,0.027,2.3740561907610216,2.28047194281658,0.05753549418974676,0.023657227872811954,4.73572085564016,1231.8421660245544,1777.8421660245544,40.803489304498,40.803489304498,80,0.25
S002,B,"[0,1,0,1]",2,20.0,0.062,1.3809436130169268,1.0587905448791264,0.05828983320772913,0.02199885281448894,2.5200228439182712,1186.7240813077576,1756.7240813077576,36.99942890204322,36.99942890204322,30,0.073
S002,C,"[0,1,0,1]",2,20.0,0.062,2.445042083019838,2.28047194281658,0.06165007065146881,0.023657227872811954,4.810821324360699,1231.8421660245544,1843.8421660245544,39.86473344549126,39.86473344549126,80,0.25
S002,A,"[0,1,1,0]",2,22.0,0.055,1.5978923183468074,1.3340760865476993,0.06309017241307154,0.02369107226175732,3.018749649569336,1433.7752084462202,2003.7752084462202,32.91667445401476,32.91667445401476,25,0.06
S002,B,"[0,1,1,0]",2,22.0,0.055,1.4486877740297799,1.0587905448791264,0.059661358694969815,0.02199885281448894,2.589138530418365,1186.7240813077576,1756.7240813077576,35.27153673954088,35.27153673954088,30,0.073
S002,C,"[0,1,1,0]",2,22.0,0.055,2.472464212425988,2.28047194281658,0.06302159613870949,0.023657227872811954,4.839614979254089,1231.8421660245544,1843.8421660245544,39.50481275932389,39.50481275932389,80,0.25
S002,C,"[0,1,1,1]",3,28.0,0.09,2.566640413414291,2.28047194281658,0.06713617260043156,0.023657227872811954,4.937905756704114,1231.8421660245544,1909.8421660245544,38.27617804119857,38.27617804119857,80,0.25
S002,C,"[0,1,2,0]",3,30.0,0.083,2.602245080539622,2.28047194281658,0.06850769808767224,0.023657227872811954,4.9748819493166865,1231.8421660245544,1909.8421660245544,37.81397563354142,37.81397563354142,80,0.25
S002,C,"[0,1,2,1]",4,36.0,0.118,2.7230976988084166,2.28047194281658,0.0726222745493943,0.023657227872811954,5.099849144047203,1231.8421660245544,1975.8421660245544,36.25188569940996,36.25188569940996,80,0.25
S002,B,"[0,2,0,0]",2,28.0,0.054,1.7256419471509046,1.0587905448791264,0.06377593515669187,0.02199885281448894,2.8702072800012113,1186.7240813077576,1756.7240813077576,28.24481799996972,28.24481799996972,30,0.073
S002,C,"[0,2,0,0]",2,28.0,0.054,2.566640413414291,2.28047194281658,0.06713617260043156,0.023657227872811954,4.937905756704114,1231.8421660245544,1843.8421660245544,38.27617804119857,38.27617804119857,80,0.25
S002,C,"[0,2,0,1]",3,34.0,0.089,2.680352183097749,2.28047194281658,0.07125074906215362,0.023657227872811954,5.055732102849294,1231.8421660245544,1909.8421660245544,36.80334871438382,36.80334871438382,80,0.25
S002,C,"[0,2,1,0]",3,36.0,0.082,2.7230976988084166,2.28047194281658,0.0726222745493943,0.023657227872811954,5.099849144047203,1231.8421660245544,1909.8421660245544,36.25188569940996,36.25188569940996,80,0.25
S002,C,"[0,2,1,1]",4,42.0,0.117,2.867905036748633,2.28047194281658,0.07673685101111637,0.023657227872811954,5.248771058449141,1231.8421660245544,1975.8421660245544,34.390361769385734,34.390361769385734,80,0.25
S002,C,"[0,2,2,0]",4,44.0,0.11,2.922309131762219,2.28047194281658,0.07810837649835704,0.023657227872811954,5.3045466789499685,1231.8421660245544,1975.8421660245544,33.69316651312539,33.69316651312539,80,0.25
S002,C,"[0,2,2,1]",5,50.0,0.145,3.1071513570157245,2.28047194281658,0.08222295296007909,0.023657227872811954,5.493503480665195,1231.8421660245544,2041.8421660245544,31.33120649168506,31.33120649168506,80,0.25
S002,C,"[0,3,0,0]",3,42.0,0.081,2.867905036748633,2.28047194281658,0.07673685101111637,0.023657227872811954,5.248771058449141,1231.8421660245544,1909.8421660245544,34.390361769385734,34.390361769385734,80,0.25
S002,C,"[0,3,0,1]",4,48.0,0.116,3.0416606173856238,2.28047194281658,0.08085142747283841,0.023657227872811954,5.426641215547854,1231.8421660245544,1975.8421660245544,32.16698480565182,32.16698480565182,80,0.25
S002,C,"[0,3,1,0]",4,50.0,0.109,3.1071513570157245,2.28047194281658,0.08222295296007909,0.023657227872811954,5.493503480665195,1231.8421660245544,1975.8421660245544,31.33120649168506,31.33120649168506,80,0.25
S002,C,"[0,3,1,1]",5,56.0,0.144,3.330889503834752,2.28047194281658,0.08633752942180115,0.023657227872811954,5.721356203945945,1231.8421660245544,2041.8421660245544,28.48304745067569,28.48304745067569,80,0.25
S002,C,"[0,3,2,0]",5,58.0,0.137,3.4159282910053546,2.28047194281658,0.08770905490904184,0.023657227872811954,5.807766516603789,1231.8421660245544,2041.8421660245544,27.402918542452635,27.402918542452635,80,0.25
S002,C,"[0,3,2,1]",6,64.0,0.172,3.7098441508202233,2.28047194281658,0.0918236313707639,0.023657227872811954,6.10579695288038,1231.8421660245544,2107.8421660245544,23.677538088995252,23.677538088995252,80,0.25
S002,C,"[0,4,0,0]",4,56.0,0.108,3.330889503834752,2.28047194281658,0.08633752942180115,0.023657227872811954,5.721356203945945,1231.8421660245544,1975.8421660245544,28.48304745067569,28.48304745067569,80,0.25
S002,C,"[0,4,0,1]",5,62.0,0.143,3.6047654672654836,2.28047194281658,0.09045210588352322,0.023657227872811954,5.999346743838399,1231.8421660245544,2041.8421660245544,25.008165702020012,25.008165702020012,80,0.25
S002,C,"[0,4,1,0]",5,64.0,0.136,3.7098441508202233,2.28047194281658,0.0918236313707639,0.023657227872811954,6.10579695288038,1231.8421660245544,2041.8421660245544,23.677538088995252,23.677538088995252,80,0.25
S002,C,"[0,4,1,1]",6,70.0,0.171,4.077543496941373,2.28047194281658,0.09593820783248595,0.023657227872811954,6.477610875463251,1231.8421660245544,2107.8421660245544,19.029864056709368,19.029864056709368,80,0.25
S002,C,"[0,4,2,0]",6,72.0,0.164,4.221114778510471,2.28047194281658,0.09730973331972664,0.023657227872811954,6.62255368251959,1231.8421660245544,2107.8421660245544,17.218078968505125,17.218078968505125,80,0.25
S002,C,"[0,4,2,1]",7,78.0,0.199,4.735159529626297,2.28047194281658,0.10142430978144869,0.023657227872811954,7.140713010097138,1231.8421660245544,2173.8421660245544,10.741087373785774,10.741087373785774,80,0.25
S002,A,"[1,0,0,0]",1,3.0,0.012,1.3452603712472635,1.3340760865476993,0.05006068028428502,0.02369107226175732,2.7530882103410055,1433.7752084462202,1943.7752084462202,38.820261992422104,38.820261992422104,25,0.06
S002,B,"[1,0,0,0]",1,3.0,0.012,1.0733370727954037,1.0587905448791264,0.04663186656618331,0.02199885281448894,2.200758337055202,1186.7240813077576,1696.7240813077576,44.98104157361995,44.98104157361995,30,0.073
S002,C,"[1,0,0,0]",1,3.0,0.012,2.2894241029070734,2.28047194281658,0.04999210400992299,0.023657227872811954,4.643545377606388,1231.8421660245544,1777.8421660245544,41.955682779920146,41.955682779920146,80,0.25
S002,A,"[1,0,0,1]",2,9.0,0.047,1.3943102911242675,1.3340760865476993,0.054175256746007074,0.02369107226175732,2.8062527066797314,1433.7752084462202,2003.7752084462202,37.638828740450414,37.638828740450414,25,0.06
S002,B,"[1,0,0,1]",2,9.0,0.047,1.1390006466605642,1.0587905448791264,0.05074644302790536,0.02199885281448894,2.2705364873820844,1186.7240813077576,1756.7240813077576,43.23658781544789,43.23658781544789,30,0.073
S002,C,"[1,0,0,1]",2,9.0,0.047,2.3277678029694147,2.28047194281658,0.05410668047164505,0.023657227872811954,4.6860036541304515,1231.8421660245544,1843.8421660245544,41.424954323369356,41.424954323369356,80,0.25
S002,A,"[1,0,1,0]",2,11.0,0.04,1.4167770408126965,1.3340760865476993,0.05554678223324776,0.02369107226175732,2.8300909818554008,1433.7752084462202,2003.7752084462202,37.109089292102205,37.109089292102205,25,0.06
S002,B,"[1,0,1,0]",2,11.0,0.04,1.1701343584560777,1.0587905448791264,0.052117968515146045,0.02199885281448894,2.3030417246648387,1186.7240813077576,1756.7240813077576,42.423956883379034,42.423956883379034,30,0.073
S002,C,"[1,0,1,0]",2,11.0,0.04,2.3448478562070987,2.28047194281658,0.055478205958885723,0.023657227872811954,4.704455232855376,1231.8421660245544,1843.8421660245544,41.1943095893078,41.1943095893078,80,0.25
S002,C,"[1,0,1,1]",3,17.0,0.075,2.4074566941870974,2.28047194281658,0.05959278242060779,0.023657227872811954,4.771178647297098,1231.8421660245544,1909.8421660245544,40.36026690878628,40.36026690878628,80,0.25
S002,B,"[1,0,2,0]",3,19.0,0.068,1.3505135510871624,1.0587905448791264,0.057604070464108786,0.02199885281448894,2.4889070192448863,1186.7240813077576,1816.7240813077576,37.77732451887784,37.77732451887784,30,0.073
S002,C,"[1,0,2,0]",3,19.0,0.068,2.43204489011013,2.28047194281658,0.06096430790784847,0.023657227872811954,4.797138368707371,1231.8421660245544,1909.8421660245544,40.03577039115787,40.03577039115787,80,0.25
S002,C,"[1,0,2,1]",4,25.0,0.103,2.517258796822473,2.28047194281658,0.06507888436957053,0.023657227872811954,4.886466851881435,1231.8421660245544,1975.8421660245544,38.91916435148206,38.91916435148206,80,0.25
S002,A,"[1,1,0,0]",2,17.0,0.039,1.502589167223388,1.3340760865476993,0.059661358694969815,0.02369107226175732,2.9200176847278145,1433.7752084462202,2003.7752084462202,35.11071811715968,35.11071811715968,25,0.06
S002,B,"[1,1,0,0]",2,17.0,0.039,1.2956578008110684,1.0587905448791264,0.0562325449768681,0.02199885281448894,2.4326797434815517,1186.7240813077576,1756.7240813077576,39.183006412961205,39.183006412961205,30,0.073
S002,C,"[1,1,0,0]",2,17.0,0.039,2.4074566941870974,2.28047194281658,0.05959278242060779,0.023657227872811954,4.771178647297098,1231.8421660245544,1843.8421660245544,40.36026690878628,40.36026690878628,80,0.25
S002,C,"[1,1,0,1]",3,23.0,0.074,2.486900548614462,2.28047194281658,0.06370735888232985,0.023657227872811954,4.854737078186184,1231.8421660245544,1909.8421660245544,39.3157865226727,39.3157865226727,80,0.25
S002,B,"[1,1,1,0]",3,25.0,0.067,1.5709648966225414,1.0587905448791264,0.061718646925830845,0.02199885281448894,2.7134729412419873,1186.7240813077576,1816.7240813077576,32.16317646895032,32.16317646895032,30,0.073
S002,C,"[1,1,1,0]",3,25.0,0.067,2.517258796822473,2.28047194281658,0.06507888436957053,0.023657227872811954,4.886466851881435,1231.8421660245544,1909.8421660245544,38.91916435148206,38.91916435148206,80,0.25
S002,C,"[1,1,1,1]",4,31.0,0.102,2.620888606346164,2.28047194281658,0.06919346083129257,0.023657227872811954,4.994211237866849,1231.8421660245544,1975.8421660245544,37.57235952666439,37.57235952666439,80,0.25
S002,C,"[1,1,2,0]",4,33.0,0.095,2.659926989441588,2.28047194281658,0.07056498631853328,0.023657227872811954,5.034621146449513,1231.8421660245544,1975.8421660245544,37.067235669381084,37.067235669381084,80,0.25
S002,C,"[1,1,2,1]",5,39.0,0.13,2.7922344982038534,2.28047194281658,0.07467956278025532,0.023657227872811954,5.1710432316735,1231.8421660245544,2041.8421660245544,35.36195960408125,35.36195960408125,80,0.25
S002,C,"[1,2,0,0]",3,31.0,0.066,2.620888606346164,2.28047194281658,0.06919346083129257,0.023657227872811954,4.994211237866849,1231.8421660245544,1909.8421660245544,37.57235952666439,37.57235952666439,80,0.25
S002,C,"[1,2,0,1]",4,37.0,0.101,2.745454348356646,2.28047194281658,0.07330803729301463,0.023657227872811954,5.122891556339053,1231.8421660245544,1975.8421660245544,35.96385554576184,35.96385554576184,80,0.25
S002,C,"[1,2,1,0]",4,39.0,0.094,2.7922344982038534,2.28047194281658,0.07467956278025532,0.023657227872811954,5.1710432316735,1231.8421660245544,1975.8421660245544,35.36195960408125,35.36195960408125,80,0.25
S002,C,"[1,2,1,1]",5,45.0,0.129,2.950781736272775,2.28047194281658,0.07879413924197738,0.023657227872811954,5.333705046204144,1231.8421660245544,2041.8421660245544,33.328686922448206,33.328686922448206,80,0.25
S002,C,"[1,2,2,0]",5,47.0,0.122,3.0104236115373086,2.28047194281658,0.08016566472921807,0.023657227872811954,5.394718446955919,1231.8421660245544,2041.8421660245544,32.566019413051016,32.566019413051016,80,0.25
S002,C,"[1,2,2,1]",6,53.0,0.157,3.213551806662922,2.28047194281658,0.08428024119094013,0.023657227872811954,5.601961218543254,1231.8421660245544,2107.8421660245544,29.975484768209327,29.975484768209327,80,0.25
S002,C,"[1,3,0,0]",4,45.0,0.093,2.950781736272775,2.28047194281658,0.07879413924197738,0.023657227872811954,5.333705046204144,1231.8421660245544,1975.8421660245544,33.328686922448206,33.328686922448206,80,0.25
S002,C,"[1,3,0,1]",5,51.0,0.128,3.1414856123363744,2.28047194281658,0.08290871570369944,0.023657227872811954,5.528523498729466,1231.8421660245544,2041.8421660245544,30.89345626588168,30.89345626588168,80,0.25
S002,C,"[1,3,1,0]",5,53.0,0.121,3.213551806662922,2.28047194281658,0.08428024119094013,0.023657227872811954,5.601961218543254,1231.8421660245544,2041.8421660245544,29.975484768209327,29.975484768209327,80,0.25
S002,C,"[1,3,1,1]",6,59.0,0.156,3.460682443662111,2.28047194281658,0.08839481765266217,0.023657227872811954,5.853206432004165,1231.8421660245544,2107.8421660245544,26.834919599947938,26.834919599947938,80,0.25
S002,C,"[1,3,2,0]",6,61.0,0.149,3.5550213394474115,2.28047194281658,0.08976634313990287,0.023657227872811954,5.948916853276707,1231.8421660245544,2107.8421660245544,25.638539334041166,25.638539334041166,80,0.25
S002,C,"[1,3,2,1]",7,67.0,0.184,3.88296016612325,2.28047194281658,0.09388091960162492,0.023657227872811954,6.280970256414267,1231.8421660245544,2173.8421660245544,21.487871794821668,21.487871794821668,80,0.25
S002,C,"[1,4,0,0]",5,59.0,0.12,3.460682443662111,2.28047194281658,0.08839481765266217,0.023657227872811954,5.853206432004165,1231.8421660245544,2041.8421660245544,26.834919599947938,26.834919599947938,80,0.25
S002,C,"[1,4,0,1]",6,65.0,0.155,3.765374297678381,2.28047194281658,0.09250939411438423,0.023657227872811954,6.1620128624821575,1231.8421660245544,2107.8421660245544,22.97483921897303,22.97483921897303,80,0.25
S002,C,"[1,4,1,0]",6,67.0,0.148,3.88296016612325,2.28047194281658,0.09388091960162492,0.023657227872811954,6.280970256414267,1231.8421660245544,2107.8421660245544,21.487871794821668,21.487871794821668,80,0.25
S002,C,"[1,4,1,1]",7,73.0,0.183,4.297569524222015,2.28047194281658,0.09799549606334698,0.023657227872811954,6.699694190974754,1231.8421660245544,2173.8421660245544,16.253822612815572,16.253822612815572,80,0.25
S002,C,"[1,4,2,0]",7,75.0,0.176,4.46082465823478,2.28047194281658,0.09936702155058766,0.023657227872811954,6.86432085047476,1231.8421660245544,2173.8421660245544,14.195989369065497,14.195989369065497,80,0.25
S003,A,"[0,0,0,1]",1,6.0,0.035,1.3389749869634058,1.3074888541978689,0.12482259195624176,0.0591398869098263,2.8304263200273425,1692.7372306302605,2202.7372306302605,37.10163733272572,37.10163733272572,25,0.06
S003,B,"[0,0,0,1]",1,6.0,0.035,1.0790524460343374,1.0376895668237054,0.11661057932754162,0.05491560927341014,2.288268201458995,1450.6096650380623,1960.6096650380623,42.79329496352513,42.79329496352513,30,0.073
S003,C,"[0,0,0,1]",1,6.0,0.035,2.2600190007832737,2.235023682389519,0.12465835170366775,0.059055401357097984,4.6787564362335585,1560.1777110992603,2106.1777110992603,41.515544547080516,41.515544547080516,80,0.25
S003,A,"[0,0,1,0]",1,8.0,0.028,1.3566031338961413,1.3074888541978689,0.1281073970077218,0.0591398869098263,2.8513392720115585,1692.7372306302605,2202.7372306302605,36.63690506640981,36.63690506640981,25,0.06
S003,B,"[0,0,1,0]",1,8.0,0.028,1.1027717233040892,1.0376895668237054,0.11989538437902168,0.05491560927341014,2.3152722837802266,1450.6096650380623,1960.6096650380623,42.11819290549433,42.11819290549433,30,0.073
S003,C,"[0,0,1,0]",1,8.0,0.028,2.273740131121611,2.235023682389519,0.1279431567551478,0.059055401357097984,4.695762371623376,1560.1777110992603,2106.1777110992603,41.3029703547078,41.3029703547078,80,0.25
S003,B,"[0,0,1,1]",2,14.0,0.063,1.2019004268120972,1.0376895668237054,0.12974979953346183,0.05491560927341014,2.424255402442675,1450.6096650380623,2020.6096650380623,39.39361493893313,39.39361493893313,30,0.073
S003,C,"[0,0,1,1]",2,14.0,0.063,2.3267428596910853,2.235023682389519,0.13779757190958794,0.059055401357097984,4.7586195153472906,1560.1777110992603,2172.1777110992603,40.51725605815887,40.51725605815887,80,0.25
S003,A,"[0,0,2,0]",2,16.0,0.056,1.4566497930011908,1.3074888541978689,0.14124661721364198,0.0591398869098263,2.964525151322528,1692.7372306302605,2262.7372306302605,34.121663303943826,34.121663303943826,25,0.06
S003,B,"[0,0,2,0]",2,16.0,0.056,1.2456135754147337,1.0376895668237054,0.13303460458494187,0.05491560927341014,2.471253356096791,1450.6096650380623,2020.6096650380623,38.218666097580225,38.218666097580225,30,0.073
S003,C,"[0,0,2,0]",2,16.0,0.056,2.348112204081396,2.235023682389519,0.14108237696106798,0.059055401357097984,4.78327366478908,1560.1777110992603,2172.1777110992603,40.2090791901365,40.2090791901365,80,0.25
S003,C,"[0,0,2,1]",3,22.0,0.091,2.4231896761718223,2.235023682389519,0.15093679211550812,0.059055401357097984,4.868205552033947,1560.1777110992603,2238.1777110992603,39.147430599575664,39.147430599575664,80,0.25
S003,A,"[0,1,0,0]",1,14.0,0.027,1.4270984343228734,1.3074888541978689,0.13796181216216194,0.0591398869098263,2.9316889875927306,1692.7372306302605,2202.7372306302605,34.851355831272656,34.851355831272656,25,0.06
S003,B,"[0,1,0,0]",1,14.0,0.027,1.2019004268120972,1.0376895668237054,0.12974979953346183,0.05491560927341014,2.424255402442675,1450.6096650380623,1960.6096650380623,39.39361493893313,39.39361493893313,30,0.073
S003,C,"[0,1,0,0]",1,14.0,0.027,2.3267428596910853,2.235023682389519,0.13779757190958794,0.059055401357097984,4.7586195153472906,1560.1777110992603,2106.1777110992603,40.51725605815887,40.51725605815887,80,0.25
S003,B,"[0,1,0,1]",2,20.0,0.062,1.3534223426249905,1.0376895668237054,0.13960421468790196,0.05491560927341014,2.585631733410008,1450.6096650380623,2020.6096650380623,35.3592066647498,35.3592066647498,30,0.073
S003,C,"[0,1,0,1]",2,20.0,0.062,2.3963140512217525,2.235023682389519,0.1476519870640281,0.059055401357097984,4.838045122032398,1560.1777110992603,2172.1777110992603,39.52443597459503,39.52443597459503,80,0.25
S003,A,"[0,1,1,0]",2,22.0,0.055,1.5660474072759298,1.3074888541978689,0.15110103236808212,0.0591398869098263,3.0837771807517074,1692.7372306302605,2262.7372306302605,31.471618205517615,31.471618205517615,25,0.06
S003,B,"[0,1,1,0]",2,22.0,0.055,1.419816408416623,1.0376895668237054,0.142889019739382,0.05491560927341014,2.6553106042531205,1450.6096650380623,2020.6096650380623,33.61723489367199,33.61723489367199,30,0.073
S003,C,"[0,1,1,0]",2,22.0,0.055,2.4231896761718223,2.235023682389519,0.15093679211550812,0.059055401357097984,4.868205552033947,1560.1777110992603,2172.1777110992603,39.147430599575664,39.147430599575664,80,0.25
S003,C,"[0,1,1,1]",3,28.0,0.09,2.51548900929423,2.235023682389519,0.16079120726994828,0.059055401357097984,4.970359300310795,1560.1777110992603,2238.1777110992603,37.870508746115064,37.870508746115064,80,0.25
S003,C,"[0,1,2,0]",3,30.0,0.083,2.550384099531747,2.235023682389519,0.16407601232142832,0.059055401357097984,5.008539195599792,1560.1777110992603,2238.1777110992603,37.3932600550026,37.3932600550026,80,0.25
S003,C,"[0,1,2,1]",4,36.0,0.118,2.668828207015889,2.235023682389519,0.17393042747586843,0.059055401357097984,5.1368377182383735,1560.1777110992603,2304.1777110992603,35.78952852202033,35.78952852202033,80,0.25
S003,B,"[0,2,0,0]",2,28.0,0.054,1.6912510725492598,1.0376895668237054,0.15274343489382214,0.05491560927341014,2.9365996835401975,1450.6096650380623,2020.6096650380623,26.58500791149506,26.58500791149506,30,0.073
S003,C,"[0,2,0,0]",2,28.0,0.054,2.51548900929423,2.235023682389519,0.16079120726994828,0.059055401357097984,4.970359300310795,1560.1777110992603,2172.1777110992603,37.870508746115064,37.870508746115064,80,0.25
S003,C,"[0,2,0,1]",3,34.0,0.089,2.6269345804662465,2.235023682389519,0.1706456224243884,0.059055401357097984,5.091659286637251,1560.1777110992603,2238.1777110992603,36.354258917034365,36.354258917034365,80,0.25
S003,C,"[0,2,1,0]",3,36.0,0.082,2.668828207015889,2.235023682389519,0.17393042747586843,0.059055401357097984,5.1368377182383735,1560.1777110992603,2238.1777110992603,35.78952852202033,35.78952852202033,80,0.25
S003,C,"[0,2,1,1]",4,42.0,0.117,2.810749632841647,2.235023682389519,0.1837848426303086,0.059055401357097984,5.288613559218573,1560.1777110992603,2304.1777110992603,33.892330509767845,33.892330509767845,80,0.25
S003,C,"[0,2,2,0]",4,44.0,0.11,2.864069491109298,2.235023682389519,0.18706964768178863,0.059055401357097984,5.345218222537703,1560.1777110992603,2304.1777110992603,33.18477221827871,33.18477221827871,80,0.25
S003,C,"[0,2,2,1]",5,50.0,0.145,3.045227936074385,2.235023682389519,0.1969240628362288,0.059055401357097984,5.53623108265723,1560.1777110992603,2370.1777110992603,30.79711146678462,30.79711146678462,80,0.25
S003,C,"[0,3,0,0]",3,42.0,0.081,2.810749632841647,2.235023682389519,0.1837848426303086,0.059055401357097984,5.288613559218573,1560.1777110992603,2238.1777110992603,33.892330509767845,33.892330509767845,80,0.25
S003,C,"[0,3,0,1]",4,48.0,0.116,2.981042382504409,2.235023682389519,0.19363925778474875,0.059055401357097984,5.468760724035774,1560.1777110992603,2304.1777110992603,31.640490949552824,31.640490949552824,80,0.25
S003,C,"[0,3,1,0]",4,50.0,0.109,3.045227936074385,2.235023682389519,0.1969240628362288,0.059055401357097984,5.53623108265723,1560.1777110992603,2304.1777110992603,30.79711146678462,30.79711146678462,80,0.25
S003,C,"[0,3,1,1]",5,56.0,0.144,3.264507133246551,2.235023682389519,0.2067784779906689,0.059055401357097984,5.7653646949838375,1560.1777110992603,2370.1777110992603,27.93294131270203,27.93294131270203,80,0.25
S003,C,"[0,3,2,0]",5,58.0,0.137,3.347851155016551,2.235023682389519,0.21006328304214897,0.059055401357097984,5.8519935218053165,1560.1777110992603,2370.1777110992603,26.850080977433542,26.850080977433542,80,0.25
S003,C,"[0,3,2,1]",6,64.0,0.172,3.6359094709214466,2.235023682389519,0.2199176981965891,0.059055401357097984,6.149906252864652,1560.1777110992603,2436.1777110992603,23.126171839191844,23.126171839191844,80,0.25
S003,C,"[0,4,0,0]",4,56.0,0.108,3.264507133246551,2.235023682389519,0.2067784779906689,0.059055401357097984,5.7653646949838375,1560.1777110992603,2304.1777110992603,27.93294131270203,27.93294131270203,80,0.25
S003,C,"[0,4,0,1]",5,62.0,0.143,3.5329249343219336,2.235023682389519,0.21663289314510906,0.059055401357097984,6.0436369112136585,1560.1777110992603,2370.1777110992603,24.454538609829267,24.454538609829267,80,0.25
S003,C,"[0,4,1,0]",5,64.0,0.136,3.6359094709214466,2.235023682389519,0.2199176981965891,0.059055401357097984,6.149906252864652,1560.1777110992603,2370.1777110992603,23.126171839191844,23.126171839191844,80,0.25
S003,C,"[0,4,1,1]",6,70.0,0.171,3.996280818250937,2.235023682389519,0.22977211335102923,0.059055401357097984,6.520132015348583,1560.1777110992603,2436.1777110992603,18.498349808142713,18.498349808142713,80,0.25
S003,C,"[0,4,2,0]",6,72.0,0.164,4.136990821471422,2.235023682389519,0.23305691840250928,0.059055401357097984,6.664126823620548,1560.1777110992603,2436.1777110992603,16.698414704743147,16.698414704743147,80,0.25
S003,C,"[0,4,2,1]",7,78.0,0.199,4.640791009047027,2.235023682389519,0.24291133355694944,0.059055401357097984,7.1777814263505935,1560.1777110992603,2502.1777110992603,10.277732170617583,10.277732170617583,80,0.25
S003,A,"[1,0,0,0]",1,3.0,0.012,1.3184502436825556,1.3074888541978689,0.11989538437902168,0.0591398869098263,2.8049743691692726,1692.7372306302605,2202.7372306302605,37.66723624068283,37.66723624068283,25,0.06
S003,B,"[1,0,0,0]",1,3.0,0.012,1.0519461922962667,1.0376895668237054,0.11168337175032157,0.05491560927341014,2.2562347401437037,1450.6096650380623,1960.6096650380623,43.59413149640741,43.59413149640741,30,0.073
S003,C,"[1,0,0,0]",1,3.0,0.012,2.243797431995964,2.235023682389519,0.11973114412644768,0.059055401357097984,4.657607659869028,1560.1777110992603,2106.1777110992603,41.77990425163715,41.77990425163715,80,0.25
S003,A,"[1,0,0,1]",2,9.0,0.047,1.366522631895766,1.3074888541978689,0.12974979953346183,0.0591398869098263,2.8629011725369233,1692.7372306302605,2262.7372306302605,36.379973943623924,36.379973943623924,25,0.06
S003,B,"[1,0,0,1]",2,9.0,0.047,1.1163011356321213,1.0376895668237054,0.1215377869047617,0.05491560927341014,2.3304440986339987,1450.6096650380623,2020.6096650380623,41.738897534150034,41.738897534150034,30,0.073
S003,C,"[1,0,0,1]",2,9.0,0.047,2.2813769681002003,2.235023682389519,0.12958555928088783,0.059055401357097984,4.705041611127705,1560.1777110992603,2172.1777110992603,41.18697986090368,41.18697986090368,80,0.25
S003,A,"[1,0,1,0]",2,11.0,0.04,1.3885416344878072,1.3074888541978689,0.13303460458494187,0.0591398869098263,2.8882049801804444,1692.7372306302605,2262.7372306302605,35.81766710710124,35.81766710710124,25,0.06
S003,B,"[1,0,1,0]",2,11.0,0.04,1.1468143736497396,1.0376895668237054,0.12482259195624176,0.05491560927341014,2.364242141703097,1450.6096650380623,2020.6096650380623,40.89394645742257,40.89394645742257,30,0.073
S003,C,"[1,0,1,0]",2,11.0,0.04,2.2981166274513907,2.235023682389519,0.13287036433236787,0.059055401357097984,4.725066075530375,1560.1777110992603,2172.1777110992603,40.93667405587031,40.93667405587031,80,0.25
S003,C,"[1,0,1,1]",3,17.0,0.075,2.3594777137181913,2.235023682389519,0.142724779486808,0.059055401357097984,4.796281576951616,1560.1777110992603,2238.1777110992603,40.0464802881048,40.0464802881048,80,0.25
S003,B,"[1,0,2,0]",3,19.0,0.068,1.3235987312081352,1.0376895668237054,0.13796181216216194,0.05491560927341014,2.5541657194674126,1450.6096650380623,2080.6096650380623,36.14585701331469,36.14585701331469,30,0.073
S003,C,"[1,0,2,0]",3,19.0,0.068,2.383575883559008,2.235023682389519,0.14600958453828805,0.059055401357097984,4.823664551843913,1560.1777110992603,2238.1777110992603,39.70419310195109,39.70419310195109,80,0.25
S003,C,"[1,0,2,1]",4,25.0,0.103,2.4670915348569533,2.235023682389519,0.1558639996927282,0.059055401357097984,4.917034618296298,1560.1777110992603,2304.1777110992603,38.53706727129628,38.53706727129628,80,0.25
S003,A,"[1,1,0,0]",2,17.0,0.039,1.472643583370905,1.3074888541978689,0.142889019739382,0.0591398869098263,2.9821613442179826,1692.7372306302605,2262.7372306302605,33.72974790626705,33.72974790626705,25,0.06
S003,B,"[1,1,0,0]",2,17.0,0.039,1.2698362188612877,1.0376895668237054,0.13467700711068187,0.05491560927341014,2.497118402069085,1450.6096650380623,2020.6096650380623,37.572039948272874,37.572039948272874,30,0.073
S003,C,"[1,1,0,0]",2,17.0,0.039,2.3594777137181913,2.235023682389519,0.142724779486808,0.059055401357097984,4.796281576951616,1560.1777110992603,2172.1777110992603,40.0464802881048,40.0464802881048,80,0.25
S003,C,"[1,1,0,1]",3,23.0,0.074,2.4373383059630425,2.235023682389519,0.15257919464124817,0.059055401357097984,4.883996584350907,1560.1777110992603,2238.1777110992603,38.95004269561366,38.95004269561366,80,0.25
S003,B,"[1,1,1,0]",3,25.0,0.067,1.5396566308188897,1.0376895668237054,0.14781622731660207,0.05491560927341014,2.7800780342326075,1450.6096650380623,2080.6096650380623,30.49804914418481,30.49804914418481,30,0.073
S003,C,"[1,1,1,0]",3,25.0,0.067,2.4670915348569533,2.235023682389519,0.1558639996927282,0.059055401357097984,4.917034618296298,1560.1777110992603,2238.1777110992603,38.53706727129628,38.53706727129628,80,0.25
S003,C,"[1,1,1,1]",4,31.0,0.102,2.5686560725030074,2.235023682389519,0.16571841484716832,0.059055401357097984,5.028453571096792,1560.1777110992603,2304.1777110992603,37.1443303612901,37.1443303612901,80,0.25
S003,C,"[1,1,2,0]",4,33.0,0.095,2.606916447078238,2.235023682389519,0.1690032198986484,0.059055401357097984,5.069998750723503,1560.1777110992603,2304.1777110992603,36.625015615956215,36.625015615956215,80,0.25
S003,C,"[1,1,2,1]",5,39.0,0.13,2.736587156850881,2.235023682389519,0.17885763505308852,0.059055401357097984,5.209523875650586,1560.1777110992603,2370.1777110992603,34.88095155436768,34.88095155436768,80,0.25
S003,C,"[1,2,0,0]",3,31.0,0.066,2.5686560725030074,2.235023682389519,0.16571841484716832,0.059055401357097984,5.028453571096792,1560.1777110992603,2238.1777110992603,37.1443303612901,37.1443303612901,80,0.25
S003,C,"[1,2,0,1]",4,37.0,0.101,2.690739303688914,2.235023682389519,0.17557283000160848,0.059055401357097984,5.160391217437139,1560.1777110992603,2304.1777110992603,35.49510978203576,35.49510978203576,80,0.25
S003,C,"[1,2,1,0]",4,39.0,0.094,2.736587156850881,2.235023682389519,0.17885763505308852,0.059055401357097984,5.209523875650586,1560.1777110992603,2304.1777110992603,34.88095155436768,34.88095155436768,80,0.25
S003,C,"[1,2,1,1]",5,45.0,0.129,2.891974655906812,2.235023682389519,0.18871205020752865,0.059055401357097984,5.374765789860957,1560.1777110992603,2370.1777110992603,32.815427626738035,32.815427626738035,80,0.25
S003,C,"[1,2,2,0]",5,47.0,0.122,2.9504279090144627,2.235023682389519,0.1919968552590087,0.059055401357097984,5.436503848020089,1560.1777110992603,2370.1777110992603,32.04370189974889,32.04370189974889,80,0.25
S003,C,"[1,2,2,1]",6,53.0,0.157,3.1495078968638466,2.235023682389519,0.20185127041344886,0.059055401357097984,5.645438251023912,1560.1777110992603,2436.1777110992603,29.432021862201097,29.432021862201097,80,0.25
S003,C,"[1,3,0,0]",4,45.0,0.093,2.891974655906812,2.235023682389519,0.18871205020752865,0.059055401357097984,5.374765789860957,1560.1777110992603,2304.1777110992603,32.815427626738035,32.815427626738035,80,0.25
S003,C,"[1,3,0,1]",5,51.0,0.128,3.078877932953576,2.235023682389519,0.19856646536196879,0.059055401357097984,5.571523482062162,1560.1777110992603,2370.1777110992603,30.355956474222978,30.355956474222978,80,0.25
S003,C,"[1,3,1,0]",5,53.0,0.121,3.1495078968638466,2.235023682389519,0.20185127041344886,0.059055401357097984,5.645438251023912,1560.1777110992603,2370.1777110992603,29.432021862201097,29.432021862201097,80,0.25
S003,C,"[1,3,1,1]",6,59.0,0.156,3.3917133877391272,2.235023682389519,0.21170568556788896,0.059055401357097984,5.897498157053633,1560.1777110992603,2436.1777110992603,26.28127303682959,26.28127303682959,80,0.25
S003,C,"[1,3,2,0]",6,61.0,0.149,3.484172173261481,2.235023682389519,0.214990490619369,0.059055401357097984,5.993241747627467,1560.1777110992603,2436.1777110992603,25.084478154656665,25.084478154656665,80,0.25
S003,C,"[1,3,2,1]",7,67.0,0.184,3.8055754013539405,2.235023682389519,0.22484490577380917,0.059055401357097984,6.324499390874366,1560.1777110992603,2502.1777110992603,20.943757614070424,20.943757614070424,80,0.25
S003,C,"[1,4,0,0]",5,59.0,0.12,3.3917133877391272,2.235023682389519,0.21170568556788896,0.059055401357097984,5.897498157053633,1560.1777110992603,2370.1777110992603,26.28127303682959,26.28127303682959,80,0.25
S003,C,"[1,4,0,1]",6,65.0,0.155,3.6903329395834916,2.235023682389519,0.22156010072232912,0.059055401357097984,6.205972124052438,1560.1777110992603,2436.1777110992603,22.42534844934453,22.42534844934453,80,0.25
S003,C,"[1,4,1,0]",6,67.0,0.148,3.8055754013539405,2.235023682389519,0.22484490577380917,0.059055401357097984,6.324499390874366,1560.1777110992603,2436.1777110992603,20.943757614070424,20.943757614070424,80,0.25
S003,C,"[1,4,1,1]",7,73.0,0.183,4.211921875911549,2.235023682389519,0.2346993209282493,0.059055401357097984,6.740700280586415,1560.1777110992603,2502.1777110992603,15.741246492669813,15.741246492669813,80,0.25
S003,C,"[1,4,2,0]",7,75.0,0.176,4.371923445735534,2.235023682389519,0.23798412597972934,0.059055401357097984,6.90398665546188,1560.1777110992603,2502.1777110992603,13.7001668067265,13.7001668067265,80,0.25
S004,A,"[0,0,0,1]",1,6.0,0.035,1.422083125410726,1.3886426963315712,0.07779101139077975,0.04500670321608532,2.933523536349162,1608.797718228741,2118.797718228741,34.81058808112974,34.81058808112974,25,0.06
S004,B,"[0,0,0,1]",1,6.0,0.035,1.1460275881766993,1.1020973780409296,0.07267318169401793,0.04179193870065065,2.3625900866122973,1351.641663352524,1861.641663352524,40.93524783469257,40.93524783469257,30,0.073
S004,C,"[0,0,0,1]",1,6.0,0.035,2.4002949386009265,2.373748198857387,0.07768865479684453,0.044942407925776626,4.896674200180935,1425.0547187724458,1971.0547187724458,38.791572497738315,38.791572497738315,80,0.25
S004,A,"[0,0,1,0]",1,8.0,0.028,1.4408054245794026,1.3886426963315712,0.07983814326948449,0.04500670321608532,2.9542929673965435,1608.797718228741,2118.797718228741,34.349045168965695,34.349045168965695,25,0.06
S004,B,"[0,0,1,0]",1,8.0,0.028,1.171219084866827,1.1020973780409296,0.07472031357272266,0.04179193870065065,2.3898287151811295,1351.641663352524,1861.641663352524,40.254282120471764,40.254282120471764,30,0.073
S004,C,"[0,0,1,0]",1,8.0,0.028,2.4148677186048024,2.373748198857387,0.07973578667554926,0.044942407925776626,4.913294112063515,1425.0547187724458,1971.0547187724458,38.583823599206056,38.583823599206056,80,0.25
S004,B,"[0,0,1,1]",2,14.0,0.063,1.2765005560482106,1.1020973780409296,0.08086170920883685,0.04179193870065065,2.501251581998628,1351.641663352524,1921.641663352524,37.4687104500343,37.4687104500343,30,0.073
S004,C,"[0,0,1,1]",2,14.0,0.063,2.4711602458239343,2.373748198857387,0.08587718231166346,0.044942407925776626,4.975728034918761,1425.0547187724458,2037.0547187724458,37.803399563515484,37.803399563515484,80,0.25
S004,A,"[0,1,0,0]",1,14.0,0.027,1.515676260953253,1.3886426963315712,0.08597953890559867,0.04500670321608532,3.0353051994065083,1608.797718228741,2118.797718228741,32.54877334652204,32.54877334652204,25,0.06
S004,B,"[0,1,0,0]",1,14.0,0.027,1.2765005560482106,1.1020973780409296,0.08086170920883685,0.04179193870065065,2.501251581998628,1351.641663352524,1861.641663352524,37.4687104500343,37.4687104500343,30,0.073
S004,C,"[0,1,0,0]",1,14.0,0.027,2.4711602458239343,2.373748198857387,0.08587718231166346,0.044942407925776626,4.975728034918761,1425.0547187724458,1971.0547187724458,37.803399563515484,37.803399563515484,80,0.25
S004,B,"[0,1,0,1]",2,20.0,0.062,1.4374272064377664,1.1020973780409296,0.08700310484495104,0.04179193870065065,2.6683196280242973,1351.641663352524,1921.641663352524,33.29200929939257,33.29200929939257,30,0.073
S004,C,"[0,1,0,1]",2,20.0,0.062,2.5450496152697757,2.373748198857387,0.09201857794777764,0.044942407925776626,5.055758800000717,1425.0547187724458,2037.0547187724458,36.803014999991035,36.803014999991035,80,0.25
S004,A,"[0,1,1,0]",2,22.0,0.055,1.6632495850657616,1.3886426963315712,0.0941680664204176,0.04500670321608532,3.1910670510338353,1608.797718228741,2178.797718228741,29.08739886591477,29.08739886591477,25,0.06
S004,B,"[0,1,1,0]",2,22.0,0.055,1.5079422507880835,1.1020973780409296,0.08905023672365578,0.04179193870065065,2.7408818042533194,1351.641663352524,1921.641663352524,31.477954893667015,31.477954893667015,30,0.073
S004,C,"[0,1,1,0]",2,22.0,0.055,2.5735933693342465,2.373748198857387,0.09406570982648237,0.044942407925776626,5.086349685943893,1425.0547187724458,2037.0547187724458,36.42062892570134,36.42062892570134,80,0.25
S004,C,"[0,1,1,1]",3,28.0,0.09,2.671621581509973,2.373748198857387,0.10020710546259655,0.044942407925776626,5.190519293755733,1425.0547187724458,2103.054718772446,35.11850882805334,35.11850882805334,80,0.25
S004,B,"[0,2,0,0]",2,28.0,0.054,1.7962244511822427,1.1020973780409296,0.09519163235976996,0.04179193870065065,3.0353054002835926,1351.641663352524,1921.641663352524,24.117364992910183,24.117364992910183,30,0.073
S004,C,"[0,2,0,0]",2,28.0,0.054,2.671621581509973,2.373748198857387,0.10020710546259655,0.044942407925776626,5.190519293755733,1425.0547187724458,2037.0547187724458,35.11850882805334,35.11850882805334,80,0.25
S004,C,"[0,2,0,1]",3,34.0,0.089,2.7899844095751223,2.373748198857387,0.10634850109871076,0.044942407925776626,5.315023517456996,1425.0547187724458,2103.054718772446,33.56220603178755,33.56220603178755,80,0.25
S004,C,"[0,2,1,0]",3,36.0,0.082,2.8344783097290116,2.373748198857387,0.10839563297741549,0.044942407925776626,5.36156454948959,1425.0547187724458,2103.054718772446,32.98044313138012,32.98044313138012,80,0.25
S004,C,"[0,2,1,1]",4,42.0,0.117,2.985208582337574,2.373748198857387,0.11453702861352967,0.044942407925776626,5.5184362177342665,1425.0547187724458,2169.054718772446,31.019547278321667,31.019547278321667,80,0.25
S004,C,"[0,3,0,0]",3,42.0,0.081,2.985208582337574,2.373748198857387,0.11453702861352967,0.044942407925776626,5.5184362177342665,1425.0547187724458,2103.054718772446,31.019547278321667,31.019547278321667,80,0.25
S004,C,"[0,3,0,1]",4,48.0,0.116,3.166071143649801,2.373748198857387,0.12067842424964385,0.044942407925776626,5.705440174682609,1425.0547187724458,2169.054718772446,28.681997816467387,28.681997816467387,80,0.25
S004,C,"[0,3,1,0]",4,50.0,0.109,3.2342405967879895,2.373748198857387,0.1227255561283486,0.044942407925776626,5.775656759699501,1425.0547187724458,2169.054718772446,27.804290503756235,27.804290503756235,80,0.25
S004,C,"[0,3,1,1]",5,56.0,0.144,3.46713011980988,2.373748198857387,0.12886695176446278,0.044942407925776626,6.0146876783575065,1425.0547187724458,2235.054718772446,24.81640402053117,24.81640402053117,80,0.25
S004,A,"[1,0,0,0]",1,3.0,0.012,1.400284442569549,1.3886426963315712,0.07472031357272266,0.04500670321608532,2.908654155689928,1608.797718228741,2118.797718228741,35.363240984668266,35.363240984668266,25,0.06
S004,B,"[1,0,0,0]",1,3.0,0.012,1.1172388905465582,1.1020973780409296,0.06960248387596084,0.04179193870065065,2.330730691164099,1351.641663352524,1861.641663352524,41.73173272089753,41.73173272089753,30,0.073
S004,C,"[1,0,0,0]",1,3.0,0.012,2.383066521741222,2.373748198857387,0.07461795697878743,0.044942407925776626,4.876375085503173,1425.0547187724458,1971.0547187724458,39.04531143121034,39.04531143121034,80,0.25
S004,A,"[1,0,0,1]",2,9.0,0.047,1.4513406107144349,1.3886426963315712,0.08086170920883685,0.04500670321608532,2.9658517194709284,1608.797718228741,2178.797718228741,34.09218401175714,34.09218401175714,25,0.06
S004,B,"[1,0,0,1]",2,9.0,0.047,1.1855882472154469,1.1020973780409296,0.07574387951207502,0.04179193870065065,2.4052214434691015,1351.641663352524,1921.641663352524,39.86946391327246,39.86946391327246,30,0.073
S004,C,"[1,0,0,1]",2,9.0,0.047,2.4229785624252638,2.373748198857387,0.08075935261490162,0.044942407925776626,4.922428521823329,1425.0547187724458,2037.0547187724458,38.46964347720839,38.46964347720839,80,0.25
S004,A,"[1,0,1,0]",2,11.0,0.04,1.4747262992667878,1.3886426963315712,0.08290884108754158,0.04500670321608532,2.9912845399019856,1608.797718228741,2178.797718228741,33.52701022440032,33.52701022440032,25,0.06
S004,B,"[1,0,1,0]",2,11.0,0.04,1.2179953954512053,1.1020973780409296,0.07779101139077975,0.04179193870065065,2.4396757235835653,1351.641663352524,1921.641663352524,39.008106910410866,39.008106910410866,30,0.073
S004,C,"[1,0,1,0]",2,11.0,0.04,2.4407572269411997,2.373748198857387,0.08280648449360635,0.044942407925776626,4.9422543182179695,1425.0547187724458,2037.0547187724458,38.22182102227538,38.22182102227538,80,0.25
S004,C,"[1,0,1,1]",3,17.0,0.075,2.5059269023918085,2.373748198857387,0.08894788012972055,0.044942407925776626,5.013565389304692,1425.0547187724458,2103.054718772446,37.330432633691345,37.330432633691345,80,0.25
S004,A,"[1,1,0,0]",2,17.0,0.039,1.5640483280464617,1.3886426963315712,0.08905023672365578,0.04500670321608532,3.0867479643177735,1608.797718228741,2178.797718228741,31.405600792938372,31.405600792938372,25,0.06
S004,B,"[1,1,0,0]",2,17.0,0.039,1.3486530192571489,1.1020973780409296,0.08393240702689395,0.04179193870065065,2.5764747430256225,1351.641663352524,1921.641663352524,35.58813142435944,35.58813142435944,30,0.073
S004,C,"[1,1,0,0]",2,17.0,0.039,2.5059269023918085,2.373748198857387,0.08894788012972055,0.044942407925776626,5.013565389304692,1425.0547187724458,2037.0547187724458,37.330432633691345,37.330432633691345,80,0.25
S004,C,"[1,1,0,1]",3,23.0,0.074,2.588620183031049,2.373748198857387,0.09508927576583473,0.044942407925776626,5.102400065580047,1425.0547187724458,2103.054718772446,36.21999918024941,36.21999918024941,80,0.25
S004,B,"[1,1,1,0]",3,25.0,0.067,1.6352207733019548,1.1020973780409296,0.09212093454171287,0.04179193870065065,2.8712310245852475,1351.641663352524,1981.641663352524,28.21922438536881,28.21922438536881,30,0.073
S004,C,"[1,1,1,0]",3,25.0,0.067,2.620220149534135,2.373748198857387,0.09713640764453947,0.044942407925776626,5.136047163961838,1425.0547187724458,2103.054718772446,35.79941045047702,35.79941045047702,80,0.25
S004,C,"[1,1,1,1]",4,31.0,0.102,2.7280886433692206,2.373748198857387,0.10327780328065365,0.044942407925776626,5.2500570534330375,1425.0547187724458,2169.054718772446,34.37428683208703,34.37428683208703,80,0.25
S004,C,"[1,2,0,0]",3,31.0,0.066,2.7280886433692206,2.373748198857387,0.10327780328065365,0.044942407925776626,5.2500570534330375,1425.0547187724458,2103.054718772446,34.37428683208703,34.37428683208703,80,0.25
S004,C,"[1,2,0,1]",4,37.0,0.101,2.857749394806274,2.373748198857387,0.10941919891676785,0.044942407925776626,5.385859200506205,1425.0547187724458,2169.054718772446,32.676759993672434,32.676759993672434,80,0.25
S004,C,"[1,2,1,0]",4,39.0,0.094,2.9064429543968116,2.373748198857387,0.11146633079547258,0.044942407925776626,5.436599891975448,1425.0547187724458,2169.054718772446,32.04250135030689,32.04250135030689,80,0.25
S004,C,"[1,2,1,1]",5,45.0,0.129,3.0714751188947838,2.373748198857387,0.11760772643158678,0.044942407925776626,5.607773452109534,1425.0547187724458,2235.054718772446,29.90283184863083,29.90283184863083,80,0.25
S004,C,"[1,3,0,0]",4,45.0,0.093,3.0714751188947838,2.373748198857387,0.11760772643158678,0.044942407925776626,5.607773452109534,1425.0547187724458,2169.054718772446,29.90283184863083,29.90283184863083,80,0.25
S004,C,"[1,3,0,1]",5,51.0,0.128,3.269979197731197,2.373748198857387,0.12374912206770096,0.044942407925776626,5.812418926582062,1425.0547187724458,2235.054718772446,27.344763417724227,27.344763417724227,80,0.25
S004,C,"[1,3,1,0]",5,53.0,0.121,3.344993055945943,2.373748198857387,0.12579625394640567,0.044942407925776626,5.889479916675512,1425.0547187724458,2235.054718772446,26.3815010415561,26.3815010415561,80,0.25
S004,C,"[1,3,1,1]",6,59.0,0.156,3.6022318728088987,2.373748198857387,0.13193764958251988,0.044942407925776626,6.152860129174582,1425.0547187724458,2301.054718772446,23.089248385317727,23.089248385317727,80,0.25
S005,A,"[0,0,0,1]",1,6.0,0.035,0.9733963197288823,0.9505068064408299,0.05713746078933151,0.03480287090956134,2.015843457868605,1122.1881982380369,1632.1881982380369,55.20347871403099,55.20347871403099,25,0.06
S005,B,"[0,0,0,1]",1,6.0,0.035,0.7844401052974849,0.7543704813022459,0.053378417316349173,0.03231695155887839,1.6245059554749584,946.1684192675128,1456.168419267513,59.387351113126044,59.387351113126044,30,0.073
S005,C,"[0,0,0,1]",1,6.0,0.035,1.6429688375798674,1.6247979597279143,0.05706227991987187,0.03475315252254769,3.359582229750201,1001.1887154914712,1547.1887154914712,58.00522212812249,58.00522212812249,80,0.25
S005,A,"[0,0,1,0]",1,8.0,0.028,0.9862114757362989,0.9505068064408299,0.058641078178524444,0.03480287090956134,2.0301622312652143,1122.1881982380369,1632.1881982380369,54.88528374966191,54.88528374966191,25,0.06
S005,B,"[0,0,1,0]",1,8.0,0.028,0.8016833379387204,0.7543704813022459,0.05488203470554211,0.03231695155887839,1.6432528055053868,946.1684192675128,1456.168419267513,58.91867986236533,58.91867986236533,30,0.073
S005,C,"[0,0,1,0]",1,8.0,0.028,1.65294370485065,1.6247979597279143,0.0585658973090648,0.03475315252254769,3.3710607144101767,1001.1887154914712,1547.1887154914712,57.861741069872785,57.861741069872785,80,0.25
S005,B,"[0,0,1,1]",2,14.0,0.063,0.8737470554193724,0.7543704813022459,0.05939288687312091,0.03231695155887839,1.7198273751536175,946.1684192675128,1516.168419267513,57.00431562115956,57.00431562115956,30,0.073
S005,C,"[0,0,1,1]",2,14.0,0.063,1.6914751646818147,1.6247979597279143,0.06307674947664361,0.03475315252254769,3.4141030264089203,1001.1887154914712,1613.1887154914712,57.323712169888495,57.323712169888495,80,0.25
S005,A,"[0,1,0,0]",1,14.0,0.027,1.0374595323928184,0.9505068064408299,0.06315193034610325,0.03480287090956134,2.085921140089313,1122.1881982380369,1632.1881982380369,53.64619688690415,53.64619688690415,25,0.06
S005,B,"[0,1,0,0]",1,14.0,0.027,0.8737470554193724,0.7543704813022459,0.05939288687312091,0.03231695155887839,1.7198273751536175,946.1684192675128,1456.168419267513,57.00431562115956,57.00431562115956,30,0.073
S005,C,"[0,1,0,0]",1,14.0,0.027,1.6914751646818147,1.6247979597279143,0.06307674947664361,0.03475315252254769,3.4141030264089203,1001.1887154914712,1547.1887154914712,57.323712169888495,57.323712169888495,80,0.25
S005,B,"[0,1,0,1]",2,20.0,0.062,0.9838991319305453,0.7543704813022459,0.06390373904069971,0.03231695155887839,1.8344903038323694,946.1684192675128,1516.168419267513,54.13774240419076,54.13774240419076,30,0.073
S005,C,"[0,1,0,1]",2,20.0,0.062,1.742051420739207,1.6247979597279143,0.06758760164422241,0.03475315252254769,3.4691901346338914,1001.1887154914712,1613.1887154914712,56.63512331707636,56.63512331707636,80,0.25
S005,A,"[0,1,1,0]",2,22.0,0.055,1.1384714409194632,0.9505068064408299,0.06916639990287499,0.03480287090956134,2.1929475181727294,1122.1881982380369,1692.1881982380369,51.26783292949491,51.26783292949491,25,0.06
S005,B,"[0,1,1,0]",2,22.0,0.055,1.0321657089186473,0.7543704813022459,0.06540735642989265,0.03231695155887839,1.8842604982096642,946.1684192675128,1516.168419267513,52.8934875447584,52.8934875447584,30,0.073
S005,C,"[0,1,1,0]",2,22.0,0.055,1.7615892273984188,1.6247979597279143,0.06909121903341534,0.03475315252254769,3.490231558682296,1001.1887154914712,1613.1887154914712,56.372105516471294,56.372105516471294,80,0.25
S005,C,"[0,1,1,1]",3,28.0,0.09,1.8286881889544777,1.6247979597279143,0.07360207120099414,0.03475315252254769,3.561841372405934,1001.1887154914712,1679.1887154914712,55.47698284492583,55.47698284492583,80,0.25
S005,B,"[0,2,0,0]",2,28.0,0.054,1.229490905943239,0.7543704813022459,0.06991820859747146,0.03231695155887839,2.0860965474018354,946.1684192675128,1516.168419267513,47.847586314954114,47.847586314954114,30,0.073
S005,C,"[0,2,0,0]",2,28.0,0.054,1.8286881889544777,1.6247979597279143,0.07360207120099414,0.03475315252254769,3.561841372405934,1001.1887154914712,1613.1887154914712,55.47698284492583,55.47698284492583,80,0.25
S005,C,"[0,2,0,1]",3,34.0,0.089,1.9097059151145026,1.6247979597279143,0.07811292336857295,0.03475315252254769,3.647369950733538,1001.1887154914712,1679.1887154914712,54.40787561583078,54.40787561583078,80,0.25
S005,C,"[0,2,1,0]",3,36.0,0.082,1.940161377166112,1.6247979597279143,0.07961654075776588,0.03475315252254769,3.67932903017434,1001.1887154914712,1679.1887154914712,54.00838712282074,54.00838712282074,80,0.25
S005,C,"[0,2,1,1]",4,42.0,0.117,2.0433341734726076,1.6247979597279143,0.08412739292534469,0.03475315252254769,3.787012678648414,1001.1887154914712,1745.1887154914712,52.66234151689482,52.66234151689482,80,0.25
S005,C,"[0,3,0,0]",3,42.0,0.081,2.0433341734726076,1.6247979597279143,0.08412739292534469,0.03475315252254769,3.787012678648414,1001.1887154914712,1679.1887154914712,52.66234151689482,52.66234151689482,80,0.25
S005,C,"[0,3,0,1]",4,48.0,0.116,2.1671321065274802,1.6247979597279143,0.08863824509292349,0.03475315252254769,3.9153214638708658,1001.1887154914712,1745.1887154914712,51.05848170161418,51.05848170161418,80,0.25
S005,C,"[0,3,1,0]",4,50.0,0.109,2.2137931586255974,1.6247979597279143,0.09014186248211642,0.03475315252254769,3.963486133358176,1001.1887154914712,1745.1887154914712,50.456423333022805,50.456423333022805,80,0.25
S005,C,"[0,3,1,1]",5,56.0,0.144,2.3732028306498325,1.6247979597279143,0.09465271464969523,0.03475315252254769,4.127406657549989,1001.1887154914712,1811.1887154914712,48.407416780625134,48.407416780625134,80,0.25
S005,A,"[1,0,0,0]",1,3.0,0.012,0.9584754214540995,0.9505068064408299,0.05488203470554211,0.03480287090956134,1.9986671335100328,1122.1881982380369,1632.1881982380369,55.58517481088816,55.58517481088816,25,0.06
S005,B,"[1,0,0,0]",1,3.0,0.012,0.7647346381400193,0.7543704813022459,0.05112299123255978,0.03231695155887839,1.6025450622337032,946.1684192675128,1456.168419267513,59.93637344415742,59.93637344415742,30,0.073
S005,C,"[1,0,0,0]",1,3.0,0.012,1.6311762234447775,1.6247979597279143,0.05480685383608247,0.03475315252254769,3.345534189531322,1001.1887154914712,1547.1887154914712,58.18082263085847,58.18082263085847,80,0.25
S005,A,"[1,0,0,1]",2,9.0,0.047,0.9934226655945128,0.9505068064408299,0.05939288687312091,0.03480287090956134,2.038125229818025,1122.1881982380369,1692.1881982380369,54.70832822626611,54.70832822626611,25,0.06
S005,B,"[1,0,0,1]",2,9.0,0.047,0.8115188317279416,0.7543704813022459,0.05563384340013858,0.03231695155887839,1.6538401079892044,946.1684192675128,1516.168419267513,58.653997300269886,58.653997300269886,30,0.073
S005,C,"[1,0,0,1]",2,9.0,0.047,1.658495465773523,1.6247979597279143,0.059317706003661264,0.03475315252254769,3.3773642840276463,1001.1887154914712,1613.1887154914712,57.782946449654425,57.782946449654425,80,0.25
S005,A,"[1,0,1,0]",2,11.0,0.04,1.0094298474282832,0.9505068064408299,0.06089650426231385,0.03480287090956134,2.055636029040988,1122.1881982380369,1692.1881982380369,54.31919935464471,54.31919935464471,25,0.06
S005,B,"[1,0,1,0]",2,11.0,0.04,0.8337010785051718,0.7543704813022459,0.05713746078933151,0.03231695155887839,1.6775259721556277,946.1684192675128,1516.168419267513,58.06185069610931,58.06185069610931,30,0.073
S005,C,"[1,0,1,0]",2,11.0,0.04,1.6706647168533488,1.6247979597279143,0.060821323392854204,0.03475315252254769,3.391037152496665,1001.1887154914712,1613.1887154914712,57.61203559379169,57.61203559379169,80,0.25
S005,C,"[1,0,1,1]",3,17.0,0.075,1.7152724624260467,1.6247979597279143,0.065332175560433,0.03475315252254769,3.4401557502369418,1001.1887154914712,1679.1887154914712,56.99805312203823,56.99805312203823,80,0.25
S005,A,"[1,1,0,0]",2,17.0,0.039,1.0705695463187686,0.9505068064408299,0.06540735642989265,0.03480287090956134,2.1212865800990524,1122.1881982380369,1692.1881982380369,52.86029822002105,52.86029822002105,25,0.06
S005,B,"[1,1,0,0]",2,17.0,0.039,0.923134423071787,0.7543704813022459,0.06164831295691031,0.03231695155887839,1.7714701688898216,946.1684192675128,1516.168419267513,55.71324577775446,55.71324577775446,30,0.073
S005,C,"[1,1,0,0]",2,17.0,0.039,1.7152724624260467,1.6247979597279143,0.065332175560433,0.03475315252254769,3.4401557502369418,1001.1887154914712,1613.1887154914712,56.99805312203823,56.99805312203823,80,0.25
S005,C,"[1,1,0,1]",3,23.0,0.074,1.7718748744807542,1.6247979597279143,0.0698430277280118,0.03475315252254769,3.5012690144592282,1001.1887154914712,1679.1887154914712,56.234137319259645,56.234137319259645,80,0.25
S005,B,"[1,1,1,0]",3,25.0,0.067,1.1192861051751948,0.7543704813022459,0.06766278251368205,0.03231695155887839,1.9736363205500012,946.1684192675128,1576.168419267513,50.65909198624997,50.65909198624997,30,0.073
S005,C,"[1,1,1,0]",3,25.0,0.067,1.7935046164754607,1.6247979597279143,0.07134664511720475,0.03475315252254769,3.5244023738431274,1001.1887154914712,1679.1887154914712,55.944970326960906,55.944970326960906,80,0.25
S005,C,"[1,1,1,1]",4,31.0,0.102,1.8673391153437628,1.6247979597279143,0.07585749728478354,0.03475315252254769,3.6027477248790087,1001.1887154914712,1745.1887154914712,54.965653439012385,54.965653439012385,80,0.25
S005,C,"[1,2,0,0]",3,31.0,0.066,1.8673391153437628,1.6247979597279143,0.07585749728478354,0.03475315252254769,3.6027477248790087,1001.1887154914712,1679.1887154914712,54.965653439012385,54.965653439012385,80,0.25
S005,C,"[1,2,0,1]",4,37.0,0.101,1.9560901144990737,1.6247979597279143,0.08036834945236235,0.03475315252254769,3.696009576201898,1001.1887154914712,1745.1887154914712,53.79988029747628,53.79988029747628,80,0.25
S005,C,"[1,2,1,0]",4,39.0,0.094,1.9894201856130522,1.6247979597279143,0.08187196684155529,0.03475315252254769,3.7308432647050696,1001.1887154914712,1745.1887154914712,53.36445919118663,53.36445919118663,80,0.25
S005,C,"[1,2,1,1]",5,45.0,0.129,2.1023824300056373,1.6247979597279143,0.0863828190091341,0.03475315252254769,3.848316361265234,1001.1887154914712,1811.1887154914712,51.89604548418458,51.89604548418458,80,0.25
S005,C,"[1,3,0,0]",4,45.0,0.093,2.1023824300056373,1.6247979597279143,0.0863828190091341,0.03475315252254769,3.848316361265234,1001.1887154914712,1745.1887154914712,51.89604548418458,51.89604548418458,80,0.25
S005,C,"[1,3,0,1]",5,51.0,0.128,2.238255738912759,1.6247979597279143,0.09089367117671289,0.03475315252254769,3.9887005223399337,1001.1887154914712,1811.1887154914712,50.14124347075083,50.14124347075083,80,0.25
S005,C,"[1,3,1,0]",5,53.0,0.121,2.2896016920502094,1.6247979597279143,0.09239728856590583,0.03475315252254769,4.041550092866577,1001.1887154914712,1811.1887154914712,49.48062383916779,49.48062383916779,80,0.25
S005,C,"[1,3,1,1]",6,59.0,0.156,2.4656781204611673,1.6247979597279143,0.09690814073348464,0.03475315252254769,4.222137373445114,1001.1887154914712,1877.1887154914712,47.223282831936075,47.223282831936075,80,0.25
S006,A,"[0,0,0,1]",1,6.0,0.035,0.5873268437865073,0.5735157934231512,0.06854907292436858,0.01358572412888562,1.2429774342629127,743.4766397798276,1253.4766397798276,72.37827923860193,72.37827923860193,25,0.06
S006,B,"[0,0,0,1]",1,6.0,0.035,0.47331464260338607,0.45517126462154855,0.06403926549513381,0.012615315262536645,1.0051404879826051,637.2700113681328,1147.2700113681328,74.87148780043486,74.87148780043486,30,0.073
S006,C,"[0,0,0,1]",1,6.0,0.035,0.9913328027417837,0.9803688776464122,0.0684588767757839,0.01356631595155864,2.0537268731155387,685.5526244866224,1231.5526244866223,74.32841408605577,74.32841408605577,80,0.25
S006,A,"[0,0,1,0]",1,8.0,0.028,0.5950592390893416,0.5735157934231512,0.0703529958960625,0.01358572412888562,1.252513752537441,743.4766397798276,1253.4766397798276,72.16636105472354,72.16636105472354,25,0.06
S006,B,"[0,0,1,0]",1,8.0,0.028,0.48371884611082705,0.45517126462154855,0.06584318846682773,0.012615315262536645,1.0173486144617399,637.2700113681328,1147.2700113681328,74.56628463845651,74.56628463845651,30,0.073
S006,C,"[0,0,1,0]",1,8.0,0.028,0.9973514276251918,0.9803688776464122,0.07026279974747782,0.01356631595155864,2.0615494209706404,685.5526244866224,1231.5526244866223,74.23063223786698,74.23063223786698,80,0.25
S006,B,"[0,0,1,1]",2,14.0,0.063,0.5272005758868576,0.45517126462154855,0.07125495738190946,0.012615315262536645,1.0662421131528521,637.2700113681328,1207.2700113681328,73.3439471711787,73.3439471711787,30,0.073
S006,C,"[0,0,1,1]",2,14.0,0.063,1.0206004991805762,0.9803688776464122,0.07567456866255953,0.01356631595155864,2.0902102614411064,685.5526244866224,1297.5526244866223,73.87237173198618,73.87237173198618,80,0.25
S006,A,"[0,1,0,0]",1,14.0,0.027,0.6259812374123362,0.5735157934231512,0.07576476481114423,0.01358572412888562,1.2888475197755174,743.4766397798276,1253.4766397798276,71.3589440049885,71.3589440049885,25,0.06
S006,B,"[0,1,0,0]",1,14.0,0.027,0.5272005758868576,0.45517126462154855,0.07125495738190946,0.012615315262536645,1.0662421131528521,637.2700113681328,1147.2700113681328,73.3439471711787,73.3439471711787,30,0.073
S006,C,"[0,1,0,0]",1,14.0,0.027,1.0206004991805762,0.9803688776464122,0.07567456866255953,0.01356631595155864,2.0902102614411064,685.5526244866224,1231.5526244866223,73.87237173198618,73.87237173198618,80,0.25
S006,B,"[0,1,0,1]",2,20.0,0.062,0.5936640195249602,0.45517126462154855,0.07666672629699119,0.012615315262536645,1.1381173257060364,637.2700113681328,1207.2700113681328,71.54706685734908,71.54706685734908,30,0.073
S006,C,"[0,1,0,1]",2,20.0,0.062,1.0511171471672873,0.9803688776464122,0.08108633757764126,0.01356631595155864,2.1261386783428997,685.5526244866224,1297.5526244866223,73.42326652071375,73.42326652071375,80,0.25
S006,A,"[0,1,1,0]",2,22.0,0.055,0.6869296961411816,0.5735157934231512,0.08298045669791988,0.01358572412888562,1.3570116703911386,743.4766397798276,1313.4766397798276,69.84418510241915,69.84418510241915,25,0.06
S006,B,"[0,1,1,0]",2,22.0,0.055,0.6227870557931642,0.45517126462154855,0.0784706492686851,0.012615315262536645,1.1690442849459344,637.2700113681328,1207.2700113681328,70.77389287635164,70.77389287635164,30,0.073
S006,C,"[0,1,1,0]",2,22.0,0.055,1.06290584832332,0.9803688776464122,0.08289026054933518,0.01356631595155864,2.139731302470626,685.5526244866224,1297.5526244866223,73.25335871911717,73.25335871911717,80,0.25
S006,C,"[0,1,1,1]",3,28.0,0.09,1.1033919489108472,0.9803688776464122,0.08830202946441691,0.01356631595155864,2.185629171973235,685.5526244866224,1363.5526244866223,72.67963535033456,72.67963535033456,80,0.25
S006,B,"[0,2,0,0]",2,28.0,0.054,0.7418489248582577,0.45517126462154855,0.08388241818376684,0.012615315262536645,1.2935179229261096,637.2700113681328,1207.2700113681328,67.66205192684727,67.66205192684727,30,0.073
S006,C,"[0,2,0,0]",2,28.0,0.054,1.1033919489108472,0.9803688776464122,0.08830202946441691,0.01356631595155864,2.185629171973235,685.5526244866224,1297.5526244866223,72.67963535033456,72.67963535033456,80,0.25
S006,C,"[0,2,0,1]",3,34.0,0.089,1.1522763389911184,0.9803688776464122,0.09371379837949864,0.01356631595155864,2.239925330968588,685.5526244866224,1363.5526244866223,72.00093336289265,72.00093336289265,80,0.25
S006,C,"[0,2,1,0]",3,36.0,0.082,1.1706525235320806,0.9803688776464122,0.09551772135119256,0.01356631595155864,2.260105438481244,685.5526244866224,1363.5526244866223,71.74868201898445,71.74868201898445,80,0.25
S006,C,"[0,2,1,1]",4,42.0,0.117,1.2329048164482896,0.9803688776464122,0.10092949026627429,0.01356631595155864,2.327769500312535,685.5526244866224,1429.5526244866223,70.90288124609332,70.90288124609332,80,0.25
S006,C,"[0,3,0,0]",3,42.0,0.081,1.2329048164482896,0.9803688776464122,0.10092949026627429,0.01356631595155864,2.327769500312535,685.5526244866224,1363.5526244866223,70.90288124609332,70.90288124609332,80,0.25
S006,C,"[0,3,0,1]",4,48.0,0.116,1.307601882601841,0.9803688776464122,0.10634125918135602,0.01356631595155864,2.407878335381168,685.5526244866224,1429.5526244866223,69.9015208077354,69.9015208077354,80,0.25
S006,C,"[0,3,1,0]",4,50.0,0.109,1.3357561789568737,0.9803688776464122,0.10814518215304993,0.01356631595155864,2.4378365547078946,685.5526244866224,1429.5526244866223,69.52704306615132,69.52704306615132,80,0.25
S006,C,"[0,3,1,1]",5,56.0,0.144,1.4319406185745551,0.9803688776464122,0.11355695106813166,0.01356631595155864,2.539432763240658,685.5526244866224,1495.5526244866223,68.25709045949178,68.25709045949178,80,0.25
S006,A,"[1,0,0,0]",1,3.0,0.012,0.5783238879374154,0.5735157934231512,0.06584318846682773,0.01358572412888562,1.23126859395628,743.4766397798276,1253.4766397798276,72.63847568986044,72.63847568986044,25,0.06
S006,B,"[1,0,0,0]",1,3.0,0.012,0.4614247786329157,0.45517126462154855,0.06133338103759295,0.012615315262536645,0.9905447395545938,637.2700113681328,1147.2700113681328,75.23638151113515,75.23638151113515,30,0.073
S006,C,"[1,0,0,0]",1,3.0,0.012,0.9842173876743798,0.9803688776464122,0.06575299231824304,0.01356631595155864,2.0439055735905938,685.5526244866224,1231.5526244866223,74.45118033011757,74.45118033011757,80,0.25
S006,A,"[1,0,0,1]",2,9.0,0.047,0.5994103192131597,0.5735157934231512,0.07125495738190946,0.01358572412888562,1.257766794147106,743.4766397798276,1313.4766397798276,72.04962679673098,72.04962679673098,25,0.06
S006,B,"[1,0,0,1]",2,9.0,0.047,0.4896533759700667,0.45517126462154855,0.06674514995267468,0.012615315262536645,1.0241851058068265,637.2700113681328,1207.2700113681328,74.39537235482933,74.39537235482933,30,0.073
S006,C,"[1,0,0,1]",2,9.0,0.047,1.0007012432698579,0.9803688776464122,0.07116476123332477,0.01356631595155864,2.0658011981011537,685.5526244866224,1297.5526244866223,74.17748502373558,74.17748502373558,80,0.25
S006,A,"[1,0,1,0]",2,11.0,0.04,0.6090687156892874,0.5735157934231512,0.07305888035360336,0.01358572412888562,1.2692291135949278,743.4766397798276,1313.4766397798276,71.79490858677939,71.79490858677939,25,0.06
S006,B,"[1,0,1,0]",2,11.0,0.04,0.5030376766127821,0.45517126462154855,0.06854907292436858,0.012615315262536645,1.0393733294212357,637.2700113681328,1207.2700113681328,74.01566676446912,74.01566676446912,30,0.073
S006,C,"[1,0,1,0]",2,11.0,0.04,1.0080439131393624,0.9803688776464122,0.07296868420501869,0.01356631595155864,2.074947790942352,685.5526244866224,1297.5526244866223,74.06315261322061,74.06315261322061,80,0.25
S006,C,"[1,0,1,1]",3,17.0,0.075,1.0349592875707567,0.9803688776464122,0.0783804531201004,0.01356631595155864,2.107274934288828,685.5526244866224,1363.5526244866223,73.65906332138965,73.65906332138965,80,0.25
S006,A,"[1,1,0,0]",2,17.0,0.039,0.645959122660836,0.5735157934231512,0.0784706492686851,0.01358572412888562,1.311531289481558,743.4766397798276,1313.4766397798276,70.85486023374315,70.85486023374315,25,0.06
S006,B,"[1,1,0,0]",2,17.0,0.039,0.5569998736428791,0.45517126462154855,0.07396084183945033,0.012615315262536645,1.0987472953664146,637.2700113681328,1207.2700113681328,72.53131761583964,72.53131761583964,30,0.073
S006,C,"[1,1,0,0]",2,17.0,0.039,1.0349592875707567,0.9803688776464122,0.0783804531201004,0.01356631595155864,2.107274934288828,685.5526244866224,1297.5526244866223,73.65906332138965,73.65906332138965,80,0.25
S006,C,"[1,1,0,1]",3,23.0,0.074,1.0691119912013334,0.9803688776464122,0.08379222203518213,0.01356631595155864,2.1468394068344865,685.5526244866224,1363.5526244866223,73.16450741456893,73.16450741456893,80,0.25
S006,B,"[1,1,1,0]",3,25.0,0.067,0.6753536685137049,0.45517126462154855,0.08117653372622596,0.012615315262536645,1.224316782124016,637.2700113681328,1267.2700113681328,69.3920804468996,69.3920804468996,30,0.073
S006,C,"[1,1,1,0]",3,25.0,0.067,1.0821629220916473,0.9803688776464122,0.08559614500687604,0.01356631595155864,2.1616942606964944,685.5526244866224,1363.5526244866223,72.97882174129381,72.97882174129381,80,0.25
S006,C,"[1,1,1,1]",4,31.0,0.102,1.1267131040719498,0.9803688776464122,0.09100791392195778,0.01356631595155864,2.2116562115918788,685.5526244866224,1429.5526244866223,72.35429735510152,72.35429735510152,80,0.25
S006,C,"[1,2,0,0]",3,31.0,0.066,1.1267131040719498,0.9803688776464122,0.09100791392195778,0.01356631595155864,2.2116562115918788,685.5526244866224,1363.5526244866223,72.35429735510152,72.35429735510152,80,0.25
S006,C,"[1,2,0,1]",4,37.0,0.101,1.180263588248124,0.9803688776464122,0.09641968283703951,0.01356631595155864,2.2706184646831344,685.5526244866224,1429.5526244866223,71.61726919146082,71.61726919146082,80,0.25
S006,C,"[1,2,1,0]",4,39.0,0.094,1.2003742513704225,0.9803688776464122,0.09822360580873342,0.01356631595155864,2.2925330507771267,685.5526244866224,1429.5526244866223,71.3433368652859,71.3433368652859,80,0.25
S006,C,"[1,2,1,1]",5,45.0,0.129,1.268533291138126,0.9803688776464122,0.10363537472381515,0.01356631595155864,2.366103859459912,685.5526244866224,1495.5526244866223,70.4237017567511,70.4237017567511,80,0.25
S006,C,"[1,3,0,0]",4,45.0,0.093,1.268533291138126,0.9803688776464122,0.10363537472381515,0.01356631595155864,2.366103859459912,685.5526244866224,1429.5526244866223,70.4237017567511,70.4237017567511,80,0.25
S006,C,"[1,3,0,1]",5,51.0,0.128,1.3505163848254702,0.9803688776464122,0.10904714363889688,0.01356631595155864,2.4534987220623377,685.5526244866224,1495.5526244866223,69.33126597422078,69.33126597422078,80,0.25
S006,C,"[1,3,1,0]",5,53.0,0.121,1.3814974518237797,0.9803688776464122,0.11085106661059078,0.01356631595155864,2.4862837120323413,685.5526244866224,1495.5526244866223,68.92145359959574,68.92145359959574,80,0.25
S006,C,"[1,3,1,1]",6,59.0,0.156,1.4877382613150387,0.9803688776464122,0.11626283552567251,0.01356631595155864,2.5979362904386822,685.5526244866224,1561.5526244866223,67.52579636951648,67.52579636951648,80,0.25
S007,A,"[0,0,0,1]",1,6.0,0.035,0.8359055309153441,0.8162491274857806,0.11049416374962842,0.04329424955496965,1.8059430717057228,1157.4668858917819,1667.4668858917819,59.86793173987282,59.86793173987282,25,0.06
S007,B,"[0,0,0,1]",1,6.0,0.035,0.6736391019771042,0.6478167678458576,0.10322481087136338,0.0402018031581861,1.4648824838525114,1006.3096400610816,1516.3096400610816,63.37793790368722,63.37793790368722,30,0.073
S007,C,"[0,0,0,1]",1,6.0,0.035,1.410901922083582,1.3952976538218471,0.11034877669206312,0.04323240062703398,2.959780753224526,1097.600698410691,1643.600698410691,63.00274058469342,63.00274058469342,80,0.25
S007,A,"[0,0,1,0]",1,8.0,0.028,0.8469105651126444,0.8162491274857806,0.11340190490093444,0.04329424955496965,1.8198558470543293,1157.4668858917819,1667.4668858917819,59.558758954348235,59.558758954348235,25,0.06
S007,B,"[0,0,1,0]",1,8.0,0.028,0.6884467535405325,0.6478167678458576,0.10613255202266941,0.0402018031581861,1.4825978765672458,1006.3096400610816,1516.3096400610816,62.93505308581886,62.93505308581886,30,0.073
S007,C,"[0,0,1,0]",1,8.0,0.028,1.4194678541225645,1.3952976538218471,0.11325651784336914,0.04323240062703398,2.9712544264148146,1097.600698410691,1643.600698410691,62.859319669814816,62.859319669814816,80,0.25
S007,B,"[0,0,1,1]",2,14.0,0.063,0.7503315776347678,0.6478167678458576,0.11485577547658744,0.0402018031581861,1.553205924115399,1006.3096400610816,1576.3096400610816,61.169851897115024,61.169851897115024,30,0.073
S007,C,"[0,0,1,1]",2,14.0,0.063,1.4525568023077027,1.3952976538218471,0.12197974129728717,0.04323240062703398,3.013066598053871,1097.600698410691,1709.600698410691,62.33666752432661,62.33666752432661,80,0.25
S007,A,"[0,1,0,0]",1,14.0,0.027,0.8909199096515463,0.8162491274857806,0.12212512835485247,0.04329424955496965,1.8725884150471492,1157.4668858917819,1667.4668858917819,58.38692411006334,58.38692411006334,25,0.06
S007,B,"[0,1,0,0]",1,14.0,0.027,0.7503315776347678,0.6478167678458576,0.11485577547658744,0.0402018031581861,1.553205924115399,1006.3096400610816,1516.3096400610816,61.169851897115024,61.169851897115024,30,0.073
S007,C,"[0,1,0,0]",1,14.0,0.027,1.4525568023077027,1.3952976538218471,0.12197974129728717,0.04323240062703398,3.013066598053871,1097.600698410691,1643.600698410691,62.33666752432661,62.33666752432661,80,0.25
S007,B,"[0,1,0,1]",2,20.0,0.062,0.8449248364454703,0.6478167678458576,0.12357899893050547,0.0402018031581861,1.6565224063800195,1006.3096400610816,1576.3096400610816,58.58693984049952,58.58693984049952,30,0.073
S007,C,"[0,1,0,1]",2,20.0,0.062,1.4959892370873413,1.3952976538218471,0.13070296475120521,0.04323240062703398,3.065222256287427,1097.600698410691,1709.600698410691,61.68472179640716,61.68472179640716,80,0.25
S007,A,"[0,1,1,0]",2,22.0,0.055,0.977664035671311,0.8162491274857806,0.1337560929600765,0.04329424955496965,1.970963505672138,1157.4668858917819,1727.4668858917819,56.2008109850636,56.2008109850636,25,0.06
S007,B,"[0,1,1,0]",2,22.0,0.055,0.8863738309043188,0.6478167678458576,0.12648674008181146,0.0402018031581861,1.7008791419901739,1006.3096400610816,1576.3096400610816,57.478021450245656,57.478021450245656,30,0.073
S007,C,"[0,1,1,0]",2,22.0,0.055,1.5127673574863774,1.3952976538218471,0.1336107059025112,0.04323240062703398,3.0849081178377693,1097.600698410691,1709.600698410691,61.43864852702789,61.43864852702789,80,0.25
S007,C,"[0,1,1,1]",3,28.0,0.09,1.5703886900788488,1.3952976538218471,0.14233392935642925,0.04323240062703398,3.1512526738841595,1097.600698410691,1775.600698410691,60.609341576448,60.609341576448,80,0.25
S007,B,"[0,2,0,0]",2,28.0,0.054,1.0558271360367626,0.6478167678458576,0.1352099635357295,0.0402018031581861,1.879055670576536,1006.3096400610816,1576.3096400610816,53.02360823558661,53.02360823558661,30,0.073
S007,C,"[0,2,0,0]",2,28.0,0.054,1.5703886900788488,1.3952976538218471,0.14233392935642925,0.04323240062703398,3.1512526738841595,1097.600698410691,1709.600698410691,60.609341576448,60.609341576448,80,0.25
S007,C,"[0,2,0,1]",3,34.0,0.089,1.6399627823850662,1.3952976538218471,0.1510571528103473,0.04323240062703398,3.2295499896442945,1097.600698410691,1775.600698410691,59.63062512944632,59.63062512944632,80,0.25
S007,C,"[0,2,1,0]",3,36.0,0.082,1.6661164555185473,1.3952976538218471,0.1539648939616533,0.04323240062703398,3.258611403929082,1097.600698410691,1775.600698410691,59.26735745088647,59.26735745088647,80,0.25
S007,C,"[0,2,1,1]",4,42.0,0.117,1.7547162471189746,1.3952976538218471,0.16268811741557132,0.04323240062703398,3.355934418983427,1097.600698410691,1841.600698410691,58.050819762707164,58.050819762707164,80,0.25
S007,A,"[1,0,0,0]",1,3.0,0.012,0.8230921874278835,0.8162491274857806,0.10613255202266941,0.04329424955496965,1.7887681164913032,1157.4668858917819,1667.4668858917819,60.24959741130438,60.24959741130438,25,0.06
S007,B,"[1,0,0,0]",1,3.0,0.012,0.6567170028769309,0.6478167678458576,0.09886319914440438,0.0402018031581861,1.443598773025379,1006.3096400610816,1516.3096400610816,63.91003067436552,63.91003067436552,30,0.073
S007,C,"[1,0,0,0]",1,3.0,0.012,1.4007749972332622,1.3952976538218471,0.10598716496510412,0.04323240062703398,2.945292216647247,1097.600698410691,1643.600698410691,63.18384729190941,63.18384729190941,80,0.25
S007,A,"[1,0,0,1]",2,9.0,0.047,0.8531031850812925,0.8162491274857806,0.11485577547658744,0.04329424955496965,1.8275023375986303,1157.4668858917819,1727.4668858917819,59.38883694225265,59.38883694225265,25,0.06
S007,B,"[1,0,0,1]",2,9.0,0.047,0.6968929983958485,0.6478167678458576,0.1075864225983224,0.0402018031581861,1.4924979919982146,1006.3096400610816,1576.3096400610816,62.68755020004464,62.68755020004464,30,0.073
S007,C,"[1,0,0,1]",2,9.0,0.047,1.4242354370358037,1.3952976538218471,0.11471038841902215,0.04323240062703398,2.977475879903707,1097.600698410691,1709.600698410691,62.78155150120366,62.78155150120366,80,0.25
S007,A,"[1,0,1,0]",2,11.0,0.04,0.8668493761835387,0.8162491274857806,0.11776351662789344,0.04329424955496965,1.8441562698521825,1157.4668858917819,1727.4668858917819,59.01874955884039,59.01874955884039,25,0.06
S007,B,"[1,0,1,0]",2,11.0,0.04,0.7159420356619647,0.6478167678458576,0.11049416374962842,0.0402018031581861,1.5144547704156368,1006.3096400610816,1576.3096400610816,62.13863073960908,62.13863073960908,30,0.073
S007,C,"[1,0,1,0]",2,11.0,0.04,1.4346857994201172,1.3952976538218471,0.11761812957032815,0.04323240062703398,2.9908339834393263,1097.600698410691,1709.600698410691,62.614575207008414,62.614575207008414,80,0.25
S007,C,"[1,0,1,1]",3,17.0,0.075,1.4729927669832041,1.3952976538218471,0.12634135302424618,0.04323240062703398,3.0378641744563315,1097.600698410691,1775.600698410691,62.02669781929586,62.02669781929586,80,0.25
S007,A,"[1,1,0,0]",2,17.0,0.039,0.9193531831378222,0.8162491274857806,0.12648674008181146,0.04329424955496965,1.9053833002603842,1157.4668858917819,1727.4668858917819,57.65814888310257,57.65814888310257,25,0.06
S007,B,"[1,1,0,0]",2,17.0,0.039,0.7927430527361954,0.6478167678458576,0.11921738720354647,0.0402018031581861,1.5999790109437855,1006.3096400610816,1576.3096400610816,60.00052472640536,60.00052472640536,30,0.073
S007,C,"[1,1,0,0]",2,17.0,0.039,1.4729927669832041,1.3952976538218471,0.12634135302424618,0.04323240062703398,3.0378641744563315,1097.600698410691,1709.600698410691,62.02669781929586,62.02669781929586,80,0.25
S007,C,"[1,1,0,1]",3,23.0,0.074,1.5216001721487156,1.3952976538218471,0.13506457647816422,0.04323240062703398,3.095194803075761,1097.600698410691,1775.600698410691,61.31006496155299,61.31006496155299,80,0.25
S007,B,"[1,1,1,0]",3,25.0,0.067,0.9611886001924007,0.6478167678458576,0.1308483518087705,0.0402018031581861,1.7800555230052149,1006.3096400610816,1636.3096400610816,55.49861192486962,55.49861192486962,30,0.073
S007,C,"[1,1,1,0]",3,25.0,0.067,1.540174745114723,1.3952976538218471,0.13797231762947024,0.04323240062703398,3.116677117193074,1097.600698410691,1775.600698410691,61.04153603508657,61.04153603508657,80,0.25
S007,C,"[1,1,1,1]",4,31.0,0.102,1.6035802303476716,1.3952976538218471,0.14669554108338828,0.04323240062703398,3.1888058258799408,1097.600698410691,1841.600698410691,60.13992717650074,60.13992717650074,80,0.25
S007,C,"[1,2,0,0]",3,31.0,0.066,1.6035802303476716,1.3952976538218471,0.14669554108338828,0.04323240062703398,3.1888058258799408,1097.600698410691,1775.600698410691,60.13992717650074,60.13992717650074,80,0.25
S007,C,"[1,2,0,1]",4,37.0,0.101,1.679795282289568,1.3952976538218471,0.1554187645373063,0.04323240062703398,3.2737441012757555,1097.600698410691,1841.600698410691,59.07819873405305,59.07819873405305,80,0.25
S007,C,"[1,2,1,0]",4,39.0,0.094,1.7084175302119111,1.3952976538218471,0.15832650568861234,0.04323240062703398,3.3052740903494047,1097.600698410691,1841.600698410691,58.68407387063244,58.68407387063244,80,0.25
S007,C,"[1,2,1,1]",5,45.0,0.129,1.805424024851908,1.3952976538218471,0.16704972914253036,0.04323240062703398,3.4110038084433194,1097.600698410691,1907.600698410691,57.36245239445851,57.36245239445851,80,0.25
S008,A,"[0,0,0,1]",1,6.0,0.035,1.48925998042731,1.4542398807819257,0.07050765411853507,0.02701616021801395,3.0410236755457847,1601.1454288019854,2111.1454288019854,32.421696098982565,32.421696098982565,25,0.06
S008,B,"[0,0,0,1]",1,6.0,0.035,1.2001640361524222,1.1541586355412108,0.06586899266336829,0.025086434488155812,2.445278098845157,1331.841747175703,1841.841747175703,38.868047528871074,38.868047528871074,30,0.073
S008,C,"[0,0,0,1]",1,6.0,0.035,2.5136809019150355,2.4858801380887616,0.07041488088943175,0.02697756570341679,5.096953486596647,1389.7115246008332,1935.7115246008332,36.28808141754192,36.28808141754192,80,0.25
S008,A,"[0,0,1,0]",1,8.0,0.028,1.5088666900459509,1.4542398807819257,0.07236311870060179,0.02701616021801395,3.0624858497464924,1601.1454288019854,2111.1454288019854,31.944758894522394,31.944758894522394,25,0.06
S008,B,"[0,0,1,0]",1,8.0,0.028,1.226545537484729,1.1541586355412108,0.06772445724543501,0.025086434488155812,2.4735150647595305,1331.841747175703,1841.841747175703,38.16212338101174,38.16212338101174,30,0.073
S008,C,"[0,0,1,0]",1,8.0,0.028,2.528942075945967,2.4858801380887616,0.07227034547149846,0.02697756570341679,5.114070125209643,1389.7115246008332,1935.7115246008332,36.07412343487945,36.07412343487945,80,0.25
S008,B,"[0,0,1,1]",2,14.0,0.063,1.3368003312512053,1.1541586355412108,0.07329085099163515,0.025086434488155812,2.5893362522722065,1331.841747175703,1901.841747175703,35.266593693194835,35.266593693194835,30,0.073
S008,C,"[0,0,1,1]",2,14.0,0.063,2.587893769054874,2.4858801380887616,0.0778367392176986,0.02697756570341679,5.178588212064751,1389.7115246008332,2001.7115246008332,35.26764734919061,35.26764734919061,80,0.25
S008,A,"[0,1,0,0]",1,14.0,0.027,1.5872743009094106,1.4542398807819257,0.07792951244680194,0.02701616021801395,3.146459854356152,1601.1454288019854,2111.1454288019854,30.07866990319662,30.07866990319662,25,0.06
S008,B,"[0,1,0,0]",1,14.0,0.027,1.3368003312512053,1.1541586355412108,0.07329085099163515,0.025086434488155812,2.5893362522722065,1331.841747175703,1841.841747175703,35.266593693194835,35.266593693194835,30,0.073
S008,C,"[0,1,0,0]",1,14.0,0.027,2.587893769054874,2.4858801380887616,0.0778367392176986,0.02697756570341679,5.178588212064751,1389.7115246008332,1935.7115246008332,35.26764734919061,35.26764734919061,80,0.25
S008,B,"[0,1,0,1]",2,20.0,0.062,1.5053288904661692,1.1541586355412108,0.07885724473783529,0.025086434488155812,2.7634312052333714,1331.841747175703,1901.841747175703,30.914219869165716,30.914219869165716,30,0.073
S008,C,"[0,1,0,1]",2,20.0,0.062,2.665273550115786,2.4858801380887616,0.08340313296389873,0.02697756570341679,5.261534386871864,1389.7115246008332,2001.7115246008332,34.23082016410171,34.23082016410171,80,0.25
S008,A,"[0,1,1,0]",2,22.0,0.055,1.7418187447976061,1.4542398807819257,0.08535137077506878,0.02701616021801395,3.3084261565726147,1601.1454288019854,2171.1454288019854,26.479418742830784,26.479418742830784,25,0.06
S008,B,"[0,1,1,0]",2,22.0,0.055,1.5791749488944724,1.1541586355412108,0.080712709319902,0.025086434488155812,2.8391327282437406,1331.841747175703,1901.841747175703,29.021681793906485,29.021681793906485,30,0.073
S008,C,"[0,1,1,0]",2,22.0,0.055,2.695165663916868,2.4858801380887616,0.08525859754596546,0.02697756570341679,5.293281965255011,1389.7115246008332,2001.7115246008332,33.83397543431236,33.83397543431236,80,0.25
S008,C,"[0,1,1,1]",3,28.0,0.09,2.7978245667176322,2.4858801380887616,0.09082499129216559,0.02697756570341679,5.401507261801976,1389.7115246008332,2067.7115246008334,32.481159227475295,32.481159227475295,80,0.25
S008,B,"[0,2,0,0]",2,28.0,0.054,1.8810751236768353,1.1541586355412108,0.08627910306610213,0.025086434488155812,3.1465992967723038,1331.841747175703,1901.841747175703,21.335017580692405,21.335017580692405,30,0.073
S008,C,"[0,2,0,0]",2,28.0,0.054,2.7978245667176322,2.4858801380887616,0.09082499129216559,0.02697756570341679,5.401507261801976,1389.7115246008332,2001.7115246008332,32.481159227475295,32.481159227475295,80,0.25
S008,C,"[0,2,0,1]",3,34.0,0.089,2.921778659033237,2.4858801380887616,0.09639138503836572,0.02697756570341679,5.531027747863781,1389.7115246008332,2067.7115246008334,30.862153151702742,30.862153151702742,80,0.25
S008,C,"[0,2,1,0]",3,36.0,0.082,2.9683743774467986,2.4858801380887616,0.09824684962043244,0.02697756570341679,5.579478930859409,1389.7115246008332,2067.7115246008334,30.256513364257387,30.256513364257387,80,0.25
S008,C,"[0,2,1,1]",4,42.0,0.117,3.1262248988570693,2.4858801380887616,0.10381324336663258,0.02697756570341679,5.74289584601588,1389.7115246008332,2133.7115246008334,28.213801924801494,28.213801924801494,80,0.25
S008,A,"[1,0,0,0]",1,3.0,0.012,1.4664315638591743,1.4542398807819257,0.06772445724543501,0.02701616021801395,3.015412062104549,1601.1454288019854,2111.1454288019854,32.99084306434336,32.99084306434336,25,0.06
S008,B,"[1,0,0,0]",1,3.0,0.012,1.1700154080567131,1.1541586355412108,0.06308579579026823,0.025086434488155812,2.4123462738763477,1331.841747175703,1841.841747175703,39.69134315309131,39.69134315309131,30,0.073
S008,C,"[1,0,0,0]",1,3.0,0.012,2.495638643135074,2.4858801380887616,0.06763168401633168,0.02697756570341679,5.076128030943584,1389.7115246008332,1935.7115246008332,36.5483996132052,36.5483996132052,80,0.25
S008,A,"[1,0,0,1]",2,9.0,0.047,1.5198995409510094,1.4542398807819257,0.07329085099163515,0.02701616021801395,3.074446432942584,1601.1454288019854,2171.1454288019854,31.678968156831466,31.678968156831466,25,0.06
S008,B,"[1,0,0,1]",2,9.0,0.047,1.241593475299111,1.1541586355412108,0.06865218953646837,0.025086434488155812,2.4894907348649458,1331.841747175703,1901.841747175703,37.76273162837636,37.76273162837636,30,0.073
S008,C,"[1,0,0,1]",2,9.0,0.047,2.5374360626148684,2.4858801380887616,0.07319807776253182,0.02697756570341679,5.123491844169579,1389.7115246008332,2001.7115246008332,35.95635194788026,35.95635194788026,80,0.25
S008,A,"[1,0,1,0]",2,11.0,0.04,1.5443899307555418,1.4542398807819257,0.07514631557370186,0.02701616021801395,3.1007922873291838,1601.1454288019854,2171.1454288019854,31.09350472601814,31.09350472601814,25,0.06
S008,B,"[1,0,1,0]",2,11.0,0.04,1.2755314836228868,1.1541586355412108,0.07050765411853507,0.025086434488155812,2.525284207770788,1331.841747175703,1901.841747175703,36.867894805730295,36.867894805730295,30,0.073
S008,C,"[1,0,1,0]",2,11.0,0.04,2.5560545618403476,2.4858801380887616,0.07505354234459853,0.02697756570341679,5.143965807977125,1389.7115246008332,2001.7115246008332,35.70042740028594,35.70042740028594,80,0.25
S008,C,"[1,0,1,1]",3,17.0,0.075,2.624302744982242,2.4858801380887616,0.08061993609079868,0.02697756570341679,5.217780384865219,1389.7115246008332,2067.7115246008334,34.77774518918476,34.77774518918476,80,0.25
S008,A,"[1,1,0,0]",2,17.0,0.039,1.6379313844548287,1.4542398807819257,0.080712709319902,0.02701616021801395,3.1999001347746705,1601.1454288019854,2171.1454288019854,28.891108116118435,28.891108116118435,25,0.06
S008,B,"[1,1,0,0]",2,17.0,0.039,1.4123611574970627,1.1541586355412108,0.07607404786473522,0.025086434488155812,2.6676802753911644,1331.841747175703,1901.841747175703,33.30799311522089,33.30799311522089,30,0.073
S008,C,"[1,1,0,0]",2,17.0,0.039,2.624302744982242,2.4858801380887616,0.08061993609079868,0.02697756570341679,5.217780384865219,1389.7115246008332,2001.7115246008332,34.77774518918476,34.77774518918476,80,0.25
S008,C,"[1,1,0,1]",3,23.0,0.074,2.710902319441503,2.4858801380887616,0.08618632983699881,0.02697756570341679,5.309946353070681,1389.7115246008332,2067.7115246008334,33.625670586616486,33.625670586616486,80,0.25
S008,B,"[1,1,1,0]",3,25.0,0.067,1.7124658983198644,1.1541586355412108,0.08349590619300207,0.025086434488155812,2.975206874542233,1331.841747175703,1961.841747175703,25.619828136444177,25.619828136444177,30,0.073
S008,C,"[1,1,1,0]",3,25.0,0.067,2.7439950161024647,2.4858801380887616,0.08804179441906551,0.02697756570341679,5.344894514313709,1389.7115246008332,2067.7115246008334,33.188818571078635,33.188818571078635,80,0.25
S008,C,"[1,1,1,1]",4,31.0,0.102,2.8569590391944097,2.4858801380887616,0.09360818816526566,0.02697756570341679,5.463424931151853,1389.7115246008332,2133.7115246008334,31.707188360601833,31.707188360601833,80,0.25
S008,C,"[1,2,0,0]",3,31.0,0.066,2.8569590391944097,2.4858801380887616,0.09360818816526566,0.02697756570341679,5.463424931151853,1389.7115246008332,2067.7115246008334,31.707188360601833,31.707188360601833,80,0.25
S008,C,"[1,2,0,1]",4,37.0,0.101,2.992744750097607,2.4858801380887616,0.0991745819114658,0.02697756570341679,5.604777035801252,1389.7115246008332,2133.7115246008334,29.94028705248435,29.94028705248435,80,0.25
S008,C,"[1,2,1,0]",4,39.0,0.094,3.043738512914247,2.4858801380887616,0.1010300464935325,0.02697756570341679,5.657626263199958,1389.7115246008332,2133.7115246008334,29.27967171000052,29.27967171000052,80,0.25
S008,C,"[1,2,1,1]",5,45.0,0.129,3.2165665239344476,2.4858801380887616,0.10659644023973264,0.02697756570341679,5.836020667966359,1389.7115246008332,2199.7115246008334,27.04974165042051,27.04974165042051,80,0.25
S009,A,"[0,0,1,0]",1,8.0,0.028,1.065530961827449,1.0269546203914217,0.0488488273340529,0.01674555051435659,2.15807996006728,1118.6396458883246,1628.6396458883246,52.04266755406044,52.04266755406044,25,0.06
S009,B,"[0,0,1,0]",1,8.0,0.028,0.8661615071119823,0.8150433495170013,0.04571749224853669,0.015549439763331119,1.7424717886408512,928.4628643343575,1438.4628643343576,56.43820528397872,56.43820528397872,30,0.073
S009,C,"[0,0,1,0]",1,8.0,0.028,1.7858874480863178,1.7554779835750798,0.04878620063234258,0.01672162829933608,3.6068732605930762,966.5891684521961,1512.5891684521962,54.91408424258655,54.91408424258655,80,0.25
S009,A,"[0,1,0,0]",1,14.0,0.027,1.1209008215831777,1.0269546203914217,0.052606429436672354,0.01674555051435659,2.2172074219256284,1118.6396458883246,1628.6396458883246,50.72872395720827,50.72872395720827,25,0.06
S009,B,"[0,1,0,0]",1,14.0,0.027,0.9440211995706334,0.8150433495170013,0.04947509435115614,0.015549439763331119,1.824089083202122,928.4628643343575,1438.4628643343576,54.39777291994695,54.39777291994695,30,0.073
S009,C,"[0,1,0,0]",1,14.0,0.027,1.8275179345130392,1.7554779835750798,0.05254380273496203,0.01672162829933608,3.652261349122417,966.5891684521961,1512.5891684521962,54.346733135969785,54.346733135969785,80,0.25
S009,A,"[0,1,1,0]",2,22.0,0.055,1.2300369639790725,1.0269546203914217,0.05761656557349829,0.01674555051435659,2.331353700458349,1118.6396458883246,1688.6396458883246,48.192139989814464,48.192139989814464,25,0.06
S009,B,"[0,1,1,0]",2,22.0,0.055,1.1151812239543153,0.8150433495170013,0.05448523048798208,0.015549439763331119,2.00025924372263,928.4628643343575,1498.4628643343576,49.993518906934256,49.993518906934256,30,0.073
S009,C,"[0,1,1,0]",2,22.0,0.055,1.9032711644460778,1.7554779835750798,0.057553938871787974,0.01672162829933608,3.7330247151922813,966.5891684521961,1578.5891684521962,53.33719106009649,53.33719106009649,80,0.25
S009,A,"[1,0,0,0]",1,3.0,0.012,1.0355641389667176,1.0269546203914217,0.04571749224853669,0.01674555051435659,2.1249818021210327,1118.6396458883246,1628.6396458883246,52.77818217508816,52.77818217508816,25,0.06
S009,B,"[1,0,0,0]",1,3.0,0.012,0.8262410796951443,0.8150433495170013,0.04258615716302048,0.015549439763331119,1.699420026138497,928.4628643343575,1438.4628643343576,57.514499346537576,57.514499346537576,30,0.073
S009,C,"[1,0,0,0]",1,3.0,0.012,1.7623692413227594,1.7554779835750798,0.04565486554682637,0.01672162829933608,3.580223718744002,966.5891684521961,1512.5891684521962,55.24720351569998,55.24720351569998,80,0.25
S009,A,"[1,0,1,0]",2,11.0,0.04,1.0906167517717984,1.0269546203914217,0.05072762838536263,0.01674555051435659,2.1850445510629393,1118.6396458883246,1688.6396458883246,51.443454420823564,51.443454420823564,25,0.06
S009,B,"[1,0,1,0]",2,11.0,0.04,0.9007543857598829,0.8150433495170013,0.047596293299846416,0.015549439763331119,1.7789434683400616,928.4628643343575,1498.4628643343576,55.52641329149846,55.52641329149846,30,0.073
S009,C,"[1,0,1,0]",2,11.0,0.04,1.8050337340790805,1.7554779835750798,0.05066500168365231,0.01672162829933608,3.6278983476371485,966.5891684521961,1578.5891684521962,54.651270654535644,54.651270654535644,80,0.25
S009,A,"[1,1,0,0]",2,17.0,0.039,1.15667382347235,1.0269546203914217,0.05448523048798208,0.01674555051435659,2.2548592248661103,1118.6396458883246,1688.6396458883246,49.89201722519755,49.89201722519755,25,0.06
S009,B,"[1,1,0,0]",2,17.0,0.039,0.9973807179411883,0.8150433495170013,0.05135389540246587,0.015549439763331119,1.8793274026239868,928.4628643343575,1498.4628643343576,53.01681493440034,53.01681493440034,30,0.073
S009,C,"[1,1,0,0]",2,17.0,0.039,1.853229212649784,1.7554779835750798,0.05442260378627176,0.01672162829933608,3.6798514283104717,966.5891684521961,1578.5891684521962,54.0018571461191,54.0018571461191,80,0.25
S009,B,"[1,1,1,0]",3,25.0,0.067,1.2093085809177107,0.8150433495170013,0.056364031539291815,0.015549439763331119,2.0962654017373348,928.4628643343575,1558.4628643343576,47.59336495656663,47.59336495656663,30,0.073
S009,C,"[1,1,1,0]",3,25.0,0.067,1.9377534596302506,1.7554779835750798,0.0594327399230977,0.01672162829933608,3.769385811427764,966.5891684521961,1644.5891684521962,52.88267735715295,52.88267735715295,80,0.25
S010,A,"[0,0,1,0]",1,8.0,0.028,0.8935929309263343,0.8612414111271215,0.09087438832087906,0.022256243232828297,1.8679649736071633,1084.8926699889435,1594.8926699889435,58.48966725317415,58.48966725317415,25,0.06
S010,B,"[0,0,1,0]",1,8.0,0.028,0.7263944714176284,0.6835249294659695,0.0850491070182586,0.02066651157334056,1.515635019475197,925.4035197802174,1435.4035197802173,62.10912451312007,62.10912451312007,30,0.073
S010,C,"[0,0,1,0]",1,8.0,0.028,1.4977100208360115,1.472207540388242,0.09075788269482665,0.022224448599638544,3.0828998925187183,990.7323649950611,1536.732364995061,61.46375134351602,61.46375134351602,80,0.25
S010,A,"[0,1,0,0]",1,14.0,0.027,0.9400281045971618,0.8612414111271215,0.0978647258840236,0.022256243232828297,1.9213904848411352,1084.8926699889435,1594.8926699889435,57.302433670197,57.302433670197,25,0.06
S010,B,"[0,1,0,0]",1,14.0,0.027,0.7916904349115694,0.6835249294659695,0.09203944458140315,0.02066651157334056,1.5879213205322829,925.4035197802174,1435.4035197802173,60.301966986692925,60.301966986692925,30,0.073
S010,C,"[0,1,0,0]",1,14.0,0.027,1.5326228574542375,1.472207540388242,0.0977482202579712,0.022224448599638544,3.124803066700089,990.7323649950611,1536.732364995061,60.93996166624889,60.93996166624889,80,0.25
S010,A,"[0,1,1,0]",2,22.0,0.055,1.0315536339785727,0.8612414111271215,0.10718517596821632,0.022256243232828297,2.0222364643067388,1084.8926699889435,1654.8926699889435,55.0614119042947,55.0614119042947,25,0.06
S010,B,"[0,1,1,0]",2,22.0,0.055,0.9352314424709588,0.6835249294659695,0.10135989466559588,0.02066651157334056,1.7407827781758647,925.4035197802174,1495.4035197802173,56.48043054560339,56.48043054560339,30,0.073
S010,C,"[0,1,1,0]",2,22.0,0.055,1.5961522650341953,1.472207540388242,0.10706867034216393,0.022224448599638544,3.1976529243642395,990.7323649950611,1602.732364995061,60.029338445447,60.029338445447,80,0.25
S010,A,"[1,0,0,0]",1,3.0,0.012,0.8684616658294052,0.8612414111271215,0.0850491070182586,0.022256243232828297,1.8370084272076137,1084.8926699889435,1594.8926699889435,59.17759050649747,59.17759050649747,25,0.06
S010,B,"[1,0,0,0]",1,3.0,0.012,0.6929157523402741,0.6835249294659695,0.07922382571563816,0.02066651157334056,1.4763310190952224,925.4035197802174,1435.4035197802173,63.091724522619444,63.091724522619444,30,0.073
S010,C,"[1,0,0,0]",1,3.0,0.012,1.477986799207673,1.472207540388242,0.08493260139220621,0.022224448599638544,3.057351389587759,990.7323649950611,1536.732364995061,61.78310763015301,61.78310763015301,80,0.25
S010,A,"[1,0,1,0]",2,11.0,0.04,0.914630784695058,0.8612414111271215,0.09436955710245132,0.022256243232828297,1.892497996157459,1084.8926699889435,1654.8926699889435,57.944488974278684,57.944488974278684,25,0.06
S010,B,"[1,0,1,0]",2,11.0,0.04,0.7554053147695106,0.6835249294659695,0.08854427579983087,0.02066651157334056,1.5481410316086517,925.4035197802174,1495.4035197802173,61.2964742097837,61.2964742097837,30,0.073
S010,C,"[1,0,1,0]",2,11.0,0.04,1.5137667910562627,1.472207540388242,0.09425305147639892,0.022224448599638544,3.1024518315205416,990.7323649950611,1602.732364995061,61.21935210599323,61.21935210599323,80,0.25
S010,A,"[1,1,0,0]",2,17.0,0.039,0.9700286421238744,0.8612414111271215,0.10135989466559588,0.022256243232828297,1.9548861911494202,1084.8926699889435,1654.8926699889435,56.558084641124,56.558084641124,25,0.06
S010,B,"[1,1,0,0]",2,17.0,0.039,0.8364396633448613,0.6835249294659695,0.09553461336297542,0.02066651157334056,1.636165717747147,925.4035197802174,1495.4035197802173,59.09585705632132,59.09585705632132,30,0.073
S010,C,"[1,1,0,0]",2,17.0,0.039,1.5541852683190254,1.472207540388242,0.10124338903954347,0.022224448599638544,3.149860646346449,990.7323649950611,1602.732364995061,60.62674192066939,60.62674192066939,80,0.25
S010,B,"[1,1,1,0]",3,25.0,0.067,1.014170059744936,0.6835249294659695,0.10485506344716813,0.02066651157334056,1.8232165642314142,925.4035197802174,1555.4035197802173,54.41958589421465,54.41958589421465,30,0.073
S010,C,"[1,1,1,0]",3,25.0,0.067,1.6250703690805064,1.472207540388242,0.11056383912373619,0.022224448599638544,3.230066197192123,990.7323649950611,1668.732364995061,59.62417253509847,59.62417253509847,80,0.25
S011,A,"[0,0,1,0]",1,8.0,0.028,0.524446132354551,0.505459154226937,0.04947824535423421,0.022051050359450448,1.1014345822951725,652.0283099395829,1162.0283099395829,75.52367594899616,75.52367594899616,25,0.06
S011,B,"[0,0,1,0]",1,8.0,0.028,0.4263180223502782,0.40115805891026746,0.04630656295973201,0.020475975333775414,0.8942586195540532,558.4247628605204,1068.4247628605203,77.64353451114867,77.64353451114867,30,0.073
S011,C,"[0,0,1,0]",1,8.0,0.028,0.8790000464773734,0.8640327422682683,0.04941481170634417,0.02201954885893695,1.8144671493109228,600.2453479842184,1146.2453479842184,77.31916063361346,77.31916063361346,80,0.25
S011,A,"[0,1,0,0]",1,14.0,0.027,0.5516987508501251,0.505459154226937,0.05328426422763683,0.022051050359450448,1.1324932196641493,652.0283099395829,1162.0283099395829,74.83348400746334,74.83348400746334,25,0.06
S011,B,"[0,1,0,0]",1,14.0,0.027,0.464639963278417,0.40115805891026746,0.05011258183313464,0.020475975333775414,0.9363865793555946,558.4247628605204,1068.4247628605203,76.59033551611014,76.59033551611014,30,0.073
S011,C,"[0,1,0,0]",1,14.0,0.027,0.8994902512454149,0.8640327422682683,0.053220830579746796,0.02201954885893695,1.8387633729523671,600.2453479842184,1146.2453479842184,77.01545783809541,77.01545783809541,80,0.25
S011,A,"[0,1,1,0]",2,22.0,0.055,0.6054147195362526,0.505459154226937,0.05835895605884034,0.022051050359450448,1.1912838801814802,652.0283099395829,1222.0283099395829,73.52702488485599,73.52702488485599,25,0.06
S011,B,"[0,1,1,0]",2,22.0,0.055,0.5488836089513515,0.40115805891026746,0.05518727366433815,0.020475975333775414,1.0257049168597323,558.4247628605204,1128.4247628605203,74.35737707850669,74.35737707850669,30,0.073
S011,C,"[0,1,1,0]",2,22.0,0.055,0.9367754075430886,0.8640327422682683,0.058295522410950304,0.02201954885893695,1.8811232210812443,600.2453479842184,1212.2453479842184,76.48595973648445,76.48595973648445,80,0.25
S011,A,"[1,0,0,0]",1,3.0,0.012,0.509696692956459,0.505459154226937,0.04630656295973201,0.022051050359450448,1.0835134605025785,652.0283099395829,1162.0283099395829,75.9219230999427,75.9219230999427,25,0.06
S011,B,"[1,0,0,0]",1,3.0,0.012,0.40666949545548525,0.40115805891026746,0.04313488056522982,0.020475975333775414,0.871438410264758,558.4247628605204,1068.4247628605203,78.21403974338105,78.21403974338105,30,0.073
S011,C,"[1,0,0,0]",1,3.0,0.012,0.8674245662530267,0.8640327422682683,0.04624312931184198,0.02201954885893695,1.799719986692074,600.2453479842184,1146.2453479842184,77.50350016634908,77.50350016634908,80,0.25
S011,A,"[1,0,1,0]",2,11.0,0.04,0.5367931649464609,0.505459154226937,0.05138125479093552,0.022051050359450448,1.115684624323784,652.0283099395829,1222.0283099395829,75.20700834836036,75.20700834836036,25,0.06
S011,B,"[1,0,1,0]",2,11.0,0.04,0.44334437077546807,0.40115805891026746,0.04820957239643333,0.020475975333775414,0.9131879774159443,558.4247628605204,1128.4247628605203,77.17030056460139,77.17030056460139,30,0.073
S011,C,"[1,0,1,0]",2,11.0,0.04,0.8884237009722529,0.8640327422682683,0.05131782114304548,0.02201954885893695,1.8257938132425036,600.2453479842184,1212.2453479842184,77.17757733446871,77.17757733446871,80,0.25
S011,A,"[1,1,0,0]",2,17.0,0.039,0.5693059468449858,0.505459154226937,0.05518727366433815,0.022051050359450448,1.1520034250957114,652.0283099395829,1222.0283099395829,74.39992388676198,74.39992388676198,25,0.06
S011,B,"[1,1,0,0]",2,17.0,0.039,0.49090310722849473,0.40115805891026746,0.05201559126983596,0.020475975333775414,0.9645527327423736,558.4247628605204,1128.4247628605203,75.88618168144066,75.88618168144066,30,0.073
S011,C,"[1,1,0,0]",2,17.0,0.039,0.9121451443079138,0.8640327422682683,0.05512384001644811,0.02201954885893695,1.8533212754515673,600.2453479842184,1212.2453479842184,76.83348405685541,76.83348405685541,80,0.25
S011,B,"[1,1,1,0]",3,25.0,0.067,0.5952123690500213,0.40115805891026746,0.05709028310103947,0.020475975333775414,1.0739366863951034,558.4247628605204,1188.4247628605203,73.15158284012242,73.15158284012242,30,0.073
S011,C,"[1,1,1,0]",3,25.0,0.067,0.9537473276391806,0.8640327422682683,0.060198531847651615,0.02201954885893695,1.8999981506140375,600.2453479842184,1278.2453479842184,76.25002311732453,76.25002311732453,80,0.25
S012,A,"[0,0,1,0]",1,8.0,0.028,1.380380335603983,1.3304052292527695,0.08428300220563183,0.035356414813280695,2.830424981875665,1539.1981528996998,2049.1981528997,37.101667069429666,37.101667069429666,25,0.06
S012,B,"[0,0,1,0]",1,8.0,0.028,1.1221000184020078,1.0558771660736266,0.07888024565398875,0.032830956612332075,2.289688386741955,1292.826814149187,1802.826814149187,42.757790331451126,42.757790331451126,30,0.073
S012,C,"[0,0,1,0]",1,8.0,0.028,2.3135920055409374,2.2741969730816574,0.08417494707459898,0.03530590564926172,4.707269831346455,1362.6771457735358,1908.6771457735358,41.159127108169315,41.159127108169315,80,0.25
S012,A,"[0,1,0,0]",1,14.0,0.027,1.4521112081267986,1.3304052292527695,0.0907663100676035,0.035356414813280695,2.9086391622604526,1539.1981528996998,2049.1981528997,35.36357417198994,35.36357417198994,25,0.06
S012,B,"[0,1,0,0]",1,14.0,0.027,1.222966152054068,1.0558771660736266,0.08536355351596044,0.032830956612332075,2.397037828255987,1292.826814149187,1802.826814149187,40.07405429360033,40.07405429360033,30,0.073
S012,C,"[0,1,0,0]",1,14.0,0.027,2.3675237136599745,2.2741969730816574,0.09065825493657065,0.03530590564926172,4.767684847327464,1362.6771457735358,1908.6771457735358,40.4039394084067,40.4039394084067,80,0.25
S012,A,"[0,1,1,0]",2,22.0,0.055,1.593495541631849,1.3304052292527695,0.09941072055023241,0.035356414813280695,3.058667906248132,1539.1981528996998,2109.1981528997,32.02960208337484,32.02960208337484,25,0.06
S012,B,"[0,1,1,0]",2,22.0,0.055,1.4447015500527547,1.0558771660736266,0.09400796399858935,0.032830956612332075,2.6274176367373028,1292.826814149187,1862.826814149187,34.31455908156743,34.31455908156743,30,0.073
S012,C,"[0,1,1,0]",2,22.0,0.055,2.4656609548141053,2.2741969730816574,0.09930266541919955,0.03530590564926172,4.874466498964224,1362.6771457735358,1974.6771457735358,39.06916876294721,39.06916876294721,80,0.25
S012,A,"[1,0,0,0]",1,3.0,0.012,1.3415587391610817,1.3304052292527695,0.07888024565398875,0.035356414813280695,2.7862006288811205,1539.1981528996998,2049.1981528997,38.08443046930843,38.08443046930843,25,0.06
S012,B,"[1,0,0,0]",1,3.0,0.012,1.0703836676161045,1.0558771660736266,0.0734774891023457,0.032830956612332075,2.2325692794044087,1292.826814149187,1802.826814149187,44.18576801488978,44.18576801488978,30,0.073
S012,C,"[1,0,0,0]",1,3.0,0.012,2.2831245003176197,2.2741969730816574,0.0787721905229559,0.03530590564926172,4.671399569571494,1362.6771457735358,1908.6771457735358,41.60750538035632,41.60750538035632,80,0.25
S012,A,"[1,0,1,0]",2,11.0,0.04,1.412878622732949,1.3304052292527695,0.08752465613661765,0.035356414813280695,2.8661649229356168,1539.1981528996998,2109.1981528997,36.30744615698629,36.30744615698629,25,0.06
S012,B,"[1,0,1,0]",2,11.0,0.04,1.1669146048834746,1.0558771660736266,0.0821218995849746,0.032830956612332075,2.337744627154408,1292.826814149187,1862.826814149187,41.5563843211398,41.5563843211398,30,0.073
S012,C,"[1,0,1,0]",2,11.0,0.04,2.33839574905575,2.2741969730816574,0.08741660100558481,0.03530590564926172,4.7353152287922535,1362.6771457735358,1974.6771457735358,40.80855964009683,40.80855964009683,80,0.25
S012,A,"[1,1,0,0]",2,17.0,0.039,1.4984546276259816,1.3304052292527695,0.09400796399858935,0.035356414813280695,2.958224235690621,1539.1981528996998,2109.1981528997,34.26168365131953,34.26168365131953,25,0.06
S012,B,"[1,1,0,0]",2,17.0,0.039,1.2920926556609535,1.0558771660736266,0.08860520744694628,0.032830956612332075,2.469405985793858,1292.826814149187,1862.826814149187,38.26485035515355,38.26485035515355,30,0.073
S012,C,"[1,1,0,0]",2,17.0,0.039,2.4008323119219503,2.2741969730816574,0.09389990886755648,0.03530590564926172,4.804235099520426,1362.6771457735358,1974.6771457735358,39.947061255994676,39.947061255994676,80,0.25
S012,B,"[1,1,1,0]",3,25.0,0.067,1.5666422136743985,1.0558771660736266,0.09724961792957518,0.032830956612332075,2.7525999542899324,1292.826814149187,1922.826814149187,31.185001142751688,31.185001142751688,30,0.073
S012,C,"[1,1,1,0]",3,25.0,0.067,2.510332281977691,2.2741969730816574,0.10254431935018539,0.03530590564926172,4.922379480058796,1362.6771457735358,2040.6771457735358,38.470256499265055,38.470256499265055,80,0.25
S013,A,"[0,0,1,0]",1,8.0,0.028,0.9057067196149244,0.8729166338187805,0.08011632858084079,0.01257509022687041,1.8713147722414163,1042.1628172294843,1552.1628172294843,58.41522728352408,58.41522728352408,25,0.06
S013,B,"[0,0,1,0]",1,8.0,0.028,0.7362416723373933,0.6927909792212544,0.07498066649232535,0.011676869496379668,1.5156901875473527,880.511588744525,1390.511588744525,62.10774531131618,62.10774531131618,30,0.073
S013,C,"[0,0,1,0]",1,8.0,0.028,1.518013385020399,1.4921651860150096,0.08001361533907048,0.012557125812260596,3.1027493121867398,933.6721966546813,1479.6721966546813,61.21563359766575,61.21563359766575,80,0.25
S013,A,"[0,1,0,0]",1,14.0,0.027,0.952771381123109,0.8729166338187805,0.0862791230870593,0.01257509022687041,1.924542228255819,1042.1628172294843,1552.1628172294843,57.232394927648464,57.232394927648464,25,0.06
S013,B,"[0,1,0,0]",1,14.0,0.027,0.8024228056627067,0.6927909792212544,0.08114346099854387,0.011676869496379668,1.5880341153788846,880.511588744525,1390.511588744525,60.29914711552789,60.29914711552789,30,0.073
S013,C,"[0,1,0,0]",1,14.0,0.027,1.5533995095426305,1.4921651860150096,0.086176409845289,0.012557125812260596,3.1442982312151897,933.6721966546813,1479.6721966546813,60.696272109810124,60.696272109810124,80,0.25
S013,A,"[0,1,1,0]",2,22.0,0.055,1.0455376554613858,0.8729166338187805,0.094496182428684,0.01257509022687041,2.0255255619357206,1042.1628172294843,1612.1628172294843,54.98832084587287,54.98832084587287,25,0.06
S013,B,"[0,1,1,0]",2,22.0,0.055,0.9479096941411844,0.6927909792212544,0.08936052034016857,0.011676869496379668,1.7417380631989872,880.511588744525,1450.511588744525,56.45654842002532,56.45654842002532,30,0.073
S013,C,"[0,1,1,0]",2,22.0,0.055,1.6177901390417648,1.4921651860150096,0.0943934691869137,0.012557125812260596,3.216905920055949,933.6721966546813,1545.6721966546813,59.788675999300644,59.788675999300644,80,0.25
S013,A,"[1,0,0,0]",1,3.0,0.012,0.8802347682565839,0.8729166338187805,0.07498066649232535,0.01257509022687041,1.8407071587945603,1042.1628172294843,1552.1628172294843,59.095396471231986,59.095396471231986,25,0.06
S013,B,"[1,0,0,0]",1,3.0,0.012,0.7023091066432722,0.6927909792212544,0.06984500440380992,0.011676869496379668,1.476621959764716,880.511588744525,1390.511588744525,63.084451005882094,63.084451005882094,30,0.073
S013,C,"[1,0,0,0]",1,3.0,0.012,1.4980227900380474,1.4921651860150096,0.07487795325055505,0.012557125812260596,3.0776230551158728,933.6721966546813,1479.6721966546813,61.52971181105159,61.52971181105159,80,0.25
S013,A,"[1,0,1,0]",2,11.0,0.04,0.9270297682483296,0.8729166338187805,0.08319772583395003,0.01257509022687041,1.8957192181279305,1042.1628172294843,1612.1628172294843,57.872906263823765,57.872906263823765,25,0.06
S013,B,"[1,0,1,0]",2,11.0,0.04,0.7656457945681474,0.6927909792212544,0.0780620637454346,0.011676869496379668,1.5481757070312159,880.511588744525,1450.511588744525,61.2956073242196,61.2956073242196,30,0.073
S013,C,"[1,0,1,0]",2,11.0,0.04,1.5342878251826757,1.4921651860150096,0.08309501259217975,0.012557125812260596,3.122105149602126,933.6721966546813,1545.6721966546813,60.97368562997343,60.97368562997343,80,0.25
S013,A,"[1,1,0,0]",2,17.0,0.039,0.9831786140919689,0.8729166338187805,0.08936052034016857,0.01257509022687041,1.9580308584777886,1042.1628172294843,1612.1628172294843,56.48820314493803,56.48820314493803,25,0.06
S013,B,"[1,1,0,0]",2,17.0,0.039,0.8477786668014033,0.6927909792212544,0.08422485825165314,0.011676869496379668,1.6364713737706904,880.511588744525,1450.511588744525,59.088215655732746,59.088215655732746,30,0.073
S013,C,"[1,1,0,0]",2,17.0,0.039,1.5752542263106912,1.4921651860150096,0.08925780709839827,0.012557125812260596,3.16923434523636,933.6721966546813,1545.6721966546813,60.3845706845455,60.3845706845455,80,0.25
S013,B,"[1,1,1,0]",3,25.0,0.067,1.0279184247698354,0.6927909792212544,0.09244191759327783,0.011676869496379668,1.8248281910807471,880.511588744525,1510.511588744525,54.37929522298133,54.37929522298133,30,0.073
S013,C,"[1,1,1,0]",3,25.0,0.067,1.6471002647677109,1.4921651860150096,0.09747486644002297,0.012557125812260596,3.249297443035004,933.6721966546813,1611.6721966546813,59.38378196206244,59.38378196206244,80,0.25
S014,A,"[0,0,1,0]",1,8.0,0.028,1.012160664260165,0.9755165339895145,0.13700289671076174,0.06381252660800793,2.1884926215684493,1420.3988852767495,1930.3988852767495,51.36683063181224,51.36683063181224,25,0.06
S014,B,"[0,0,1,0]",1,8.0,0.028,0.8227772235651097,0.7742194714202496,0.12822065974212318,0.059254488993150216,1.7844718437206326,1239.7476752786913,1749.7476752786913,55.38820390698418,55.38820390698418,30,0.073
S014,C,"[0,0,1,0]",1,8.0,0.028,1.696435946496372,1.667549630751307,0.13682725197138898,0.06372136585571077,3.5645341950747786,1357.2801378437955,1903.2801378437955,55.44332256156527,55.44332256156527,80,0.25
S014,A,"[0,1,0,0]",1,14.0,0.027,1.0647571593767715,0.9755165339895145,0.14754158107312804,0.06381252660800793,2.251627801047422,1420.3988852767495,1930.3988852767495,49.96382664339062,49.96382664339062,25,0.06
S014,B,"[0,1,0,0]",1,14.0,0.027,0.8967370810082784,0.7742194714202496,0.13875934410448948,0.059254488993150216,1.8689703855261677,1239.7476752786913,1749.7476752786913,53.27574036184581,53.27574036184581,30,0.073
S014,C,"[0,1,0,0]",1,14.0,0.027,1.7359812457928627,1.667549630751307,0.14736593633375528,0.06372136585571077,3.6146181787336356,1357.2801378437955,1903.2801378437955,54.81727276582955,54.81727276582955,80,0.25
S014,A,"[0,1,1,0]",2,22.0,0.055,1.1684268924390278,0.9755165339895145,0.16159316022294973,0.06381252660800793,2.3693491132595,1420.3988852767495,1990.3988852767495,47.34779748312222,47.34779748312222,25,0.06
S014,B,"[0,1,1,0]",2,22.0,0.055,1.0593240448613552,0.7742194714202496,0.15281092325431117,0.059254488993150216,2.045608928529066,1239.7476752786913,1809.7476752786913,48.859776786773345,48.859776786773345,30,0.073
S014,C,"[0,1,1,0]",2,22.0,0.055,1.8079401491713025,1.667549630751307,0.16141751548357697,0.06372136585571077,3.7006286612618973,1357.2801378437955,1969.2801378437955,53.74214173422629,53.74214173422629,80,0.25
S014,A,"[1,0,0,0]",1,3.0,0.012,0.9836948191377815,0.9755165339895145,0.12822065974212318,0.06381252660800793,2.1512445394774273,1420.3988852767495,1930.3988852767495,52.1945657893905,52.1945657893905,25,0.06
S014,B,"[1,0,0,0]",1,3.0,0.012,0.7848563298704977,0.7742194714202496,0.1194384227734846,0.059254488993150216,1.737768713057382,1239.7476752786913,1749.7476752786913,56.55578217356545,56.55578217356545,30,0.073
S014,C,"[1,0,0,0]",1,3.0,0.012,1.674095719292476,1.667549630751307,0.12804501500275042,0.06372136585571077,3.533411730902244,1357.2801378437955,1903.2801378437955,55.83235336372194,55.83235336372194,80,0.25
S014,A,"[1,0,1,0]",2,11.0,0.04,1.0359899575638685,0.9755165339895145,0.1422722388919449,0.06381252660800793,2.217591257053336,1420.3988852767495,1990.3988852767495,50.72019428770365,50.72019428770365,25,0.06
S014,B,"[1,0,1,0]",2,11.0,0.04,0.855637414667281,0.7742194714202496,0.13349000192330632,0.059254488993150216,1.822601377003987,1239.7476752786913,1809.7476752786913,54.43496557490033,54.43496557490033,30,0.073
S014,C,"[1,0,1,0]",2,11.0,0.04,1.7146232336262677,1.667549630751307,0.14209659415257214,0.06372136585571077,3.5879908243858574,1357.2801378437955,1969.2801378437955,55.15011469517679,55.15011469517679,80,0.25
S014,A,"[1,1,0,0]",2,17.0,0.039,1.0987383637264092,0.9755165339895145,0.15281092325431117,0.06381252660800793,2.290878347578243,1420.3988852767495,1990.3988852767495,49.09159227603905,49.09159227603905,25,0.06
S014,B,"[1,1,0,0]",2,17.0,0.039,0.9474239286864685,0.7742194714202496,0.14402868628567259,0.059254488993150216,1.924926575385541,1239.7476752786913,1809.7476752786913,51.87683561536147,51.87683561536147,30,0.073
S014,C,"[1,1,0,0]",2,17.0,0.039,1.7604046978465064,1.667549630751307,0.1526352785149384,0.06372136585571077,3.6443109729684626,1357.2801378437955,1969.2801378437955,54.44611283789422,54.44611283789422,80,0.25
S014,B,"[1,1,1,0]",3,25.0,0.067,1.148736752292894,0.7742194714202496,0.1580802654354943,0.059254488993150216,2.1402909781417883,1239.7476752786913,1869.7476752786913,46.49272554645529,46.49272554645529,30,0.073
S014,C,"[1,1,1,0]",3,25.0,0.067,1.8406952957124871,1.667549630751307,0.16668685766476013,0.06372136585571077,3.738653149984265,1357.2801378437955,2035.2801378437955,53.2668356251967,53.2668356251967,80,0.25
S015,A,"[0,0,1,0]",1,8.0,0.028,1.122392634481038,1.0817576805996747,0.1310570312845004,0.025768743050904923,2.3609760894161185,1398.6530565810067,1908.6530565810067,47.533864679641816,47.533864679641816,25,0.06
S015,B,"[0,0,1,0]",1,8.0,0.028,0.9123839012487716,0.8585378417457736,0.12265593953549397,0.023928118547268857,1.917505801077308,1198.3275601736595,1708.3275601736595,52.0623549730673,52.0623549730673,30,0.073
S015,C,"[0,0,1,0]",1,8.0,0.028,1.881190682912151,1.8491584283755125,0.1308890094495203,0.0257319305608322,3.8869700512980163,1288.5606452973575,1834.5606452973575,51.41287435877479,51.41287435877479,80,0.25
S015,A,"[0,1,0,0]",1,14.0,0.027,1.1807172866858808,1.0817576805996747,0.14113834138330814,0.025768743050904923,2.429382051719769,1398.6530565810067,1908.6530565810067,46.01373218400514,46.01373218400514,25,0.06
S015,B,"[0,1,0,0]",1,14.0,0.027,0.9943985479078149,0.8585378417457736,0.1327372496343017,0.023928118547268857,2.0096017578351595,1198.3275601736595,1708.3275601736595,49.75995605412101,49.75995605412101,30,0.073
S015,C,"[0,1,0,0]",1,14.0,0.027,1.925042765122017,1.8491584283755125,0.140970319548328,0.0257319305608322,3.94090344360669,1288.5606452973575,1834.5606452973575,50.73870695491638,50.73870695491638,80,0.25
S015,A,"[0,1,1,0]",2,22.0,0.055,1.2956774396698376,1.0817576805996747,0.15458008818171842,0.025768743050904923,2.557783951502136,1398.6530565810067,1968.6530565810067,43.160356633285865,43.160356633285865,25,0.06
S015,B,"[0,1,1,0]",2,22.0,0.055,1.174692464807575,0.8585378417457736,0.14617899643271198,0.023928118547268857,2.2033374215333295,1198.3275601736595,1768.3275601736595,44.916564461666766,44.916564461666766,30,0.073
S015,C,"[0,1,1,0]",2,22.0,0.055,2.00483853864808,1.8491584283755125,0.15441206634673832,0.0257319305608322,4.034140963931163,1288.5606452973575,1900.5606452973575,49.57323795086046,49.57323795086046,80,0.25
S015,A,"[1,0,0,0]",1,3.0,0.012,1.0908266430057667,1.0817576805996747,0.12265593953549397,0.025768743050904923,2.3210090061918405,1398.6530565810067,1908.6530565810067,48.42202208462577,48.42202208462577,25,0.06
S015,B,"[1,0,0,0]",1,3.0,0.012,0.8703331347265598,0.8585378417457736,0.11425484778648753,0.023928118547268857,1.8670539428060897,1198.3275601736595,1708.3275601736595,53.323651429847764,53.323651429847764,30,0.073
S015,C,"[1,0,0,0]",1,3.0,0.012,1.8564174355891936,1.8491584283755125,0.12248791770051386,0.0257319305608322,3.853795712226052,1288.5606452973575,1834.5606452973575,51.827553597174344,51.827553597174344,80,0.25
S015,A,"[1,0,1,0]",2,11.0,0.04,1.1488171184917013,1.0817576805996747,0.1360976863339043,0.025768743050904923,2.3924412284761853,1398.6530565810067,1968.6530565810067,46.834639367195884,46.834639367195884,25,0.06
S015,B,"[1,0,1,0]",2,11.0,0.04,0.9488228162975748,0.8585378417457736,0.12769659458489785,0.023928118547268857,1.958985371175515,1198.3275601736595,1768.3275601736595,51.02536572061213,51.02536572061213,30,0.073
S015,C,"[1,0,1,0]",2,11.0,0.04,1.9013587035007673,1.8491584283755125,0.13592966449892413,0.0257319305608322,3.9121787269360366,1288.5606452973575,1900.5606452973575,51.09776591329954,51.09776591329954,80,0.25
S015,A,"[1,1,0,0]",2,17.0,0.039,1.2183993018239685,1.0817576805996747,0.14617899643271198,0.025768743050904923,2.47210472190726,1398.6530565810067,1968.6530565810067,45.064339513172,45.064339513172,25,0.06
S015,B,"[1,1,0,0]",2,17.0,0.039,1.0506055775898535,0.8585378417457736,0.13777790468370554,0.023928118547268857,2.0708494425666015,1198.3275601736595,1768.3275601736595,48.22876393583496,48.22876393583496,30,0.073
S015,C,"[1,1,0,0]",2,17.0,0.039,1.952126116275213,1.8491584283755125,0.14601097459773188,0.0257319305608322,3.9730274498092895,1288.5606452973575,1900.5606452973575,50.33715687738388,50.33715687738388,80,0.25
S015,B,"[1,1,1,0]",3,25.0,0.067,1.2738428939773572,0.8585378417457736,0.15121965148211586,0.023928118547268857,2.307528505752516,1198.3275601736595,1828.3275601736595,42.311787356187104,42.311787356187104,30,0.073
S015,C,"[1,1,1,0]",3,25.0,0.067,2.04116096898679,1.8491584283755125,0.15945272139614217,0.0257319305608322,4.075504049319277,1288.5606452973575,1966.5606452973575,49.05619938350904,49.05619938350904,80,0.25
