service_id,row_zero_based,column_zero_based,t_enter,t_exit,start_distance_m,end_distance_m,elevation_m
S004,529,739,0.9970791062828065,1.0,7692.147881135721,7714.681646286507,195.11575317382812
S004,530,739,0.9930726131998566,0.9970791062828065,7661.239062482714,7692.147881135721,203.27952575683594
S004,531,739,0.9890661201169068,0.9930726131998566,7630.330243829707,7661.239062482714,215.39187622070312
S004,532,739,0.9850596270339569,0.9890661201169068,7599.421425176699,7630.330243829707,216.1753387451172
S004,533,739,0.981053133951007,0.9850596270339569,7568.512606523692,7599.421425176699,214.66004943847656
S004,534,739,0.9770466408680571,0.981053133951007,7537.603787870685,7568.512606523692,229.87893676757812
S004,535,739,0.9730401477851074,0.9770466408680571,7506.694969217679,7537.603787870685,247.15768432617188
S004,536,739,0.9690336547021575,0.9730401477851074,7475.7861505646715,7506.694969217679,263.1273193359375
S004,537,738,0.9650271616192077,0.9651989380259083,7444.877331911664,7446.2025322037025,257.2462158203125
S004,537,739,0.9651989380259083,0.9690336547021575,7446.2025322037025,7475.7861505646715,271.4110107421875
S004,538,738,0.9610206685362578,0.9650271616192077,7413.968513258657,7444.877331911664,267.2309265136719
S004,539,738,0.9570141754533079,0.9610206685362578,7383.059694605649,7413.968513258657,285.30792236328125
S004,540,738,0.953007682370358,0.9570141754533079,7352.150875952642,7383.059694605649,292.08544921875
S004,541,738,0.9490011892874082,0.953007682370358,7321.242057299635,7352.150875952642,282.1116027832031
S004,542,738,0.9449946962044583,0.9490011892874082,7290.333238646628,7321.242057299635,271.5724182128906
S004,543,738,0.9409882031215085,0.9449946962044583,7259.424419993622,7290.333238646628,256.258544921875
S004,544,738,0.9369817100385587,0.9409882031215085,7228.515601340615,7259.424419993622,240.78211975097656
S004,545,738,0.9329752169556088,0.9369817100385587,7197.606782687608,7228.515601340615,250.83314514160156
S004,546,738,0.9289687238726589,0.9329752169556088,7166.6979640346,7197.606782687608,247.1850128173828
S004,547,737,0.9249622307897091,0.9272495988756826,7135.789145381593,7153.435461972755,226.56436157226562
S004,547,738,0.9272495988756826,0.9289687238726589,7153.435461972755,7166.6979640346,244.2332305908203
S004,548,737,0.9209557377067592,0.9249622307897091,7104.880326728586,7135.789145381593,231.08905029296875
S004,549,737,0.9169492446238093,0.9209557377067592,7073.971508075579,7104.880326728586,234.0657196044922
S004,550,737,0.9129427515408595,0.9169492446238093,7043.062689422572,7073.971508075579,234.78997802734375
S004,551,737,0.9089362584579096,0.9129427515408595,7012.1538707695645,7043.062689422572,221.39276123046875
S004,552,737,0.9049297653749598,0.9089362584579096,6981.245052116557,7012.1538707695645,215.82855224609375
S004,553,737,0.90092327229201,0.9049297653749598,6950.33623346355,6981.245052116557,229.06832885742188
S004,554,737,0.8969167792090601,0.90092327229201,6919.427414810543,6950.33623346355,238.4581756591797
S004,555,737,0.8929102861261102,0.8969167792090601,6888.518596157536,6919.427414810543,239.22543334960938
S004,556,736,0.8889037930431604,0.8893002597254568,6857.609777504529,6860.668391741805,225.7750244140625
S004,556,737,0.8893002597254568,0.8929102861261102,6860.668391741805,6888.518596157536,230.7193145751953
S004,557,736,0.8848972999602105,0.8889037930431604,6826.700958851522,6857.609777504529,211.33372497558594
S004,558,736,0.8808908068772606,0.8848972999602105,6795.792140198515,6826.700958851522,200.69740295410156
S004,559,736,0.8768843137943108,0.8808908068772606,6764.883321545508,6795.792140198515,202.3566131591797
S004,560,736,0.872877820711361,0.8768843137943108,6733.974502892501,6764.883321545508,216.8209686279297
S004,561,736,0.8688713276284111,0.872877820711361,6703.065684239494,6733.974502892501,231.06822204589844
S004,562,736,0.8648648345454613,0.8688713276284111,6672.156865586487,6703.065684239494,239.76438903808594
S004,563,736,0.8608583414625114,0.8648648345454613,6641.24804693348,6672.156865586487,246.828369140625
S004,564,736,0.8568518483795615,0.8608583414625114,6610.3392282804725,6641.24804693348,233.67185974121094
S004,565,736,0.8528453552966117,0.8568518483795615,6579.430409627465,6610.3392282804725,230.15623474121094
S004,566,735,0.8488388622136618,0.8513509205752311,6548.521590974458,6567.901321510857,247.68048095703125
S004,566,736,0.8513509205752311,0.8528453552966117,6567.901321510857,6579.430409627465,240.2353515625
S004,567,735,0.8448323691307119,0.8488388622136618,6517.61277232145,6548.521590974458,238.3279266357422
S004,568,735,0.8408258760477622,0.8448323691307119,6486.703953668444,6517.61277232145,220.94308471679688
S004,569,735,0.8368193829648123,0.8408258760477622,6455.795135015437,6486.703953668444,229.5096435546875
S004,570,735,0.8328128898818624,0.8368193829648123,6424.88631636243,6455.795135015437,244.06739807128906
S004,571,735,0.8288063967989125,0.8328128898818624,6393.977497709423,6424.88631636243,245.2732391357422
S004,572,735,0.8247999037159627,0.8288063967989125,6363.068679056416,6393.977497709423,253.66372680664062
S004,573,735,0.8207934106330128,0.8247999037159627,6332.159860403408,6363.068679056416,269.6351623535156
S004,574,735,0.8167869175500629,0.8207934106330128,6301.251041750401,6332.159860403408,284.0322265625
S004,575,734,0.8127804244671131,0.8134015814250053,6270.342223097394,6275.134251279908,289.73907470703125
S004,575,735,0.8134015814250053,0.8167869175500629,6275.134251279908,6301.251041750401,296.2171630859375
S004,576,734,0.8087739313841632,0.8127804244671131,6239.433404444387,6270.342223097394,302.74163818359375
S004,577,734,0.8047674383012134,0.8087739313841632,6208.524585791381,6239.433404444387,316.51641845703125
S004,578,734,0.8007609452182636,0.8047674383012134,6177.6157671383735,6208.524585791381,318.63104248046875
S004,579,734,0.7967544521353137,0.8007609452182636,6146.706948485366,6177.6157671383735,318.6462097167969
S004,580,734,0.7927479590523638,0.7967544521353137,6115.798129832358,6146.706948485366,326.6756591796875
S004,581,734,0.788741465969414,0.7927479590523638,6084.889311179351,6115.798129832358,322.7115173339844
S004,582,734,0.7847349728864641,0.788741465969414,6053.980492526344,6084.889311179351,318.7444763183594
S004,583,734,0.7807284798035142,0.7847349728864641,6023.071673873337,6053.980492526344,325.69146728515625
S004,584,734,0.7767219867205644,0.7807284798035142,5992.16285522033,6023.071673873337,328.5135803222656
S004,585,733,0.7727154936376146,0.7754522422747795,5961.254036567324,5982.3671810489595,322.776611328125
S004,585,734,0.7754522422747795,0.7767219867205644,5982.3671810489595,5992.16285522033,333.7394714355469
S004,586,733,0.7687090005546647,0.7727154936376146,5930.345217914317,5961.254036567324,336.5574951171875
S004,587,733,0.7647025074717149,0.7687090005546647,5899.436399261309,5930.345217914317,348.2391662597656
S004,588,733,0.760696014388765,0.7647025074717149,5868.527580608302,5899.436399261309,347.11456298828125
S004,589,733,0.7566895213058151,0.760696014388765,5837.618761955295,5868.527580608302,337.35302734375
S004,590,733,0.7526830282228653,0.7566895213058151,5806.709943302288,5837.618761955295,325.6984558105469
S004,591,733,0.7486765351399154,0.7526830282228653,5775.801124649281,5806.709943302288,330.5505676269531
S004,592,733,0.7446700420569655,0.7486765351399154,5744.8923059962735,5775.801124649281,333.22174072265625
S004,593,733,0.7406635489740158,0.7446700420569655,5713.983487343267,5744.8923059962735,322.755615234375
S004,594,732,0.7366570558910659,0.7375029031245538,5683.074668690259,5689.600110818011,302.15777587890625
S004,594,733,0.7375029031245538,0.7406635489740158,5689.600110818011,5713.983487343267,309.6524963378906
S004,595,732,0.732650562808116,0.7366570558910659,5652.165850037252,5683.074668690259,311.37042236328125
S004,596,732,0.7286440697251662,0.732650562808116,5621.257031384245,5652.165850037252,323.8739929199219
S004,597,732,0.7246375766422163,0.7286440697251662,5590.348212731238,5621.257031384245,309.4656982421875
S004,598,732,0.7206310835592664,0.7246375766422163,5559.439394078231,5590.348212731238,294.41876220703125
S004,599,732,0.7166245904763165,0.7206310835592664,5528.530575425224,5559.439394078231,294.0818176269531
S004,600,732,0.7126180973933667,0.7166245904763165,5497.621756772217,5528.530575425224,290.4381103515625
S004,601,732,0.7086116043104169,0.7126180973933667,5466.71293811921,5497.621756772217,288.7551574707031
S004,602,732,0.704605111227467,0.7086116043104169,5435.804119466203,5466.71293811921,288.6454772949219
S004,603,732,0.7005986181445172,0.704605111227467,5404.895300813196,5435.804119466203,285.51690673828125
S004,604,731,0.6965921250615673,0.699553563974328,5373.986482160189,5396.833040587062,273.0462951660156
S004,604,732,0.699553563974328,0.7005986181445172,5396.833040587062,5404.895300813196,283.02777099609375
S004,605,731,0.6925856319786174,0.6965921250615673,5343.077663507182,5373.986482160189,268.54296875
S004,606,731,0.6885791388956676,0.6925856319786174,5312.1688448541745,5343.077663507182,264.420166015625
S004,607,731,0.6845726458127177,0.6885791388956676,5281.260026201167,5312.1688448541745,275.8066711425781
S004,608,731,0.6805661527297678,0.6845726458127177,5250.351207548159,5281.260026201167,277.4698181152344
S004,609,731,0.676559659646818,0.6805661527297678,5219.442388895152,5250.351207548159,269.40679931640625
S004,610,731,0.6725531665638682,0.676559659646818,5188.533570242146,5219.442388895152,272.1981201171875
S004,611,731,0.6685466734809183,0.6725531665638682,5157.624751589139,5188.533570242146,273.5014343261719
S004,612,731,0.6645401803979685,0.6685466734809183,5126.715932936132,5157.624751589139,265.5665283203125
S004,613,730,0.6605336873150186,0.6616042248241023,5095.807114283125,5104.065970356114,262.0197448730469
S004,613,731,0.6616042248241023,0.6645401803979685,5104.065970356114,5126.715932936132,249.9714813232422
S004,614,730,0.6565271942320687,0.6605336873150186,5064.898295630118,5095.807114283125,248.09786987304688
S004,615,730,0.6525207011491189,0.6565271942320687,5033.98947697711,5064.898295630118,244.8858642578125
S004,616,730,0.648514208066169,0.6525207011491189,5003.080658324103,5033.98947697711,232.8063201904297
S004,617,730,0.6445077149832191,0.648514208066169,4972.171839671096,5003.080658324103,224.1054229736328
S004,618,730,0.6405012219002694,0.6445077149832191,4941.26302101809,4972.171839671096,238.1753387451172
S004,619,730,0.6364947288173195,0.6405012219002694,4910.3542023650825,4941.26302101809,253.28311157226562
S004,620,730,0.6324882357343696,0.6364947288173195,4879.445383712075,4910.3542023650825,245.36541748046875
S004,621,730,0.6284817426514198,0.6324882357343696,4848.536565059068,4879.445383712075,245.01673889160156
S004,622,730,0.6244752495684699,0.6284817426514198,4817.62774640606,4848.536565059068,256.74700927734375
S004,623,729,0.62046875648552,0.6236548856738765,4786.718927753053,4811.298900125165,262.6319274902344
S004,623,730,0.6236548856738765,0.6244752495684699,4811.298900125165,4817.62774640606,269.24664306640625
S004,624,729,0.6164622634025702,0.62046875648552,4755.810109100046,4786.718927753053,273.4190673828125
S004,625,729,0.6124557703196203,0.6164622634025702,4724.901290447039,4755.810109100046,263.3919982910156
S004,626,729,0.6084492772366705,0.6124557703196203,4693.992471794033,4724.901290447039,249.02392578125
S004,627,729,0.6044427841537207,0.6084492772366705,4663.083653141026,4693.992471794033,259.81787109375
S004,628,729,0.6004362910707708,0.6044427841537207,4632.174834488019,4663.083653141026,256.8616027832031
S004,629,729,0.5964297979878209,0.6004362910707708,4601.266015835011,4632.174834488019,262.96710205078125
S004,630,729,0.592423304904871,0.5964297979878209,4570.357197182004,4601.266015835011,281.9906921386719
S004,631,729,0.5884168118219212,0.592423304904871,4539.448378528997,4570.357197182004,292.7298889160156
S004,632,728,0.5844103187389713,0.5857055465236507,4508.53955987599,4518.531829894216,281.0758056640625
S004,632,729,0.5857055465236507,0.5884168118219212,4518.531829894216,4539.448378528997,282.9464416503906
S004,633,728,0.5804038256560214,0.5844103187389713,4477.630741222983,4508.53955987599,268.830078125
S004,634,728,0.5763973325730716,0.5804038256560214,4446.7219225699755,4477.630741222983,259.4090576171875
S004,635,728,0.5723908394901218,0.5763973325730716,4415.813103916968,4446.7219225699755,250.90737915039062
S004,636,728,0.568384346407172,0.5723908394901218,4384.904285263961,4415.813103916968,239.4560089111328
S004,637,728,0.5643778533242221,0.568384346407172,4353.995466610954,4384.904285263961,220.03909301757812
S004,638,728,0.5603713602412722,0.5643778533242221,4323.086647957947,4353.995466610954,213.44931030273438
S004,639,728,0.5563648671583223,0.5603713602412722,4292.17782930494,4323.086647957947,231.58334350585938
S004,640,728,0.5523583740753725,0.5563648671583223,4261.269010651933,4292.17782930494,241.8838653564453
S004,641,728,0.5483518809924226,0.5523583740753725,4230.360191998926,4261.269010651933,243.23431396484375
S004,642,727,0.5443453879094727,0.547756207373425,4199.451373345919,4225.764759663268,235.0436248779297
S004,642,728,0.547756207373425,0.5483518809924226,4225.764759663268,4230.360191998926,248.972900390625
S004,643,727,0.540338894826523,0.5443453879094727,4168.542554692912,4199.451373345919,238.20452880859375
S004,644,727,0.5363324017435731,0.540338894826523,4137.633736039905,4168.542554692912,249.6328887939453
S004,645,727,0.5323259086606232,0.5363324017435731,4106.724917386898,4137.633736039905,258.0741882324219
S004,646,727,0.5283194155776734,0.5323259086606232,4075.8160987338906,4106.724917386898,261.97412109375
S004,647,727,0.5243129224947235,0.5283194155776734,4044.9072800808835,4075.8160987338906,261.73699951171875
S004,648,727,0.5203064294117736,0.5243129224947235,4013.998461427876,4044.9072800808835,251.66712951660156
S004,649,727,0.5162999363288238,0.5203064294117736,3983.089642774869,4013.998461427876,242.52313232421875
S004,650,727,0.5122934432458739,0.5162999363288238,3952.180824121862,3983.089642774869,230.7282257080078
S004,651,726,0.5082869501629241,0.5098068682231992,3921.2720054688552,3932.997689432319,229.3142547607422
S004,651,727,0.5098068682231992,0.5122934432458739,3932.997689432319,3952.180824121862,219.24574279785156
S004,652,726,0.5042804570799743,0.5082869501629241,3890.363186815848,3921.2720054688552,216.4515380859375
S004,653,726,0.5002739639970244,0.5042804570799743,3859.454368162841,3890.363186815848,207.93797302246094
S004,654,726,0.4962674709140745,0.5002739639970244,3828.545549509834,3859.454368162841,199.10415649414062
S004,655,726,0.49226097783112466,0.4962674709140745,3797.6367308568265,3828.545549509834,183.3037109375
S004,656,726,0.4882544847481748,0.49226097783112466,3766.7279122038194,3797.6367308568265,162.3950653076172
S004,657,726,0.484247991665225,0.4882544847481748,3735.819093550813,3766.7279122038194,150.92530822753906
S004,658,726,0.4802414985822751,0.484247991665225,3704.9102748978053,3735.819093550813,151.287353515625
S004,659,726,0.47623500549932524,0.4802414985822751,3674.001456244798,3704.9102748978053,156.31532287597656
S004,660,726,0.47222851241637537,0.47623500549932524,3643.092637591791,3674.001456244798,154.3355712890625
S004,661,725,0.4682220193334255,0.47185752907297346,3612.183818938784,3640.2306192013702,153.65542602539062
S004,661,726,0.47185752907297346,0.47222851241637537,3640.2306192013702,3643.092637591791,152.44845581054688
S004,662,725,0.4642155262504757,0.4682220193334255,3581.275000285777,3612.183818938784,152.39642333984375
S004,663,725,0.4602090331675258,0.4642155262504757,3550.36618163277,3581.275000285777,152.5611114501953
S004,664,725,0.45620254008457595,0.4602090331675258,3519.457362979763,3550.36618163277,152.6243438720703
S004,665,725,0.4521960470016261,0.45620254008457595,3488.5485443267553,3519.457362979763,155.0780792236328
S004,666,725,0.44818955391867626,0.4521960470016261,3457.6397256737487,3488.5485443267553,159.15647888183594
S004,667,725,0.4441830608357264,0.44818955391867626,3426.7309070207416,3457.6397256737487,178.21229553222656
S004,668,725,0.4401765677527765,0.4441830608357264,3395.822088367734,3426.7309070207416,194.13021850585938
S004,669,725,0.43617007466982666,0.4401765677527765,3364.913269714727,3395.822088367734,186.71287536621094
S004,670,724,0.43216358158687684,0.4339081899227477,3334.0044510617204,3347.463548970422,178.29190063476562
S004,670,725,0.4339081899227477,0.43617007466982666,3347.463548970422,3364.913269714727,175.8939971923828
S004,671,724,0.428157088503927,0.43216358158687684,3303.0956324087133,3334.0044510617204,168.65489196777344
S004,672,724,0.4241505954209771,0.428157088503927,3272.1868137557058,3303.0956324087133,162.89291381835938
S004,673,724,0.42014410233802724,0.4241505954209771,3241.2779951026987,3272.1868137557058,156.27044677734375
S004,674,724,0.4161376092550774,0.42014410233802724,3210.369176449692,3241.2779951026987,145.0
S004,675,724,0.41213111617212755,0.4161376092550774,3179.4603577966845,3210.369176449692,145.80996704101562
S004,676,724,0.4081246230891777,0.41213111617212755,3148.5515391436775,3179.4603577966845,149.3049774169922
S004,677,724,0.4041181300062278,0.4081246230891777,3117.6427204906704,3148.5515391436775,158.78688049316406
S004,678,724,0.400111636923278,0.4041181300062278,3086.733901837664,3117.6427204906704,164.19252014160156
S004,679,724,0.39610514384032813,0.400111636923278,3055.8250831846563,3086.733901837664,162.44692993164062
S004,680,723,0.39209865075737826,0.39595885077252196,3024.916264531649,3054.696478739473,160.19024658203125
S004,680,724,0.39595885077252196,0.39610514384032813,3054.696478739473,3055.8250831846563,165.89923095703125
S004,681,723,0.3880921576744284,0.39209865075737826,2994.007445878642,3024.916264531649,163.80648803710938
S004,682,723,0.3840856645914786,0.3880921576744284,2963.098627225635,2994.007445878642,165.24435424804688
S004,683,723,0.3800791715085287,0.3840856645914786,2932.189808572628,2963.098627225635,163.52664184570312
S004,684,723,0.37607267842557884,0.3800791715085287,2901.280989919621,2932.189808572628,156.2194366455078
S004,685,723,0.372066185342629,0.37607267842557884,2870.372171266614,2901.280989919621,153.82589721679688
S004,686,723,0.36805969225967916,0.372066185342629,2839.4633526136067,2870.372171266614,151.84320068359375
S004,687,723,0.3640531991767293,0.36805969225967916,2808.5545339605997,2839.4633526136067,154.1881866455078
S004,688,723,0.3600467060937794,0.3640531991767293,2777.6457153075926,2808.5545339605997,155.973388671875
S004,689,722,0.35604021301082955,0.35800951162229616,2746.736896654585,2761.9294085085244,143.43020629882812
S004,689,723,0.35800951162229616,0.3600467060937794,2761.9294085085244,2777.6457153075926,155.51866149902344
S004,690,722,0.3520337199278797,0.35604021301082955,2715.828078001578,2746.736896654585,142.5
S004,691,722,0.34802722684492987,0.3520337199278797,2684.9192593485714,2715.828078001578,157.056396484375
S004,692,722,0.34402073376198,0.34802722684492987,2654.0104406955643,2684.9192593485714,172.0814971923828
S004,693,722,0.34001424067903013,0.34402073376198,2623.1016220425568,2654.0104406955643,173.6873779296875
S004,694,722,0.33600774759608026,0.34001424067903013,2592.1928033895497,2623.1016220425568,190.79507446289062
S004,695,722,0.33200125451313045,0.33600774759608026,2561.283984736543,2592.1928033895497,208.95465087890625
S004,696,722,0.3279947614301806,0.33200125451313045,2530.3751660835355,2561.283984736543,208.00201416015625
S004,697,722,0.3239882683472307,0.3279947614301806,2499.4663474305285,2530.3751660835355,196.6715087890625
S004,698,721,0.31998177526428084,0.3200601724720704,2468.5575287775214,2469.1623382775756,180.39598083496094
S004,698,722,0.3200601724720704,0.3239882683472307,2469.1623382775756,2499.4663474305285,194.6613006591797
S004,699,721,0.31597528218133103,0.31998177526428084,2437.6487101245143,2468.5575287775214,175.39700317382812
S004,700,721,0.31196878909838116,0.31597528218133103,2406.7398914715072,2437.6487101245143,185.75611877441406
S004,701,721,0.3079622960154313,0.31196878909838116,2375.8310728185,2406.7398914715072,188.30691528320312
S004,702,721,0.3039558029324814,0.3079622960154313,2344.922254165493,2375.8310728185,191.6955108642578
S004,703,721,0.2999493098495316,0.3039558029324814,2314.013435512486,2344.922254165493,186.5896453857422
S004,704,721,0.29594281676658174,0.2999493098495316,2283.104616859479,2314.013435512486,170.99403381347656
S004,705,721,0.29193632368363187,0.29594281676658174,2252.195798206472,2283.104616859479,155.85409545898438
S004,706,721,0.287929830600682,0.29193632368363187,2221.286979553465,2252.195798206472,155.78257751464844
S004,707,721,0.2839233375177322,0.287929830600682,2190.3781609004577,2221.286979553465,153.3573760986328
S004,708,720,0.2799168444347823,0.28211083332184467,2159.4693422474506,2176.395268046627,152.89768981933594
S004,708,721,0.28211083332184467,0.2839233375177322,2176.395268046627,2190.3781609004577,150.20509338378906
S004,709,720,0.27591035135183245,0.2799168444347823,2128.5605235944436,2159.4693422474506,149.47525024414062
S004,710,720,0.2719038582688826,0.27591035135183245,2097.651704941436,2128.5605235944436,145.40658569335938
S004,711,720,0.26789736518593277,0.2719038582688826,2066.7428862884294,2097.651704941436,166.18807983398438
S004,712,720,0.2638908721029829,0.26789736518593277,2035.8340676354221,2066.7428862884294,193.0621795654297
S004,713,720,0.25988437902003303,0.2638908721029829,2004.925248982415,2035.8340676354221,215.29103088378906
S004,714,720,0.25587788593708316,0.25988437902003303,1974.0164303294077,2004.925248982415,227.68887329101562
S004,715,720,0.25187139285413335,0.25587788593708316,1943.1076116764011,1974.0164303294077,230.84323120117188
S004,716,720,0.24786489977118348,0.25187139285413335,1912.1987930233938,1943.1076116764011,231.8917236328125
S004,717,719,0.2438584066882336,0.24416149417161892,1881.2899743703867,1883.6281978156785,227.9234161376953
S004,717,720,0.24416149417161892,0.24786489977118348,1883.6281978156785,1912.1987930233938,223.86412048339844
S004,718,719,0.23985191360528374,0.2438584066882336,1850.3811557173794,1881.2899743703867,221.84344482421875
S004,719,719,0.2358454205223339,0.23985191360528374,1819.4723370643724,1850.3811557173794,220.85052490234375
S004,720,719,0.23183892743938403,0.2358454205223339,1788.5635184113653,1819.4723370643724,217.3641357421875
S004,721,719,0.2278324343564342,0.23183892743938403,1757.6546997583582,1788.5635184113653,210.0857391357422
S004,722,719,0.22382594127348432,0.2278324343564342,1726.7458811053511,1757.6546997583582,198.35421752929688
S004,723,719,0.21981944819053448,0.22382594127348432,1695.837062452344,1726.7458811053511,190.4971466064453
S004,724,719,0.2158129551075846,0.21981944819053448,1664.928243799337,1695.837062452344,183.481201171875
S004,725,719,0.21180646202463477,0.2158129551075846,1634.01942514633,1664.928243799337,169.05638122558594
S004,726,719,0.2077999689416849,0.21180646202463477,1603.1106064933226,1634.01942514633,157.22909545898438
S004,727,718,0.20379347585873506,0.20621215502139315,1572.2017878403158,1590.8611275847297,155.91029357910156
S004,727,719,0.20621215502139315,0.2077999689416849,1590.8611275847297,1603.1106064933226,150.47230529785156
S004,728,718,0.1997869827757852,0.20379347585873506,1541.2929691873085,1572.2017878403158,147.49911499023438
S004,729,718,0.19578048969283535,0.1997869827757852,1510.3841505343016,1541.2929691873085,147.84678649902344
S004,730,718,0.19177399660988548,0.19578048969283535,1479.4753318812943,1510.3841505343016,145.7208709716797
S004,731,718,0.18776750352693564,0.19177399660988548,1448.5665132282872,1479.4753318812943,144.21914672851562
S004,732,718,0.18376101044398577,0.18776750352693564,1417.6576945752802,1448.5665132282872,145.0550994873047
S004,733,718,0.17975451736103593,0.18376101044398577,1386.748875922273,1417.6576945752802,149.07289123535156
S004,734,718,0.17574802427808606,0.17975451736103593,1355.840057269266,1386.748875922273,156.70394897460938
S004,735,718,0.17174153119513622,0.17574802427808606,1324.931238616259,1355.840057269266,153.87069702148438
S004,736,717,0.16773503811218635,0.1682628158711674,1294.0224199632519,1298.0940573537812,148.46156311035156
S004,736,718,0.1682628158711674,0.17174153119513622,1298.0940573537812,1324.931238616259,144.3670196533203
S004,737,717,0.1637285450292365,0.16773503811218635,1263.1136013102448,1294.0224199632519,145.4068145751953
S004,738,717,0.15972205194628664,0.1637285450292365,1232.2047826572375,1263.1136013102448,144.8016357421875
S004,739,717,0.1557155588633368,0.15972205194628664,1201.2959640042307,1232.2047826572375,145.075927734375
S004,740,717,0.15170906578038693,0.1557155588633368,1170.3871453512234,1201.2959640042307,141.9512176513672
S004,741,717,0.14770257269743708,0.15170906578038693,1139.4783266982165,1170.3871453512234,136.5840301513672
S004,742,717,0.14369607961448722,0.14770257269743708,1108.5695080452092,1139.4783266982165,135.10562133789062
S004,743,717,0.13968958653153737,0.14369607961448722,1077.6606893922024,1108.5695080452092,129.97531127929688
S004,744,717,0.1356830934485875,0.13968958653153737,1046.751870739195,1077.6606893922024,136.9499969482422
S004,745,717,0.13167660036563766,0.1356830934485875,1015.8430520861881,1046.751870739195,149.88731384277344
S004,746,716,0.1276701072826878,0.13031347672094162,984.9342334331809,1005.3269871228324,163.34619140625
S004,746,717,0.13031347672094162,0.13167660036563766,1005.3269871228324,1015.8430520861881,161.64158630371094
S004,747,716,0.12366361419973794,0.1276701072826878,954.0254147801738,984.9342334331809,178.59912109375
S004,748,716,0.11965712111678808,0.12366361419973794,923.1165961271666,954.0254147801738,185.7139129638672
S004,749,716,0.11565062803383823,0.11965712111678808,892.2077774741596,923.1165961271666,187.71932983398438
S004,750,716,0.11164413495088837,0.11565062803383823,861.2989588211525,892.2077774741596,181.23397827148438
S004,751,716,0.10763764186793852,0.11164413495088837,830.3901401681454,861.2989588211525,173.88925170898438
S004,752,716,0.10363114878498866,0.10763764186793852,799.4813215151383,830.3901401681454,170.0679931640625
S004,753,716,0.09962465570203881,0.10363114878498866,768.5725028621313,799.4813215151383,164.943359375
S004,754,716,0.09561816261908895,0.09962465570203881,737.6636842091241,768.5725028621313,161.8528594970703
S004,755,715,0.0916116695361391,0.09236413757071588,706.754865556117,712.5599168918837,169.00863647460938
S004,755,716,0.09236413757071588,0.09561816261908895,712.5599168918837,737.6636842091241,153.67076110839844
S004,756,715,0.08760517645318924,0.0916116695361391,675.8460469031099,706.754865556117,160.66078186035156
S004,757,715,0.08359868337023939,0.08760517645318924,644.9372282501029,675.8460469031099,149.5489959716797
S004,758,715,0.07959219028728953,0.08359868337023939,614.0284095970958,644.9372282501029,141.8100128173828
S004,759,715,0.07558569720433968,0.07959219028728953,583.1195909440887,614.0284095970958,136.98744201660156
S004,760,715,0.07157920412138981,0.07558569720433968,552.2107722910814,583.1195909440887,131.9091339111328
S004,761,715,0.06757271103843995,0.07157920412138981,521.3019536380743,552.2107722910814,127.64614868164062
S004,762,715,0.0635662179554901,0.06757271103843995,490.39313498506726,521.3019536380743,127.2642822265625
S004,763,715,0.05955972487254025,0.0635662179554901,459.48431633206025,490.39313498506726,128.43751525878906
S004,764,715,0.055553231789590395,0.05955972487254025,428.57549767905317,459.48431633206025,133.56430053710938
S004,765,714,0.05154673870664054,0.054414798420490115,397.66667902604604,419.79284666093514,131.78041076660156
S004,765,715,0.054414798420490115,0.055553231789590395,419.79284666093514,428.57549767905317,146.40965270996094
S004,766,714,0.047540245623690684,0.05154673870664054,366.75786037303897,397.66667902604604,136.24497985839844
S004,767,714,0.04353375254074082,0.047540245623690684,335.84904172003183,366.75786037303897,148.1344757080078
S004,768,714,0.03952725945779097,0.04353375254074082,304.9402230670247,335.84904172003183,153.51010131835938
S004,769,714,0.03552076637484111,0.03952725945779097,274.03140441401763,304.9402230670247,154.50082397460938
S004,770,714,0.03151427329189126,0.03552076637484111,243.12258576101055,274.03140441401763,149.6065673828125
S004,771,714,0.0275077802089414,0.03151427329189126,212.21376710800345,243.12258576101055,148.6941375732422
S004,772,714,0.023501287125991546,0.0275077802089414,181.30494845499635,212.21376710800345,146.64341735839844
S004,773,714,0.01949479404304169,0.023501287125991546,150.39612980198928,181.30494845499635,142.61325073242188
S004,774,713,0.015488300960091836,0.016465459270264358,119.48731114898217,127.02577642998646,135.18157958984375
S004,774,714,0.016465459270264358,0.01949479404304169,127.02577642998646,150.39612980198928,140.734619140625
S004,775,713,0.01148180787714198,0.015488300960091836,88.57849249597508,119.48731114898217,133.6541290283203
S004,776,713,0.007475314794192125,0.01148180787714198,57.66967384296798,88.57849249597508,133.40194702148438
S004,777,713,0.0034688217112422686,0.007475314794192125,26.760855189960886,57.66967384296798,130.80474853515625
S004,778,713,0.0,0.0034688217112422686,0.0,26.760855189960886,128.7255401611328
S008,523,648,0.9971022643870437,1.0,8055.699322720015,8079.110448788476,248.2891845703125
S008,524,648,0.9931900005039059,0.9971022643870437,8024.091710703338,8055.699322720015,252.99481201171875
S008,525,648,0.9906395279255445,0.9931900005039059,8003.48616104615,8024.091710703338,253.4600830078125
S008,525,649,0.9892777366207681,0.9906395279255445,7992.484098686662,8003.48616104615,260.12530517578125
S008,526,649,0.9853654727376303,0.9892777366207681,7960.876486669985,7992.484098686662,261.23358154296875
S008,527,649,0.9814532088544926,0.9853654727376303,7929.2688746533095,7960.876486669985,260.3319091796875
S008,528,649,0.9775409449713548,0.9814532088544926,7897.661262636633,7929.2688746533095,256.8560485839844
S008,529,649,0.9752965039382668,0.9775409449713548,7879.528175634522,7897.661262636633,258.8279724121094
S008,529,650,0.973628681088217,0.9752965039382668,7866.053650619957,7879.528175634522,276.72137451171875
S008,530,650,0.9697164172050792,0.973628681088217,7834.44603860328,7866.053650619957,283.3652648925781
S008,531,650,0.9658041533219414,0.9697164172050792,7802.838426586603,7834.44603860328,295.6534423828125
S008,532,650,0.9618918894388035,0.9658041533219414,7771.230814569927,7802.838426586603,306.58551025390625
S008,533,650,0.9599534799509891,0.9618918894388035,7755.570190222895,7771.230814569927,314.31085205078125
S008,533,651,0.9579796255556658,0.9599534799509891,7739.623202553252,7755.570190222895,322.9093322753906
S008,534,651,0.954067361672528,0.9579796255556658,7708.0155905365755,7739.623202553252,307.96917724609375
S008,535,651,0.9501550977893902,0.954067361672528,7676.407978519898,7708.0155905365755,285.2511901855469
S008,536,651,0.9462428339062524,0.9501550977893902,7644.800366503222,7676.407978519898,267.1428527832031
S008,537,651,0.9446104559637114,0.9462428339062524,7631.6122048112675,7644.800366503222,252.4549102783203
S008,537,652,0.9423305700231146,0.9446104559637114,7613.192754486546,7631.6122048112675,255.05564880371094
S008,538,652,0.9384183061399769,0.9423305700231146,7581.58514246987,7613.192754486546,240.59654235839844
S008,539,652,0.9345060422568391,0.9384183061399769,7549.977530453194,7581.58514246987,236.01766967773438
S008,540,652,0.9305937783737013,0.9345060422568391,7518.369918436517,7549.977530453194,234.4785614013672
S008,541,652,0.9292674319764338,0.9305937783737013,7507.65421939964,7518.369918436517,239.03366088867188
S008,541,653,0.9266815144905635,0.9292674319764338,7486.762306419841,7507.65421939964,252.37945556640625
S008,542,653,0.9227692506074257,0.9266815144905635,7455.154694403164,7486.762306419841,237.24539184570312
S008,543,653,0.9188569867242878,0.9227692506074257,7423.547082386488,7455.154694403164,226.18600463867188
S008,544,653,0.9149447228411501,0.9188569867242878,7391.939470369812,7423.547082386488,219.0988006591797
S008,545,653,0.9139244079891561,0.9149447228411501,7383.696233988013,7391.939470369812,219.0626678466797
S008,545,654,0.9110324589580123,0.9139244079891561,7360.331858353135,7383.696233988013,230.2826385498047
S008,546,654,0.9071201950748745,0.9110324589580123,7328.724246336459,7360.331858353135,230.05514526367188
S008,547,654,0.9032079311917367,0.9071201950748745,7297.116634319783,7328.724246336459,225.15780639648438
S008,548,654,0.8992956673085989,0.9032079311917367,7265.509022303107,7297.116634319783,223.51820373535156
S008,549,654,0.8985813840018784,0.8992956673085989,7259.738248576386,7265.509022303107,210.32510375976562
S008,549,655,0.8953834034254611,0.8985813840018784,7233.901410286429,7259.738248576386,218.54214477539062
S008,550,655,0.8914711395423234,0.8953834034254611,7202.293798269754,7233.901410286429,207.2244110107422
S008,551,655,0.8875588756591856,0.8914711395423234,7170.686186253078,7202.293798269754,213.6440887451172
S008,552,655,0.8836466117760478,0.8875588756591856,7139.078574236401,7170.686186253078,221.5296173095703
S008,553,655,0.8832383600146008,0.8836466117760478,7135.780263164758,7139.078574236401,208.28152465820312
S008,553,656,0.8797343478929099,0.8832383600146008,7107.470962219725,7135.780263164758,204.43264770507812
S008,554,656,0.8758220840097721,0.8797343478929099,7075.863350203048,7107.470962219725,198.7283477783203
S008,555,656,0.8719098201266344,0.8758220840097721,7044.255738186373,7075.863350203048,206.4857177734375
S008,556,656,0.8679975562434966,0.8719098201266344,7012.648126169696,7044.255738186373,199.54124450683594
S008,557,656,0.867895336027323,0.8679975562434966,7011.822277753131,7012.648126169696,190.30491638183594
S008,557,657,0.8640852923603588,0.867895336027323,6981.04051415302,7011.822277753131,191.31826782226562
S008,558,657,0.860173028477221,0.8640852923603588,6949.432902136344,6981.04051415302,202.4349822998047
S008,559,657,0.8562607645940832,0.860173028477221,6917.8252901196665,6949.432902136344,202.85975646972656
S008,560,657,0.8525523120400453,0.8562607645940832,6887.864292341504,6917.8252901196665,191.2307586669922
S008,560,658,0.8523485007109454,0.8525523120400453,6886.21767810299,6887.864292341504,202.55966186523438
S008,561,658,0.8484362368278077,0.8523485007109454,6854.610066086315,6886.21767810299,217.213134765625
S008,562,658,0.8445239729446699,0.8484362368278077,6823.002454069639,6854.610066086315,231.8065643310547
S008,563,658,0.840611709061532,0.8445239729446699,6791.394842052962,6823.002454069639,246.42410278320312
S008,564,658,0.8372092880527677,0.840611709061532,6763.906306929876,6791.394842052962,254.71351623535156
S008,564,659,0.8366994451783942,0.8372092880527677,6759.787230036285,6763.906306929876,250.45384216308594
S008,565,659,0.8327871812952564,0.8366994451783942,6728.179618019609,6759.787230036285,245.50759887695312
S008,566,659,0.8288749174121186,0.8327871812952564,6696.5720060029325,6728.179618019609,237.06053161621094
S008,567,659,0.8249626535289809,0.8288749174121186,6664.964393986257,6696.5720060029325,241.52883911132812
S008,568,659,0.82186626406549,0.8249626535289809,6639.948321518249,6664.964393986257,236.06332397460938
S008,568,660,0.8210503896458431,0.82186626406549,6633.35678196958,6639.948321518249,235.2439422607422
S008,569,660,0.8171381257627053,0.8210503896458431,6601.749169952904,6633.35678196958,247.95494079589844
S008,570,660,0.8132258618795675,0.8171381257627053,6570.141557936227,6601.749169952904,247.53948974609375
S008,571,660,0.8093135979964297,0.8132258618795675,6538.533945919551,6570.141557936227,245.1039276123047
S008,572,660,0.8065232400782123,0.8093135979964297,6515.990336106622,6538.533945919551,241.39601135253906
S008,572,661,0.8054013341132918,0.8065232400782123,6506.926333902875,6515.990336106622,231.56979370117188
S008,573,661,0.8014890702301541,0.8054013341132918,6475.318721886199,6506.926333902875,229.89999389648438
S008,574,661,0.7975768063470163,0.8014890702301541,6443.711109869522,6475.318721886199,221.8558807373047
S008,575,661,0.7936645424638785,0.7975768063470163,6412.103497852846,6443.711109869522,203.32150268554688
S008,576,661,0.7911802160909347,0.7936645424638785,6392.032350694994,6412.103497852846,200.58766174316406
S008,576,662,0.7897522785807407,0.7911802160909347,6380.49588583617,6392.032350694994,195.0727081298828
S008,577,662,0.7858400146976029,0.7897522785807407,6348.888273819493,6380.49588583617,212.3238067626953
S008,578,662,0.7819277508144652,0.7858400146976029,6317.280661802817,6348.888273819493,218.56076049804688
S008,579,662,0.7780154869313274,0.7819277508144652,6285.673049786141,6317.280661802817,199.82032775878906
S008,580,662,0.775837192103657,0.7780154869313274,6268.074365283367,6285.673049786141,189.5645751953125
S008,580,663,0.7741032230481896,0.775837192103657,6254.065437769465,6268.074365283367,190.67898559570312
S008,581,663,0.7701909591650518,0.7741032230481896,6222.457825752788,6254.065437769465,192.41534423828125
S008,582,663,0.766278695281914,0.7701909591650518,6190.850213736112,6222.457825752788,192.0325164794922
S008,583,663,0.7623664313987761,0.766278695281914,6159.242601719435,6190.850213736112,196.55072021484375
S008,584,663,0.7604941681163793,0.7623664313987761,6144.11637987174,6159.242601719435,216.90191650390625
S008,584,664,0.7584541675156384,0.7604941681163793,6127.634989702759,6144.11637987174,219.23544311523438
S008,585,664,0.7545419036325006,0.7584541675156384,6096.027377686083,6127.634989702759,241.48922729492188
S008,586,664,0.7506296397493628,0.7545419036325006,6064.419765669407,6096.027377686083,248.68333435058594
S008,587,664,0.746717375866225,0.7506296397493628,6032.81215365273,6064.419765669407,245.6693878173828
S008,588,664,0.7451511441291016,0.746717375866225,6020.158394460112,6032.81215365273,240.32928466796875
S008,588,665,0.7428051119830872,0.7451511441291016,6001.204541636053,6020.158394460112,226.0297393798828
S008,589,665,0.7388928480999494,0.7428051119830872,5969.596929619377,6001.204541636053,224.2071990966797
S008,590,665,0.7349805842168117,0.7388928480999494,5937.989317602702,5969.596929619377,218.881591796875
S008,591,665,0.7310683203336739,0.7349805842168117,5906.381705586025,5937.989317602702,226.5134735107422
S008,592,665,0.729808120141824,0.7310683203336739,5896.200409048485,5906.381705586025,238.0721435546875
S008,592,666,0.727156056450536,0.729808120141824,5874.774093569348,5896.200409048485,228.270751953125
S008,593,666,0.7232437925673982,0.727156056450536,5843.166481552672,5874.774093569348,213.64059448242188
S008,594,666,0.7193315286842604,0.7232437925673982,5811.558869535996,5843.166481552672,211.96286010742188
S008,595,666,0.7154192648011227,0.7193315286842604,5779.95125751932,5811.558869535996,222.84323120117188
S008,596,666,0.7144650961545462,0.7154192648011227,5772.242423636858,5779.95125751932,237.42918395996094
S008,596,667,0.7115070009179849,0.7144650961545462,5748.343645502644,5772.242423636858,227.80665588378906
S008,597,667,0.7075947370348471,0.7115070009179849,5716.736033485967,5748.343645502644,244.96237182617188
S008,598,667,0.7036824731517093,0.7075947370348471,5685.1284214692905,5716.736033485967,261.4875793457031
S008,599,667,0.6997702092685715,0.7036824731517093,5653.520809452614,5685.1284214692905,255.89830017089844
S008,600,667,0.6991220721672685,0.6997702092685715,5648.28443822523,5653.520809452614,241.87957763671875
S008,600,668,0.6958579453854337,0.6991220721672685,5621.913197435938,5648.28443822523,231.92626953125
S008,601,668,0.691945681502296,0.6958579453854337,5590.305585419263,5621.913197435938,228.82870483398438
S008,602,668,0.6880334176191581,0.691945681502296,5558.697973402585,5590.305585419263,231.58534240722656
S008,603,668,0.6841211537360203,0.6880334176191581,5527.090361385909,5558.697973402585,241.96456909179688
S008,604,668,0.6837790481799909,0.6841211537360203,5524.326452813603,5527.090361385909,254.61631774902344
S008,604,669,0.6802088898528825,0.6837790481799909,5495.482749369233,5524.326452813603,252.05604553222656
S008,605,669,0.6762966259697447,0.6802088898528825,5463.8751373525565,5495.482749369233,262.9507751464844
S008,606,669,0.6723843620866069,0.6762966259697447,5432.267525335879,5463.8751373525565,275.5279235839844
S008,607,669,0.6684720982034692,0.6723843620866069,5400.659913319204,5432.267525335879,292.4982604980469
S008,608,669,0.6684360241927132,0.6684720982034692,5400.368467401976,5400.659913319204,305.9945373535156
S008,608,670,0.6645598343203314,0.6684360241927132,5369.052301302528,5400.368467401976,305.5211181640625
S008,609,670,0.6606475704371936,0.6645598343203314,5337.444689285851,5369.052301302528,315.0748596191406
S008,610,670,0.6567353065540558,0.6606475704371936,5305.837077269175,5337.444689285851,317.5588684082031
S008,611,670,0.6530930002054355,0.6567353065540558,5276.410481990348,5305.837077269175,309.3165283203125
S008,611,671,0.652823042670918,0.6530930002054355,5274.229465252498,5276.410481990348,301.1072998046875
S008,612,671,0.6489107787877801,0.652823042670918,5242.621853235822,5274.229465252498,287.38836669921875
S008,613,671,0.6449985149046424,0.6489107787877801,5211.014241219146,5242.621853235822,284.62261962890625
S008,614,671,0.6410862510215046,0.6449985149046424,5179.40662920247,5211.014241219146,300.010498046875
S008,615,671,0.6377499762181579,0.6410862510215046,5152.452496578721,5179.40662920247,304.4717102050781
S008,615,672,0.6371739871383668,0.6377499762181579,5147.799017185794,5152.452496578721,297.9179382324219
S008,616,672,0.633261723255229,0.6371739871383668,5116.1914051691165,5147.799017185794,288.0013427734375
S008,617,672,0.6293494593720912,0.633261723255229,5084.58379315244,5116.1914051691165,270.8594665527344
S008,618,672,0.6254371954889535,0.6293494593720912,5052.976181135765,5084.58379315244,253.53060913085938
S008,619,672,0.6224069522308802,0.6254371954889535,5028.494511167094,5052.976181135765,233.08123779296875
S008,619,673,0.6215249316058157,0.6224069522308802,5021.3685691190885,5028.494511167094,229.59461975097656
S008,620,673,0.6176126677226779,0.6215249316058157,4989.760957102412,5021.3685691190885,234.39305114746094
S008,621,673,0.61370040383954,0.6176126677226779,4958.153345085735,4989.760957102412,255.9833221435547
S008,622,673,0.6097881399564022,0.61370040383954,4926.545733069059,4958.153345085735,268.4632263183594
S008,623,673,0.6070639282436024,0.6097881399564022,4904.536525755466,4926.545733069059,275.5881652832031
S008,623,674,0.6058758760732644,0.6070639282436024,4894.9381210523825,4904.536525755466,276.8590087890625
S008,624,674,0.6019636121901267,0.6058758760732644,4863.330509035707,4894.9381210523825,262.01580810546875
S008,625,674,0.5980513483069889,0.6019636121901267,4831.72289701903,4863.330509035707,244.2054443359375
S008,626,674,0.5941390844238511,0.5980513483069889,4800.115285002354,4831.72289701903,250.56796264648438
S008,627,674,0.5917209042563247,0.5941390844238511,4780.5785403438385,4800.115285002354,270.2376403808594
S008,627,675,0.5902268205407133,0.5917209042563247,4768.507672985677,4780.5785403438385,257.5056457519531
S008,628,675,0.5863145566575755,0.5902268205407133,4736.900060969001,4768.507672985677,270.4479675292969
S008,629,675,0.5824022927744377,0.5863145566575755,4705.292448952325,4736.900060969001,288.4785461425781
S008,630,675,0.5784900288913,0.5824022927744377,4673.6848369356485,4705.292448952325,305.3985900878906
S008,631,675,0.5763778802690471,0.5784900288913,4656.620554932212,4673.6848369356485,300.09515380859375
S008,631,676,0.5745777650081622,0.5763778802690471,4642.077224918972,4656.620554932212,305.68731689453125
S008,632,676,0.5706655011250243,0.5745777650081622,4610.469612902296,4642.077224918972,299.40216064453125
S008,633,676,0.5667532372418865,0.5706655011250243,4578.86200088562,4610.469612902296,293.9507751464844
S008,634,676,0.5628409733587487,0.5667532372418865,4547.254388868943,4578.86200088562,298.74542236328125
S008,635,676,0.5610348562817694,0.5628409733587487,4532.662569520584,4547.254388868943,291.4376220703125
S008,635,677,0.558928709475611,0.5610348562817694,4515.646776852267,4532.662569520584,291.9681396484375
S008,636,677,0.5550164455924732,0.558928709475611,4484.039164835591,4515.646776852267,276.5382385253906
S008,637,677,0.5511041817093354,0.5550164455924732,4452.4315528189145,4484.039164835591,260.5283508300781
S008,638,677,0.5471919178261976,0.5511041817093354,4420.823940802238,4452.4315528189145,243.53675842285156
S008,639,677,0.5456918322944917,0.5471919178261976,4408.704584108957,4420.823940802238,256.2218017578125
S008,639,678,0.5432796539430598,0.5456918322944917,4389.216328785562,4408.704584108957,254.3681182861328
S008,640,678,0.539367390059922,0.5432796539430598,4357.608716768885,4389.216328785562,270.6124267578125
S008,641,678,0.5354551261767843,0.539367390059922,4326.001104752209,4357.608716768885,283.2336120605469
S008,642,678,0.5315428622936464,0.5354551261767843,4294.393492735533,4326.001104752209,296.9696960449219
S008,643,678,0.5303488083072141,0.5315428622936464,4284.74659869733,4294.393492735533,304.9871826171875
S008,643,679,0.5276305984105086,0.5303488083072141,4262.785880718857,4284.74659869733,300.735595703125
S008,644,679,0.5237183345273708,0.5276305984105086,4231.17826870218,4262.785880718857,288.2223815917969
S008,645,679,0.519806070644233,0.5237183345273708,4199.570656685503,4231.17826870218,271.87689208984375
S008,646,679,0.5158938067610952,0.519806070644233,4167.963044668827,4199.570656685503,253.44384765625
S008,647,679,0.5150057843199364,0.5158938067610952,4160.788613285702,4167.963044668827,242.47157287597656
S008,647,680,0.5119815428779575,0.5150057843199364,4136.355432652152,4160.788613285702,238.73394775390625
S008,648,680,0.5080692789948197,0.5119815428779575,4104.747820635475,4136.355432652152,252.0584716796875
S008,649,680,0.5041570151116819,0.5080692789948197,4073.1402086187986,4104.747820635475,265.89813232421875
S008,650,680,0.5002447512285441,0.5041570151116819,4041.532596602122,4073.1402086187986,279.37054443359375
S008,651,680,0.4996627603326587,0.5002447512285441,4036.830627874075,4041.532596602122,284.017822265625
S008,651,681,0.4963324873454063,0.4996627603326587,4009.924984585446,4036.830627874075,286.32275390625
S008,652,681,0.4924202234622685,0.4963324873454063,3978.3173725687698,4009.924984585446,277.38739013671875
S008,653,681,0.4885079595791307,0.4924202234622685,3946.709760552093,3978.3173725687698,256.21453857421875
S008,654,681,0.4845956956959929,0.4885079595791307,3915.102148535417,3946.709760552093,232.9689178466797
S008,655,681,0.484319736345381,0.4845956956959929,3912.8726424624474,3915.102148535417,234.9308624267578
S008,655,682,0.4806834318128551,0.484319736345381,3883.4945365187405,3912.8726424624474,235.9147186279297
S008,656,682,0.4767711679297173,0.4806834318128551,3851.886924502064,3883.4945365187405,251.7985382080078
S008,657,682,0.47285890404657954,0.4767711679297173,3820.279312485388,3851.886924502064,263.96722412109375
S008,658,682,0.46897671235810334,0.47285890404657954,3788.91465705082,3820.279312485388,264.4530334472656
S008,658,683,0.46894664016344173,0.46897671235810334,3788.6717004687116,3788.91465705082,254.4922332763672
S008,659,683,0.4650343762803039,0.46894664016344173,3757.0640884520353,3788.6717004687116,237.32525634765625
S008,660,683,0.46112211239716616,0.4650343762803039,3725.456476435359,3757.0640884520353,237.97767639160156
S008,661,683,0.45720984851402835,0.46112211239716616,3693.8488644186828,3725.456476435359,251.8332977294922
S008,662,683,0.4536336883708256,0.45720984851402835,3664.956671639193,3693.8488644186828,264.3040466308594
S008,662,684,0.45329758463089054,0.4536336883708256,3662.241252402006,3664.956671639193,264.4491271972656
S008,663,684,0.4493853207477528,0.45329758463089054,3630.63364038533,3662.241252402006,274.5884094238281
S008,664,684,0.44547305686461497,0.4493853207477528,3599.026028368654,3630.63364038533,287.5166015625
S008,665,684,0.4415607929814772,0.44547305686461497,3567.4184163519776,3599.026028368654,299.5338134765625
S008,666,684,0.43829066438354797,0.4415607929814772,3540.9986862275655,3567.4184163519776,294.2038269042969
S008,666,685,0.4376485290983394,0.43829066438354797,3535.8108043353013,3540.9986862275655,289.7340393066406
S008,667,685,0.4337362652152016,0.4376485290983394,3504.2031923186246,3535.8108043353013,272.85498046875
S008,668,685,0.42982400133206383,0.4337362652152016,3472.5955803019488,3504.2031923186246,265.2282409667969
S008,669,685,0.425911737448926,0.42982400133206383,3440.987968285272,3472.5955803019488,261.178955078125
S008,670,685,0.4229476403962703,0.425911737448926,3417.040700815938,3440.987968285272,261.55853271484375
S008,670,686,0.4219994735657882,0.4229476403962703,3409.3803562685957,3417.040700815938,243.28456115722656
S008,671,686,0.41808720968265045,0.4219994735657882,3377.77274425192,3409.3803562685957,251.5581512451172
S008,672,686,0.41417494579951264,0.41808720968265045,3346.165132235243,3377.77274425192,267.4793701171875
S008,673,686,0.4102626819163748,0.41417494579951264,3314.557520218567,3346.165132235243,274.6983642578125
S008,674,686,0.4076046164089926,0.4102626819163748,3293.082715404311,3314.557520218567,261.7333679199219
S008,674,687,0.40635041803323707,0.4076046164089926,3282.9499082018906,3293.082715404311,252.66204833984375
S008,675,687,0.40243815415009926,0.40635041803323707,3251.3422961852143,3282.9499082018906,233.77346801757812
S008,676,687,0.39852589026696145,0.40243815415009926,3219.7346841685376,3251.3422961852143,218.54376220703125
S008,677,687,0.3946136263838237,0.39852589026696145,3188.1270721518617,3219.7346841685376,208.74270629882812
S008,678,687,0.39226159242171493,0.3946136263838237,3169.1247299926836,3188.1270721518617,221.69253540039062
S008,678,688,0.3907013625006859,0.39226159242171493,3156.5194601351855,3169.1247299926836,213.09124755859375
S008,679,688,0.38678909861754807,0.3907013625006859,3124.9118481185087,3156.5194601351855,215.8779754638672
S008,680,688,0.3828768347344103,0.38678909861754807,3093.304236101833,3124.9118481185087,206.69134521484375
S008,681,688,0.3789645708512725,0.3828768347344103,3061.696624085156,3093.304236101833,195.11061096191406
S008,682,688,0.3769185684344373,0.3789645708512725,3045.1667445810563,3061.696624085156,189.26210021972656
S008,682,689,0.3750523069681347,0.3769185684344373,3030.08901206848,3045.1667445810563,189.5266876220703
S008,683,689,0.37114004308499693,0.3750523069681347,2998.481400051804,3030.08901206848,201.4029083251953
S008,684,689,0.3672277792018591,0.37114004308499693,2966.8737880351273,2998.481400051804,217.3805389404297
S008,685,689,0.36331551531872136,0.3672277792018591,2935.2661760184515,2966.8737880351273,233.81436157226562
S008,686,689,0.36157554444715956,0.36331551531872136,2921.208759169429,2935.2661760184515,227.56387329101562
S008,686,690,0.35940325143558355,0.36157554444715956,2903.6585640017747,2921.208759169429,230.9404296875
S008,687,690,0.35549098755244574,0.35940325143558355,2872.0509519850984,2903.6585640017747,219.34292602539062
S008,688,690,0.351578723669308,0.35549098755244574,2840.443339968422,2872.0509519850984,204.6278533935547
S008,689,690,0.34766645978617017,0.351578723669308,2808.835727951746,2840.443339968422,188.54307556152344
S008,690,690,0.3462325204598819,0.34766645978617017,2797.2507737578017,2808.835727951746,188.63851928710938
S008,690,691,0.34375419590303236,0.3462325204598819,2777.2281159350696,2797.2507737578017,202.43679809570312
S008,691,691,0.3398419320198946,0.34375419590303236,2745.6205039183933,2777.2281159350696,197.51866149902344
S008,692,691,0.3359296681367568,0.3398419320198946,2714.012891901717,2745.6205039183933,203.52493286132812
S008,693,691,0.332017404253619,0.3359296681367568,2682.4052798850403,2714.012891901717,206.86363220214844
S008,694,691,0.3308894964726042,0.332017404253619,2673.292788346174,2682.4052798850403,204.5586395263672
S008,694,692,0.3281051403704812,0.3308894964726042,2650.7976678683644,2673.292788346174,208.65528869628906
S008,695,692,0.3241928764873434,0.3281051403704812,2619.1900558516877,2650.7976678683644,203.07904052734375
S008,696,692,0.3202806126042056,0.3241928764873434,2587.5824438350114,2619.1900558516877,197.65887451171875
S008,697,692,0.31636834872106784,0.3202806126042056,2555.9748318183356,2587.5824438350114,198.179931640625
S008,698,692,0.3155464724853265,0.31636834872106784,2549.334802934547,2555.9748318183356,202.21958923339844
S008,698,693,0.31245608483793,0.3155464724853265,2524.367219801659,2549.334802934547,187.4729766845703
S008,699,693,0.3085438209547922,0.31245608483793,2492.7596077849826,2524.367219801659,190.19015502929688
S008,700,693,0.30463155707165446,0.3085438209547922,2461.1519957683063,2492.7596077849826,199.13455200195312
S008,701,693,0.30071929318851665,0.30463155707165446,2429.54438375163,2461.1519957683063,204.71510314941406
S008,702,693,0.30020344849804886,0.30071929318851665,2425.3768175229197,2429.54438375163,207.65652465820312
S008,702,694,0.29680702930537883,0.30020344849804886,2397.9367717349537,2425.3768175229197,204.0930938720703
S008,703,694,0.2928947654222411,0.29680702930537883,2366.3291597182774,2397.9367717349537,195.38876342773438
S008,704,694,0.28898250153910326,0.2928947654222411,2334.721547701601,2366.3291597182774,194.2313690185547
S008,705,694,0.2850702376559655,0.28898250153910326,2303.113935684925,2334.721547701601,182.5805206298828
S008,706,694,0.28486042451077115,0.2850702376559655,2301.418832111292,2303.113935684925,158.82687377929688
S008,706,695,0.2811579737728277,0.28486042451077115,2271.5063236682486,2301.418832111292,161.69569396972656
S008,707,695,0.2772457098896899,0.2811579737728277,2239.898711651572,2271.5063236682486,150.10281372070312
S008,708,695,0.2733334460065521,0.2772457098896899,2208.291099634896,2239.898711651572,148.82444763183594
S008,709,695,0.2695174005234935,0.2733334460065521,2177.4608466996647,2208.291099634896,150.2891082763672
S008,709,696,0.2694211821234143,0.2695174005234935,2176.6834876182197,2177.4608466996647,157.32200622558594
S008,710,696,0.2655089182402765,0.2694211821234143,2145.075875601543,2176.6834876182197,151.3913116455078
S008,711,696,0.26159665435713875,0.2655089182402765,2113.468263584867,2145.075875601543,158.80348205566406
S008,712,696,0.25768439047400094,0.26159665435713875,2081.8606515681904,2113.468263584867,174.8004913330078
S008,713,696,0.2541743765362158,0.25768439047400094,2053.5028612880374,2081.8606515681904,189.58364868164062
S008,713,697,0.2537721265908631,0.2541743765362158,2050.253039551514,2053.5028612880374,179.4084930419922
S008,714,697,0.24985986270772534,0.2537721265908631,2018.6454275348378,2050.253039551514,192.6483917236328
S008,715,697,0.24594759882458755,0.24985986270772534,1987.0378155181616,2018.6454275348378,203.0789031982422
S008,716,697,0.24203533494144977,0.24594759882458755,1955.4302035014853,1987.0378155181616,209.68287658691406
S008,717,697,0.23883135254893811,0.24203533494144977,1929.54487587641,1955.4302035014853,210.35076904296875
S008,717,698,0.23812307105831196,0.23883135254893811,1923.8225914848088,1929.54487587641,212.54971313476562
S008,718,698,0.23421080717517417,0.23812307105831196,1892.2149794681327,1923.8225914848088,209.1463165283203
S008,719,698,0.2302985432920364,0.23421080717517417,1860.6073674514564,1892.2149794681327,197.91146850585938
S008,720,698,0.2263862794088986,0.2302985432920364,1828.9997554347801,1860.6073674514564,191.08619689941406
S008,721,698,0.22348832856166043,0.2263862794088986,1805.5868904647828,1828.9997554347801,181.96324157714844
S008,721,699,0.2224740155257608,0.22348832856166043,1797.3921434181036,1805.5868904647828,179.50616455078125
S008,722,699,0.218561751642623,0.2224740155257608,1765.7845314014273,1797.3921434181036,157.97300720214844
S008,723,699,0.21464948775948522,0.218561751642623,1734.176919384751,1765.7845314014273,144.53883361816406
S008,724,699,0.2107372238763474,0.21464948775948522,1702.5693073680748,1734.176919384751,140.2158660888672
S008,725,699,0.20814530457438274,0.2107372238763474,1681.6289050531552,1702.5693073680748,138.32093811035156
S008,725,700,0.20682495999320963,0.20814530457438274,1670.9616953513985,1681.6289050531552,139.40574645996094
S008,726,700,0.20291269611007184,0.20682495999320963,1639.3540833347222,1670.9616953513985,141.15771484375
S008,727,700,0.19900043222693403,0.20291269611007184,1607.7464713180457,1639.3540833347222,141.211669921875
S008,728,700,0.19508816834379625,0.19900043222693403,1576.1388593013694,1607.7464713180457,140.5471954345703
S008,729,700,0.19280228058710508,0.19508816834379625,1557.6709196415281,1576.1388593013694,138.2509307861328
S008,729,701,0.19117590446065846,0.19280228058710508,1544.531247284693,1557.6709196415281,137.32992553710938
S008,730,701,0.18726364057752068,0.19117590446065846,1512.9236352680168,1544.531247284693,136.0429229736328
S008,731,701,0.18335137669438287,0.18726364057752068,1481.3160232513405,1512.9236352680168,156.3429412841797
S008,732,701,0.17943911281124508,0.18335137669438287,1449.7084112346643,1481.3160232513405,169.06527709960938
S008,733,701,0.1774592565998274,0.17943911281124508,1433.7129342299008,1449.7084112346643,173.8075408935547
S008,733,702,0.1755268489281073,0.1774592565998274,1418.100799217988,1433.7129342299008,162.65591430664062
S008,734,702,0.1716145850449695,0.1755268489281073,1386.4931872013115,1418.100799217988,163.59104919433594
S008,735,702,0.1677023211618317,0.1716145850449695,1354.8855751846352,1386.4931872013115,170.7978515625
S008,736,702,0.16379005727869392,0.1677023211618317,1323.277963167959,1354.8855751846352,185.29049682617188
S008,737,702,0.1621162326125497,0.16379005727869392,1309.7549488182733,1323.277963167959,200.30059814453125
S008,737,703,0.1598777933955561,0.1621162326125497,1291.6703511512826,1309.7549488182733,194.78147888183594
S008,738,703,0.15596552951241832,0.1598777933955561,1260.0627391346063,1291.6703511512826,204.2788543701172
S008,739,703,0.15205326562928054,0.15596552951241832,1228.45512711793,1260.0627391346063,201.02774047851562
S008,740,703,0.14814100174614275,0.15205326562928054,1196.8475151012537,1228.45512711793,201.4271697998047
S008,741,703,0.14677320862527202,0.14814100174614275,1185.796963406646,1196.8475151012537,200.16481018066406
S008,741,704,0.14422873786300494,0.14677320862527202,1165.2399030845772,1185.796963406646,205.1633758544922
S008,742,704,0.14031647397986716,0.14422873786300494,1133.632291067901,1165.2399030845772,203.5731201171875
S008,743,704,0.13640421009672937,0.14031647397986716,1102.024679051225,1133.632291067901,200.187255859375
S008,744,704,0.13249194621359156,0.13640421009672937,1070.4170670345484,1102.024679051225,195.7525634765625
S008,745,704,0.13143018463799433,0.13249194621359156,1061.8389779950187,1070.4170670345484,198.57191467285156
S008,745,705,0.12857968233045378,0.13143018463799433,1038.809455017872,1061.8389779950187,196.6827392578125
S008,746,705,0.12466741844731598,0.12857968233045378,1007.2018430011957,1038.809455017872,199.77774047851562
S008,747,705,0.1207551545641782,0.12466741844731598,975.5942309845194,1007.2018430011957,193.27687072753906
S008,748,705,0.1168428906810404,0.1207551545641782,943.9866189678431,975.5942309845194,180.83560180664062
S008,749,705,0.11608716065071666,0.1168428906810404,937.8809925833914,943.9866189678431,167.61489868164062
S008,749,706,0.11293062679790261,0.11608716065071666,912.3790069511668,937.8809925833914,174.8217315673828
S008,750,706,0.10901836291476481,0.11293062679790261,880.7713949344904,912.3790069511668,165.09619140625
S008,751,706,0.10510609903162701,0.10901836291476481,849.1637829178142,880.7713949344904,154.4271697998047
S008,752,706,0.10119383514848923,0.10510609903162701,817.5561709011379,849.1637829178142,154.34803771972656
S008,753,706,0.10074413666343898,0.10119383514848923,813.9230071717641,817.5561709011379,166.96524047851562
S008,753,707,0.09728157126535143,0.10074413666343898,785.9485588844615,813.9230071717641,181.98526000976562
S008,754,707,0.09336930738221365,0.09728157126535143,754.3409468677853,785.9485588844615,174.5121612548828
S008,755,707,0.08945704349907585,0.09336930738221365,722.7333348511089,754.3409468677853,169.1483612060547
S008,756,707,0.08554477961593805,0.08945704349907585,691.1257228344325,722.7333348511089,165.27374267578125
S008,757,707,0.0854011126761613,0.08554477961593805,689.9650217601367,691.1257228344325,160.87911987304688
S008,757,708,0.08163251573280027,0.0854011126761613,659.5181108177563,689.9650217601367,171.21006774902344
S008,758,708,0.07772025184966247,0.08163251573280027,627.9104988010799,659.5181108177563,163.02462768554688
S008,759,708,0.07380798796652469,0.07772025184966247,596.3028867844037,627.9104988010799,155.14585876464844
S008,760,708,0.07005808868888362,0.07380798796652469,566.0070363485094,596.3028867844037,140.00267028808594
S008,760,709,0.06989572408338689,0.07005808868888362,564.6952747677274,566.0070363485094,138.98719787597656
S008,761,709,0.06598346020024909,0.06989572408338689,533.087662751051,564.6952747677274,132.65663146972656
S008,762,709,0.062071196317111305,0.06598346020024909,501.4800507343747,533.087662751051,132.66122436523438
S008,763,709,0.058158932433973506,0.062071196317111305,469.87243871769834,501.4800507343747,136.46885681152344
S008,764,709,0.054715064701605934,0.058158932433973506,442.049050936882,469.87243871769834,145.68429565429688
S008,764,710,0.054246668550835715,0.054715064701605934,438.26482670102206,442.049050936882,133.1561737060547
S008,765,710,0.050334404667697924,0.054246668550835715,406.6572146843457,438.26482670102206,134.18728637695312
S008,766,710,0.04642214078456013,0.050334404667697924,375.04960266766943,406.6572146843457,139.52053833007812
S008,767,710,0.04250987690142234,0.04642214078456013,343.4419906509931,375.04960266766943,132.91812133789062
S008,768,710,0.03937204071432825,0.04250987690142234,318.0910655252547,343.4419906509931,128.1844024658203
S008,768,711,0.03859761301828454,0.03937204071432825,311.83437863431675,318.0910655252547,127.0422134399414
S008,769,711,0.03468534913514675,0.03859761301828454,280.22676661764046,311.83437863431675,128.790771484375
S008,770,711,0.03077308525200896,0.03468534913514675,248.61915460096415,280.22676661764046,127.50688171386719
S008,771,711,0.02686082136887117,0.03077308525200896,217.01154258428784,248.61915460096415,132.68983459472656
S008,772,711,0.024029016727050573,0.02686082136887117,194.13308011362736,217.01154258428784,132.96780395507812
S008,772,712,0.022948557485733375,0.024029016727050573,185.4039305676115,194.13308011362736,138.58750915527344
S008,773,712,0.019036293602595584,0.022948557485733375,153.7963185509352,185.4039305676115,136.61082458496094
S008,774,712,0.01512402971945779,0.019036293602595584,122.18870653425888,153.7963185509352,134.21600341796875
S008,775,712,0.011211765836319998,0.01512402971945779,90.58109451758256,122.18870653425888,133.5510711669922
S008,776,712,0.008685992739772892,0.011211765836319998,70.17509470200001,90.58109451758256,133.20738220214844
S008,776,713,0.007299501953182206,0.008685992739772892,58.97348250090625,70.17509470200001,133.40194702148438
S008,777,713,0.0033872380700444133,0.007299501953182206,27.36587048422993,58.97348250090625,130.80474853515625
S008,778,713,0.0,0.0033872380700444133,0.0,27.36587048422993,128.7255401611328
S012,613,901,0.9965521451774402,1.0,7365.656584261842,7391.140162515387,253.31507873535156
S012,614,900,0.9905075189106377,0.9958107005329355,7320.979904293883,7360.176462971562,256.27459716796875
S012,614,901,0.9958107005329355,0.9965521451774402,7360.176462971562,7365.656584261842,250.5758514404297
S012,615,898,0.9844628926438352,0.9851849726705771,7276.303224325924,7281.640219012126,280.5797119140625
S012,615,899,0.9851849726705771,0.9904978366017563,7281.640219012126,7320.908340991844,271.685546875
S012,615,900,0.9904978366017563,0.9905075189106377,7320.908340991844,7320.979904293883,260.31024169921875
S012,616,897,0.9784182663770328,0.9798721087393979,7231.626544357965,7242.372097032408,293.83465576171875
S012,616,898,0.9798721087393979,0.9844628926438352,7242.372097032408,7276.303224325924,281.0279541015625
S012,617,896,0.9723736401102303,0.9745592448082188,7186.949864390006,7203.103975052691,301.59783935546875
S012,617,897,0.9745592448082188,0.9784182663770328,7203.103975052691,7231.626544357965,299.7571105957031
S012,618,895,0.9663290138434278,0.9692463808770395,7142.273184422047,7163.835853072972,284.1225891113281
S012,618,896,0.9692463808770395,0.9723736401102303,7163.835853072972,7186.949864390006,288.2176818847656
S012,619,894,0.9602843875766254,0.9639335169458604,7097.596504454087,7124.567731093255,266.9141540527344
S012,619,895,0.9639335169458604,0.9663290138434278,7124.567731093255,7142.273184422047,260.5035705566406
S012,620,893,0.9542397613098229,0.9586206530146812,7052.919824486128,7085.299609113537,266.70562744140625
S012,620,894,0.9586206530146812,0.9602843875766254,7085.299609113537,7097.596504454087,254.58023071289062
S012,621,892,0.9481951350430204,0.953307789083502,7008.243144518169,7046.031487133819,258.73406982421875
S012,621,893,0.953307789083502,0.9542397613098229,7046.031487133819,7052.919824486128,257.47998046875
S012,622,890,0.942150508776218,0.9426820612211436,6963.56646455021,6967.495243174383,266.3133544921875
S012,622,891,0.9426820612211436,0.9479949251523229,6967.495243174383,7006.763365154102,254.21527099609375
S012,622,892,0.9479949251523229,0.9481951350430204,7006.763365154102,7008.243144518169,248.27896118164062
S012,623,889,0.9361058825094155,0.9373691972899645,6918.889784582251,6928.227121194665,280.8437805175781
S012,623,890,0.9373691972899645,0.942150508776218,6928.227121194665,6963.56646455021,267.47607421875
S012,624,888,0.930061256242613,0.9320563333587852,6874.213104614291,6888.958999214948,288.4149169921875
S012,624,889,0.9320563333587852,0.9361058825094155,6888.958999214948,6918.889784582251,281.7498474121094
S012,625,887,0.9240166299758105,0.9267434694276061,6829.536424646331,6849.69087723523,278.0749206542969
S012,625,888,0.9267434694276061,0.930061256242613,6849.69087723523,6874.213104614291,273.09320068359375
S012,626,886,0.917972003709008,0.9214306054964269,6784.859744678372,6810.422755255511,280.1001892089844
S012,626,887,0.9214306054964269,0.9240166299758105,6810.422755255511,6829.536424646331,270.0331726074219
S012,627,885,0.9119273774422055,0.9161177415652477,6740.183064710413,6771.154633275794,272.11041259765625
S012,627,886,0.9161177415652477,0.917972003709008,6771.154633275794,6784.859744678372,268.8701477050781
S012,628,884,0.9058827511754031,0.9108048776340685,6695.506384742454,6731.886511296076,260.3423156738281
S012,628,885,0.9108048776340685,0.9119273774422055,6731.886511296076,6740.183064710413,260.27557373046875
S012,629,882,0.8998381249086006,0.9001791497717101,6650.829704774495,6653.35026733664,278.45440673828125
S012,629,883,0.9001791497717101,0.9054920137028893,6653.35026733664,6692.618389316358,276.2496643066406
S012,629,884,0.9054920137028893,0.9058827511754031,6692.618389316358,6695.506384742454,273.78857421875
S012,630,881,0.8937934986417981,0.894866285840531,6606.1530248065355,6614.082145356922,299.2202453613281
S012,630,882,0.894866285840531,0.8998381249086006,6614.082145356922,6650.829704774495,297.69842529296875
S012,631,880,0.8877488723749957,0.8895534219093517,6561.476344838577,6574.814023377204,302.4338684082031
S012,631,881,0.8895534219093517,0.8937934986417981,6574.814023377204,6606.1530248065355,312.8169250488281
S012,632,879,0.8817042461081932,0.8842405579781726,6516.799664870618,6535.545901397487,310.4362487792969
S012,632,880,0.8842405579781726,0.8877488723749957,6535.545901397487,6561.476344838577,314.5032043457031
S012,633,878,0.8756596198413907,0.8789276940469933,6472.122984902659,6496.277779417768,319.876708984375
S012,633,879,0.8789276940469933,0.8817042461081932,6496.277779417768,6516.799664870618,325.779541015625
S012,634,877,0.8696149935745883,0.8736148301158142,6427.4463049347,6457.00965743805,337.2025146484375
S012,634,878,0.8736148301158142,0.8756596198413907,6457.00965743805,6472.122984902659,337.4251708984375
S012,635,876,0.8635703673077858,0.868301966184635,6382.76962496674,6417.741535458333,350.5852355957031
S012,635,877,0.868301966184635,0.8696149935745883,6417.741535458333,6427.4463049347,351.7663269042969
S012,636,874,0.8575257410409833,0.8576762383222766,6338.092944998781,6339.205291498897,351.372314453125
S012,636,875,0.8576762383222766,0.8629891022534558,6339.205291498897,6378.473413478615,344.4468994140625
S012,636,876,0.8629891022534558,0.8635703673077858,6378.473413478615,6382.76962496674,346.3538818359375
S012,637,873,0.8514811147741808,0.8523633743910974,6293.416265030821,6299.937169519179,362.01812744140625
S012,637,874,0.8523633743910974,0.8575257410409833,6299.937169519179,6338.092944998781,345.324462890625
S012,638,872,0.8454364885073783,0.8470505104599182,6248.739585062862,6260.669047539461,363.2245788574219
S012,638,873,0.8470505104599182,0.8514811147741808,6260.669047539461,6293.416265030821,355.53253173828125
S012,639,871,0.8393918622405758,0.8417376465287391,6204.062905094903,6221.400925559744,340.9901123046875
S012,639,872,0.8417376465287391,0.8454364885073783,6221.400925559744,6248.739585062862,342.3763122558594
S012,640,870,0.8333472359737734,0.8364247825975598,6159.386225126944,6182.132803580025,335.9823913574219
S012,640,871,0.8364247825975598,0.8393918622405758,6182.132803580025,6204.062905094903,327.4634094238281
S012,641,869,0.8273026097069709,0.8311119186663807,6114.709545158984,6142.864681600307,360.38336181640625
S012,641,870,0.8311119186663807,0.8333472359737734,6142.864681600307,6159.386225126944,351.0553283691406
S012,642,868,0.8212579834401684,0.8257990547352014,6070.032865191025,6103.59655962059,362.35931396484375
S012,642,869,0.8257990547352014,0.8273026097069709,6103.59655962059,6114.709545158984,363.3009948730469
S012,643,867,0.815213357173366,0.8204861908040223,6025.356185223066,6064.328437640872,344.6420593261719
S012,643,868,0.8204861908040223,0.8212579834401684,6064.328437640872,6070.032865191025,356.3914794921875
S012,644,865,0.8091687309065635,0.8098604629416639,5980.679505255107,5985.792193681436,329.7265319824219
S012,644,866,0.8098604629416639,0.815173326872843,5985.792193681436,6025.060315661153,346.58526611328125
S012,644,867,0.815173326872843,0.815213357173366,6025.060315661153,6025.356185223066,359.2452392578125
S012,645,864,0.803124104639761,0.8045475990104847,5936.002825287148,5946.524071701718,309.4036560058594
S012,645,865,0.8045475990104847,0.8091687309065635,5946.524071701718,5980.679505255107,329.9598083496094
S012,646,863,0.7970794783729586,0.7992347350793055,5891.326145319189,5907.255949722,278.4911804199219
S012,646,864,0.7992347350793055,0.803124104639761,5907.255949722,5936.002825287148,301.2737731933594
S012,647,862,0.7910348521061561,0.7939218711481263,5846.649465351229,5867.987827742282,291.7424621582031
S012,647,863,0.7939218711481263,0.7970794783729586,5867.987827742282,5891.326145319189,281.24822998046875
S012,648,861,0.7849902258393536,0.7886090072169472,5801.97278538327,5828.719705762564,309.35980224609375
S012,648,862,0.7886090072169472,0.7910348521061561,5828.719705762564,5846.649465351229,301.1184387207031
S012,649,860,0.778945599572551,0.7832961432857679,5757.29610541531,5789.451583782847,320.12579345703125
S012,649,861,0.7832961432857679,0.7849902258393536,5789.451583782847,5801.97278538327,318.6631774902344
S012,650,859,0.7729009733057486,0.7779832793545888,5712.619425447351,5750.183461803129,339.4374694824219
S012,650,860,0.7779832793545888,0.778945599572551,5750.183461803129,5757.29610541531,336.2382507324219
S012,651,857,0.7668563470389461,0.7673575514922304,5667.942745479392,5671.647217843693,320.04034423828125
S012,651,858,0.7673575514922304,0.7726704154234095,5671.647217843693,5710.91533982341,329.0572204589844
S012,651,859,0.7726704154234095,0.7729009733057486,5710.91533982341,5712.619425447351,349.8086242675781
S012,652,856,0.7608117207721437,0.7620446875610511,5623.266065511433,5632.379095863975,337.1551818847656
S012,652,857,0.7620446875610511,0.7668563470389461,5632.379095863975,5667.942745479392,334.2931823730469
S012,653,855,0.7547670945053412,0.756731823629872,5578.589385543473,5593.110973884257,353.0249938964844
S012,653,856,0.756731823629872,0.7608117207721437,5593.110973884257,5623.266065511433,354.9936828613281
S012,654,854,0.7487224682385387,0.7514189596986928,5533.912705575514,5553.842851904539,351.6332092285156
S012,654,855,0.7514189596986928,0.7547670945053412,5553.842851904539,5578.589385543473,356.6015625
S012,655,853,0.7426778419717363,0.7461060957675136,5489.236025607555,5514.574729924821,328.58184814453125
S012,655,854,0.7461060957675136,0.7487224682385387,5514.574729924821,5533.912705575514,338.02978515625
S012,656,852,0.7366332157049338,0.7407932318363344,5444.559345639596,5475.306607945103,307.7552185058594
S012,656,853,0.7407932318363344,0.7426778419717363,5475.306607945103,5489.236025607555,314.0830993652344
S012,657,851,0.7305885894381313,0.7354803679051553,5399.882665671637,5436.038485965386,288.9143371582031
S012,657,852,0.7354803679051553,0.7366332157049338,5436.038485965386,5444.559345639596,296.90557861328125
S012,658,849,0.7245439631713289,0.7248546400427969,5355.2059857036775,5357.5022420059495,262.8504943847656
S012,658,850,0.7248546400427969,0.730167503973976,5357.5022420059495,5396.770363985667,271.04290771484375
S012,658,851,0.730167503973976,0.7305885894381313,5396.770363985667,5399.882665671637,279.20428466796875
S012,659,848,0.7184993369045264,0.7195417761116176,5310.5293057357185,5318.234120026232,260.22271728515625
S012,659,849,0.7195417761116176,0.7245439631713289,5318.234120026232,5355.2059857036775,265.49224853515625
S012,660,847,0.7124547106377239,0.7142289121804385,5265.8526257677595,5278.965998046514,281.5832214355469
S012,660,848,0.7142289121804385,0.7184993369045264,5278.965998046514,5310.5293057357185,275.79345703125
S012,661,846,0.7064100843709213,0.7089160482492592,5221.1759457998,5239.697876066795,299.923095703125
S012,661,847,0.7089160482492592,0.7124547106377239,5239.697876066795,5265.8526257677595,294.6917724609375
S012,662,845,0.7003654581041189,0.7036031843180801,5176.499265831841,5200.429754087078,317.6057434082031
S012,662,846,0.7036031843180801,0.7064100843709213,5200.429754087078,5221.1759457998,316.6915283203125
S012,663,844,0.6943208318373164,0.6982903203869009,5131.822585863882,5161.16163210736,321.0915222167969
S012,663,845,0.6982903203869009,0.7003654581041189,5161.16163210736,5176.499265831841,329.6744384765625
S012,664,843,0.6882762055705139,0.6929774564557217,5087.145905895922,5121.893510127642,299.3490295410156
S012,664,844,0.6929774564557217,0.6943208318373164,5121.893510127642,5131.822585863882,314.0968017578125
S012,665,841,0.6822315793037115,0.6823517285933633,5042.469225927963,5043.3572661682065,270.8012390136719
S012,665,842,0.6823517285933633,0.6876645925245425,5043.3572661682065,5082.625388147924,280.558837890625
S012,665,843,0.6876645925245425,0.6882762055705139,5082.625388147924,5087.145905895922,295.4401550292969
S012,666,840,0.676186953036909,0.6770388646621841,4997.792545960004,5004.089144188489,264.0461120605469
S012,666,841,0.6770388646621841,0.6822315793037115,5004.089144188489,5042.469225927963,275.71160888671875
S012,667,839,0.6701423267701065,0.671726000731005,4953.115865992045,4964.821022208771,256.5867614746094
S012,667,840,0.671726000731005,0.676186953036909,4964.821022208771,4997.792545960004,262.1891174316406
S012,668,838,0.6640977005033041,0.6664131367998257,4908.439186024086,4925.552900229052,255.48077392578125
S012,668,839,0.6664131367998257,0.6701423267701065,4925.552900229052,4953.115865992045,248.419921875
S012,669,837,0.6580530742365016,0.6611002728686466,4863.762506056127,4886.284778249335,247.36428833007812
S012,669,838,0.6611002728686466,0.6640977005033041,4886.284778249335,4908.439186024086,242.45355224609375
S012,670,836,0.6520084479696991,0.6557874089374673,4819.085826088167,4847.016656269617,228.30845642089844
S012,670,837,0.6557874089374673,0.6580530742365016,4847.016656269617,4863.762506056127,230.2189483642578
S012,671,835,0.6459638217028967,0.6504745450062882,4774.409146120208,4807.748534289899,241.19281005859375
S012,671,836,0.6504745450062882,0.6520084479696991,4807.748534289899,4819.085826088167,223.35711669921875
S012,672,834,0.6399191954360942,0.645161681075109,4729.732466152249,4768.480412310181,255.0806427001953
S012,672,835,0.645161681075109,0.6459638217028967,4768.480412310181,4774.409146120208,243.7289276123047
S012,673,832,0.6338745691692916,0.6345359532127506,4685.055786184289,4689.944168350745,246.418212890625
S012,673,833,0.6345359532127506,0.6398488171439298,4689.944168350745,4729.2122903304635,244.84390258789062
S012,673,834,0.6398488171439298,0.6399191954360942,4729.2122903304635,4729.732466152249,238.6752166748047
S012,674,831,0.6278299429024892,0.6292230892815714,4640.37910621633,4650.676046371028,224.64346313476562
S012,674,832,0.6292230892815714,0.6338745691692916,4650.676046371028,4685.055786184289,228.706787109375
S012,675,830,0.6217853166356867,0.6239102253503922,4595.702426248371,4611.407924391309,204.23446655273438
S012,675,831,0.6239102253503922,0.6278299429024892,4611.407924391309,4640.37910621633,206.0081329345703
S012,676,829,0.6157406903688842,0.6185973614192131,4551.025746280411,4572.1398024115915,225.41612243652344
S012,676,830,0.6185973614192131,0.6217853166356867,4572.1398024115915,4595.702426248371,210.97677612304688
S012,677,828,0.6096960641020818,0.6132844974880338,4506.349066312452,4532.871680431874,231.41317749023438
S012,677,829,0.6132844974880338,0.6157406903688842,4532.871680431874,4551.025746280411,228.2358856201172
S012,678,827,0.6036514378352793,0.6079716335568547,4461.672386344493,4493.603558452156,216.6297149658203
S012,678,828,0.6079716335568547,0.6096960641020818,4493.603558452156,4506.349066312452,226.62045288085938
S012,679,826,0.5976068115684768,0.6026587696256754,4416.995706376534,4454.335436472437,212.4367218017578
S012,679,827,0.6026587696256754,0.6036514378352793,4454.335436472437,4461.672386344493,206.62037658691406
S012,680,824,0.5915621853016744,0.5920330417633171,4372.319026408575,4375.799192513002,241.57235717773438
S012,680,825,0.5920330417633171,0.5973459056944963,4375.799192513002,4415.0673144927205,236.6446075439453
S012,680,826,0.5973459056944963,0.5976068115684768,4415.0673144927205,4416.995706376534,229.13487243652344
S012,681,823,0.5855175590348719,0.5867201778321379,4327.642346440615,4336.531070533284,263.99591064453125
S012,681,824,0.5867201778321379,0.5915621853016744,4336.531070533284,4372.319026408575,254.36497497558594
S012,682,822,0.5794729327680694,0.5814073139009587,4282.965666472656,4297.262948553566,262.13751220703125
S012,682,823,0.5814073139009587,0.5855175590348719,4297.262948553566,4327.642346440615,253.77587890625
S012,683,821,0.573428306501267,0.5760944499697795,4238.288986504697,4257.9948265738485,252.1072235107422
S012,683,822,0.5760944499697795,0.5794729327680694,4257.9948265738485,4282.965666472656,247.20611572265625
S012,684,820,0.5673836802344645,0.5707815860386003,4193.612306536738,4218.726704594131,232.59202575683594
S012,684,821,0.5707815860386003,0.573428306501267,4218.726704594131,4238.288986504697,235.32032775878906
S012,685,819,0.5613390539676619,0.5654687221074212,4148.935626568778,4179.458582614413,215.36721801757812
S012,685,820,0.5654687221074212,0.5673836802344645,4179.458582614413,4193.612306536738,218.8511199951172
S012,686,818,0.5552944277008595,0.5601558581762419,4104.258946600819,4140.190460634694,185.75526428222656
S012,686,819,0.5601558581762419,0.5613390539676619,4140.190460634694,4148.935626568778,192.83795166015625
S012,687,816,0.549249801434057,0.5495301303138835,4059.58226663286,4061.654216675259,203.48899841308594
S012,687,817,0.5495301303138835,0.5548429942450628,4061.654216675259,4100.9223386549775,195.11355590820312
S012,687,818,0.5548429942450628,0.5552944277008595,4100.9223386549775,4104.258946600819,183.18389892578125
S012,688,815,0.5432051751672545,0.5442172663827044,4014.9055866649005,4022.3860946955415,216.36610412597656
S012,688,816,0.5442172663827044,0.549249801434057,4022.3860946955415,4059.58226663286,219.17276000976562
S012,689,814,0.5371605489004521,0.5389044024515252,3970.2289066969415,3983.117972715823,213.68055725097656
S012,689,815,0.5389044024515252,0.5432051751672545,3983.117972715823,4014.9055866649005,226.1333465576172
S012,690,813,0.5311159226336496,0.533591538520346,3925.5522267289825,3943.8498507361055,213.73558044433594
S012,690,814,0.533591538520346,0.5371605489004521,3943.8498507361055,3970.2289066969415,220.53524780273438
S012,691,812,0.5250712963668471,0.5282786745891668,3880.875546761023,3904.5817287563873,219.15914916992188
S012,691,813,0.5282786745891668,0.5311159226336496,3904.5817287563873,3925.5522267289825,219.0493621826172
S012,692,811,0.5190266701000447,0.5229658106579876,3836.198866793064,3865.3136067766695,234.6591033935547
S012,692,812,0.5229658106579876,0.5250712963668471,3865.3136067766695,3880.875546761023,228.67079162597656
S012,693,810,0.5129820438332422,0.5176529467268084,3791.522186825105,3826.0454847969513,255.71017456054688
S012,693,811,0.5176529467268084,0.5190266701000447,3826.0454847969513,3836.198866793064,249.17745971679688
S012,694,808,0.5069374175664397,0.50702721886445,3746.8455068571457,3747.509240837516,240.3002471923828
S012,694,809,0.50702721886445,0.5123400827956293,3747.509240837516,3786.777362817234,254.7896728515625
S012,694,810,0.5123400827956293,0.5129820438332422,3786.777362817234,3791.522186825105,260.6629943847656
S012,695,807,0.5008927912996373,0.5017143549332709,3702.1688268891867,3708.241118857798,220.16465759277344
S012,695,808,0.5017143549332709,0.5069374175664397,3708.241118857798,3746.8455068571457,232.0944061279297
S012,696,806,0.49484816503283474,0.4964014910020917,3657.4921469212272,3668.9729968780803,208.013427734375
S012,696,807,0.4964014910020917,0.5008927912996373,3668.9729968780803,3702.1688268891867,220.26963806152344
S012,697,805,0.4888035387660323,0.4910886270709125,3612.815466953268,3629.7048748983625,182.1917266845703
S012,697,806,0.4910886270709125,0.49484816503283474,3629.7048748983625,3657.4921469212272,189.2182159423828
S012,698,804,0.4827589124992298,0.4857757631397333,3568.138786985309,3590.4367529186443,188.18704223632812
S012,698,805,0.4857757631397333,0.4888035387660323,3590.4367529186443,3612.815466953268,183.0313720703125
S012,699,803,0.47671428623242734,0.4804628992085541,3523.46210701735,3551.1686309389265,190.35186767578125
S012,699,804,0.4804628992085541,0.4827589124992298,3551.1686309389265,3568.138786985309,179.71885681152344
S012,700,802,0.4706696599656248,0.4751500352773749,3478.78542704939,3511.9005089592088,184.38978576660156
S012,700,803,0.4751500352773749,0.47671428623242734,3511.9005089592088,3523.46210701735,179.48007202148438
S012,701,801,0.46462503369882235,0.46983717134619574,3434.108747081431,3472.6323869794905,179.6058807373047
S012,701,802,0.46983717134619574,0.4706696599656248,3472.6323869794905,3478.78542704939,178.0335693359375
S012,702,799,0.4585804074320199,0.45921144348383736,3389.432067113472,3394.096143020055,181.3470458984375
S012,702,800,0.45921144348383736,0.46452430741501655,3394.096143020055,3433.364264999773,187.0796356201172
S012,702,801,0.46452430741501655,0.46462503369882235,3433.364264999773,3434.108747081431,187.56631469726562
S012,703,798,0.4525357811652174,0.45389857955265817,3344.7553871455125,3354.8280210403373,177.83474731445312
S012,703,799,0.45389857955265817,0.4585804074320199,3354.8280210403373,3389.432067113472,185.2198028564453
S012,704,797,0.44649115489841495,0.448585715621479,3300.0787071775535,3315.559899060619,188.1781005859375
S012,704,798,0.448585715621479,0.4525357811652174,3315.559899060619,3344.7553871455125,179.28863525390625
S012,705,796,0.4404465286316125,0.4432728516902998,3255.402027209594,3276.2917770809013,187.52044677734375
S012,705,797,0.4432728516902998,0.44649115489841495,3276.2917770809013,3300.0787071775535,181.11251831054688
S012,706,795,0.43440190236480997,0.4379599877591206,3210.7253472416346,3237.0236551011835,199.08653259277344
S012,706,796,0.4379599877591206,0.4404465286316125,3237.0236551011835,3255.402027209594,185.29092407226562
S012,707,794,0.4283572760980075,0.4326471238279414,3166.0486672736756,3197.7555331214653,211.33364868164062
S012,707,795,0.4326471238279414,0.43440190236480997,3197.7555331214653,3210.7253472416346,191.89358520507812
S012,708,793,0.42231264983120503,0.4273342598967622,3121.371987305716,3158.4874111417475,214.2034454345703
S012,708,794,0.4273342598967622,0.4283572760980075,3158.4874111417475,3166.0486672736756,202.5923309326172
S012,709,791,0.41626802356440257,0.41670853203440383,3076.695307337757,3079.9511671823116,239.66148376464844
S012,709,792,0.41670853203440383,0.422021395965583,3079.9511671823116,3119.21928916203,228.2467041015625
S012,709,793,0.422021395965583,0.42231264983120503,3119.21928916203,3121.371987305716,209.12603759765625
S012,710,790,0.4102233972976001,0.41139566810322464,3032.018627369798,3040.683045202594,250.18519592285156
S012,710,791,0.41139566810322464,0.41626802356440257,3040.683045202594,3076.695307337757,242.3522186279297
S012,711,789,0.40417877103079763,0.40608280417204545,2987.3419474018388,3001.414923222876,262.12451171875
S012,711,790,0.40608280417204545,0.4102233972976001,3001.414923222876,3032.018627369798,258.9098815917969
S012,712,788,0.3981341447639951,0.40076994024086626,2942.6652674338793,2962.1468012431583,257.5350036621094
S012,712,789,0.40076994024086626,0.40417877103079763,2962.1468012431583,2987.3419474018388,262.66839599609375
S012,713,787,0.39208951849719265,0.3954570763096871,2897.9885874659203,2922.87867926344,248.6118927001953
S012,713,788,0.3954570763096871,0.3981341447639951,2922.87867926344,2942.6652674338793,244.89854431152344
S012,714,786,0.3860448922303902,0.3901442123785079,2853.311907497961,2883.6105572837223,258.1115417480469
S012,714,787,0.3901442123785079,0.39208951849719265,2883.6105572837223,2897.9885874659203,241.2138671875
S012,715,785,0.3800002659635877,0.3848313484473287,2808.635227530002,2844.3424353040045,267.9749755859375
S012,715,786,0.3848313484473287,0.3860448922303902,2844.3424353040045,2853.311907497961,252.52264404296875
S012,716,783,0.37395563969678525,0.3742056205849703,2763.958547562043,2765.8061913445686,276.722900390625
S012,716,784,0.3742056205849703,0.3795184845161495,2765.8061913445686,2805.0743133242863,272.2882995605469
S012,716,785,0.3795184845161495,0.3800002659635877,2805.0743133242863,2808.635227530002,256.0080871582031
S012,717,782,0.3679110134299828,0.3688927566537911,2719.2818675940835,2726.538069364851,283.6775817871094
S012,717,783,0.3688927566537911,0.37395563969678525,2726.538069364851,2763.958547562043,278.663818359375
S012,718,781,0.36186638716318026,0.36357989272261193,2674.605187626124,2687.2699473851326,286.473876953125
S012,718,782,0.36357989272261193,0.3679110134299828,2687.2699473851326,2719.2818675940835,284.1027526855469
S012,719,780,0.3558217608963778,0.35826702879143274,2629.928507658165,2648.001825405415,281.8474426269531
S012,719,781,0.35826702879143274,0.36186638716318026,2648.001825405415,2674.605187626124,286.2397155761719
S012,720,779,0.3497771346295753,0.35295416486025355,2585.2518276902056,2608.733703425697,269.8632507324219
S012,720,780,0.35295416486025355,0.3558217608963778,2608.733703425697,2629.928507658165,283.6560974121094
S012,721,778,0.34373250836277286,0.34764130092907436,2540.5751477222466,2569.4655814459793,279.96051025390625
S012,721,779,0.34764130092907436,0.3497771346295753,2569.4655814459793,2585.2518276902056,281.7724609375
S012,722,777,0.3376878820959704,0.34232843699789517,2495.898467754287,2530.197459466261,300.39471435546875
S012,722,778,0.34232843699789517,0.34373250836277286,2530.197459466261,2540.5751477222466,299.0216064453125
S012,723,775,0.3316432558291679,0.3317027091355368,2451.221787786328,2451.6612155068256,327.5497741699219
S012,723,776,0.3317027091355368,0.337015573066716,2451.6612155068256,2490.9293374865433,323.1469421386719
S012,723,777,0.337015573066716,0.3376878820959704,2490.9293374865433,2495.898467754287,319.877197265625
S012,724,774,0.3255986295623654,0.3263898452043576,2406.5451078183687,2412.3930935271073,343.6112060546875
S012,724,775,0.3263898452043576,0.3316432558291679,2412.3930935271073,2451.221787786328,332.78143310546875
S012,725,773,0.31955400329556294,0.3210769812731784,2361.8684278504093,2373.1249715473896,344.1709289550781
S012,725,774,0.3210769812731784,0.3255986295623654,2373.1249715473896,2406.5451078183687,336.56707763671875
S012,726,772,0.31350937702876047,0.3157641173419992,2317.1917478824503,2333.856849567672,329.1663513183594
S012,726,773,0.3157641173419992,0.31955400329556294,2333.856849567672,2361.8684278504093,328.4283752441406
S012,727,771,0.307464750761958,0.31045125341082,2272.5150679144913,2294.588727587954,297.2634582519531
S012,727,772,0.31045125341082,0.31350937702876047,2294.588727587954,2317.1917478824503,309.84619140625
S012,728,770,0.30142012449515554,0.30513838947964084,2227.838387946532,2255.320605608236,267.7915954589844
S012,728,771,0.30513838947964084,0.307464750761958,2255.320605608236,2272.5150679144913,280.0849304199219
S012,729,769,0.2953754982283531,0.29982552554846165,2183.161707978573,2216.052483628518,247.2608642578125
S012,729,770,0.29982552554846165,0.30142012449515554,2216.052483628518,2227.838387946532,253.19757080078125
S012,730,768,0.28933087196155055,0.29451266161728246,2138.4850280106134,2176.7843616488003,230.4595184326172
S012,730,769,0.29451266161728246,0.2953754982283531,2176.7843616488003,2183.161707978573,233.72103881835938
S012,731,766,0.2832862456947481,0.2838869337549241,2093.808348042654,2098.2481176893643,218.2115936279297
S012,731,767,0.2838869337549241,0.28919979768610327,2098.2481176893643,2137.516239669082,215.43350219726562
S012,731,768,0.28919979768610327,0.28933087196155055,2137.516239669082,2138.4850280106134,219.55093383789062
S012,732,765,0.2772416194279456,0.2785740698237449,2049.131668074695,2058.9799957096466,213.41920471191406
S012,732,766,0.2785740698237449,0.2832862456947481,2058.9799957096466,2093.808348042654,207.2450714111328
S012,733,764,0.27119699316114315,0.2732612058925657,2004.4549881067358,2019.7118737299286,196.10739135742188
S012,733,765,0.2732612058925657,0.2772416194279456,2019.7118737299286,2049.131668074695,200.5380096435547
S012,734,763,0.2651523668943407,0.2679483419613865,1959.7783081387765,1980.4437517502106,186.18115234375
S012,734,764,0.2679483419613865,0.27119699316114315,1980.4437517502106,2004.4549881067358,187.85009765625
S012,735,762,0.2591077406275382,0.2626354780302073,1915.1016281708175,1941.1756297704928,190.66192626953125
S012,735,763,0.2626354780302073,0.2651523668943407,1941.1756297704928,1959.7783081387765,176.29637145996094
S012,736,761,0.2530631143607357,0.2573226140990281,1870.4249482028579,1901.9075077907748,182.1112823486328
S012,736,762,0.2573226140990281,0.2591077406275382,1901.9075077907748,1915.1016281708175,174.16021728515625
S012,737,760,0.24701848809393326,0.25200975016784893,1825.748268234899,1862.6393858110569,165.30047607421875
S012,737,761,0.25200975016784893,0.2530631143607357,1862.6393858110569,1870.4249482028579,164.8079833984375
S012,738,758,0.24097386182713076,0.24138402230549058,1781.0715882669397,1784.1031418516213,172.8196563720703
S012,738,759,0.24138402230549058,0.24669688623666977,1784.1031418516213,1823.3712638313393,166.96018981933594
S012,738,760,0.24669688623666977,0.24701848809393326,1823.3712638313393,1825.748268234899,165.34585571289062
S012,739,757,0.2349292355603283,0.2360711583743114,1736.3949082989805,1744.8350198719036,187.53086853027344
S012,739,758,0.2360711583743114,0.24097386182713076,1744.8350198719036,1781.0715882669397,187.8685302734375
S012,740,756,0.22888460929352583,0.2307582944431322,1691.7182283310212,1705.5668978921856,178.90394592285156
S012,740,757,0.2307582944431322,0.2349292355603283,1705.5668978921856,1736.3949082989805,194.4901123046875
S012,741,755,0.22283998302672334,0.225445430511953,1647.041548363062,1666.2987759124676,176.15769958496094
S012,741,756,0.225445430511953,0.22888460929352583,1666.2987759124676,1691.7182283310212,190.5690155029297
S012,742,754,0.21679535675992087,0.22013256658077382,1602.3648683951028,1627.0306539327498,162.1238555908203
S012,742,755,0.22013256658077382,0.22283998302672334,1627.0306539327498,1647.041548363062,169.26873779296875
S012,743,753,0.2107507304931184,0.21481970264959463,1557.6881884271436,1587.7625319530318,150.69508361816406
S012,743,754,0.21481970264959463,0.21679535675992087,1587.7625319530318,1602.3648683951028,151.48342895507812
S012,744,752,0.2047061042263159,0.20950683871841544,1513.0115084591844,1548.494409973314,148.60353088378906
S012,744,753,0.20950683871841544,0.2107507304931184,1548.494409973314,1557.6881884271436,149.67222595214844
S012,745,750,0.19866147795951344,0.19888111085605706,1468.3348284912252,1469.958166013878,150.80551147460938
S012,745,751,0.19888111085605706,0.20419397478723625,1469.958166013878,1509.226287993596,150.99423217773438
S012,745,752,0.20419397478723625,0.2047061042263159,1509.226287993596,1513.0115084591844,154.9879150390625
S012,746,749,0.19261685169271098,0.19356824692487787,1423.658148523266,1430.6900440341603,148.5589599609375
S012,746,750,0.19356824692487787,0.19866147795951344,1430.6900440341603,1468.3348284912252,148.9412384033203
S012,747,748,0.18657222542590848,0.18825538299369868,1378.9814685553065,1391.4219220544423,146.22364807128906
S012,747,749,0.18825538299369868,0.19261685169271098,1391.4219220544423,1423.658148523266,145.21188354492188
S012,748,747,0.18052759915910602,0.1829425190625195,1334.3047885873475,1352.1538000747246,148.2489013671875
S012,748,748,0.1829425190625195,0.18657222542590848,1352.1538000747246,1378.9814685553065,145.7408905029297
S012,749,746,0.17448297289230355,0.1776296551313403,1289.6281086193883,1312.8856780950066,159.35780334472656
S012,749,747,0.1776296551313403,0.18052759915910602,1312.8856780950066,1334.3047885873475,156.47337341308594
S012,750,745,0.16843834662550106,0.1723167912001611,1244.9514286514288,1273.6175561152886,174.8483428955078
S012,750,746,0.1723167912001611,0.17448297289230355,1273.6175561152886,1289.6281086193883,177.8864288330078
S012,751,744,0.1623937203586986,0.16700392726898192,1200.2747486834699,1234.3494341355708,172.51451110839844
S012,751,745,0.16700392726898192,0.16843834662550106,1234.3494341355708,1244.9514286514288,187.70187377929688
S012,752,742,0.15634909409189612,0.15637819940662354,1155.5980687155106,1155.813190176135,176.36582946777344
S012,752,743,0.15637819940662354,0.16169106333780273,1155.813190176135,1195.0813121558529,174.9212188720703
S012,752,744,0.16169106333780273,0.1623937203586986,1195.0813121558529,1200.2747486834699,185.62864685058594
S012,753,741,0.15030446782509363,0.15106533547544435,1110.9213887475512,1116.545068196417,182.31149291992188
S012,753,742,0.15106533547544435,0.15634909409189612,1116.545068196417,1155.5980687155106,171.3695068359375
S012,754,740,0.14425984155829116,0.14575247154426516,1066.244708779592,1077.2769462166993,177.6822052001953
S012,754,741,0.14575247154426516,0.15030446782509363,1077.2769462166993,1110.9213887475512,171.4521026611328
S012,755,739,0.1382152152914887,0.14043960761308596,1021.5680288116329,1038.0088242369814,165.18975830078125
S012,755,740,0.14043960761308596,0.14425984155829116,1038.0088242369814,1066.244708779592,158.93624877929688
S012,756,738,0.1321705890246862,0.13512674368190677,976.8913488436735,998.7407022572635,154.93922424316406
S012,756,739,0.13512674368190677,0.1382152152914887,998.7407022572635,1021.5680288116329,148.56883239746094
S012,757,737,0.12612596275788374,0.12981387975072758,932.2146688757144,959.4725802775455,147.08534240722656
S012,757,738,0.12981387975072758,0.1321705890246862,959.4725802775455,976.8913488436735,144.33273315429688
S012,758,736,0.12008133649108126,0.12450101581954841,887.5379889077551,920.2044582978277,175.17872619628906
S012,758,737,0.12450101581954841,0.12612596275788374,920.2044582978277,932.2146688757144,163.51119995117188
S012,759,735,0.11403671022427878,0.11918815188836922,842.8613089397959,880.9363363181099,183.01461791992188
S012,759,736,0.11918815188836922,0.12008133649108126,880.9363363181099,887.5379889077551,185.03602600097656
S012,760,733,0.10799208395747631,0.10856242402601084,798.1846289718368,802.4000923586741,173.6026153564453
S012,760,734,0.10856242402601084,0.11387528795719003,802.4000923586741,841.668214338392,171.38726806640625
S012,760,735,0.11387528795719003,0.11403671022427878,841.668214338392,842.8613089397959,179.79458618164062
S012,761,732,0.10194745769067383,0.10324956009483165,753.5079490038775,763.1319703789561,180.1864471435547
S012,761,733,0.10324956009483165,0.10799208395747631,763.1319703789561,798.1846289718368,179.8877716064453
S012,762,731,0.09590283142387135,0.09793669616365246,708.8312690359182,723.8638483992382,164.5654296875
S012,762,732,0.09793669616365246,0.10194745769067383,723.8638483992382,753.5079490038775,169.6546630859375
S012,763,730,0.08985820515706888,0.09262383223247327,664.154589067959,684.5957264195204,161.2673797607422
S012,763,731,0.09262383223247327,0.09590283142387135,684.5957264195204,708.8312690359182,150.3024444580078
S012,764,729,0.0838135788902664,0.08731096830129408,619.4779090999998,645.3276044398025,167.01487731933594
S012,764,730,0.08731096830129408,0.08985820515706888,645.3276044398025,664.154589067959,154.64892578125
S012,765,728,0.07776895262346392,0.08199810437011489,574.8012291320406,606.0594824600846,172.2777862548828
S012,765,729,0.08199810437011489,0.0838135788902664,606.0594824600846,619.4779090999998,158.1728973388672
S012,766,727,0.07172432635666146,0.0766852404389357,530.1245491640814,566.7913604803666,165.53012084960938
S012,766,728,0.0766852404389357,0.07776895262346392,566.7913604803666,574.8012291320406,159.62808227539062
S012,767,725,0.06567970008985898,0.06605951257657731,485.4478691961221,488.25511652093087,163.7376251220703
S012,767,726,0.06605951257657731,0.0713723765077565,488.25511652093087,527.5232385006487,157.69105529785156
S012,767,727,0.0713723765077565,0.07172432635666146,527.5232385006487,530.1245491640814,150.1484832763672
S012,768,724,0.0596350738230565,0.06074664864539813,440.77118922816294,448.98699454121305,151.2235107421875
S012,768,725,0.06074664864539813,0.06567970008985898,448.98699454121305,485.4478691961221,148.06825256347656
S012,769,723,0.05359044755625403,0.05543378471421894,396.0945092602037,409.7188725614951,146.78590393066406
S012,769,724,0.05543378471421894,0.0596350738230565,409.7188725614951,440.77118922816294,148.8672637939453
S012,770,722,0.04754582128945155,0.05012092078303975,351.41782929224445,370.45075058177724,140.08653259277344
S012,770,723,0.05012092078303975,0.05359044755625403,370.45075058177724,396.0945092602037,147.76934814453125
S012,771,721,0.041501195022649075,0.04480805685186056,306.74114932428523,331.18262860205937,136.348388671875
S012,771,722,0.04480805685186056,0.04754582128945155,331.18262860205937,351.41782929224445,138.6898193359375
S012,772,720,0.0354565687558466,0.03949519292068137,262.064469356326,291.91450662234143,133.928955078125
S012,772,721,0.03949519292068137,0.041501195022649075,291.91450662234143,306.74114932428523,135.2376251220703
S012,773,719,0.02941194248904412,0.03418232898950218,217.38778938836677,252.64638464262356,133.91409301757812
S012,773,720,0.03418232898950218,0.0354565687558466,252.64638464262356,262.064469356326,134.9976043701172
S012,774,717,0.023367316222241648,0.023556601127143802,172.71110942040755,174.11014068318778,141.21533203125
S012,774,718,0.023556601127143802,0.028869465058322993,174.11014068318778,213.37826266290568,139.6374053955078
S012,774,719,0.028869465058322993,0.02941194248904412,213.37826266290568,217.38778938836677,136.2056884765625
S012,775,716,0.01732268995543917,0.018243737195964612,128.03442945244834,134.84201870346988,144.63507080078125
S012,775,717,0.018243737195964612,0.023367316222241648,134.84201870346988,172.71110942040755,146.04852294921875
S012,776,715,0.011278063688636696,0.012930873264785423,83.3577494844891,95.573896723752,134.4770050048828
S012,776,716,0.012930873264785423,0.01732268995543917,95.573896723752,128.03442945244834,141.8726348876953
S012,777,714,0.00523343742183422,0.007618009333606234,38.68106951652988,56.30577474403411,132.31642150878906
S012,777,715,0.007618009333606234,0.011278063688636696,56.30577474403411,83.3577494844891,133.27137756347656
S012,778,713,0.0,0.002305145402427044,0.0,17.03765276431622,128.7255401611328
S012,778,714,0.002305145402427044,0.00523343742183422,17.03765276431622,38.68106951652988,129.26283264160156
