panel,segment,from,to,row,col,t_enter,t_exit,elevation_m,point_contact,distance_enter_m,distance_exit_m
1,1,O01,S008,523,648,0.9971022643870437,1.0,248.2891845703125,False,8055.699322720015,8079.110448788476
1,1,O01,S008,524,648,0.9931900005039059,0.9971022643870437,252.99481201171875,False,8024.091710703338,8055.699322720015
1,1,O01,S008,525,648,0.9906395279255445,0.9931900005039059,253.4600830078125,False,8003.48616104615,8024.091710703338
1,1,O01,S008,525,649,0.9892777366207681,0.9906395279255445,260.12530517578125,False,7992.484098686662,8003.48616104615
1,1,O01,S008,526,649,0.9853654727376303,0.9892777366207681,261.23358154296875,False,7960.876486669985,7992.484098686662
1,1,O01,S008,527,649,0.9814532088544926,0.9853654727376303,260.3319091796875,False,7929.2688746533095,7960.876486669985
1,1,O01,S008,528,649,0.9775409449713548,0.9814532088544926,256.8560485839844,False,7897.661262636633,7929.2688746533095
1,1,O01,S008,529,649,0.9752965039382668,0.9775409449713548,258.8279724121094,False,7879.528175634522,7897.661262636633
1,1,O01,S008,529,650,0.973628681088217,0.9752965039382668,276.72137451171875,False,7866.053650619957,7879.528175634522
1,1,O01,S008,530,650,0.9697164172050792,0.973628681088217,283.3652648925781,False,7834.44603860328,7866.053650619957
1,1,O01,S008,531,650,0.9658041533219414,0.9697164172050792,295.6534423828125,False,7802.838426586603,7834.44603860328
1,1,O01,S008,532,650,0.9618918894388035,0.9658041533219414,306.58551025390625,False,7771.230814569927,7802.838426586603
1,1,O01,S008,533,650,0.9599534799509891,0.9618918894388035,314.31085205078125,False,7755.570190222895,7771.230814569927
1,1,O01,S008,533,651,0.9579796255556658,0.9599534799509891,322.9093322753906,False,7739.623202553252,7755.570190222895
1,1,O01,S008,534,651,0.954067361672528,0.9579796255556658,307.96917724609375,False,7708.0155905365755,7739.623202553252
1,1,O01,S008,535,651,0.9501550977893902,0.954067361672528,285.2511901855469,False,7676.407978519898,7708.0155905365755
1,1,O01,S008,536,651,0.9462428339062524,0.9501550977893902,267.1428527832031,False,7644.800366503222,7676.407978519898
1,1,O01,S008,537,651,0.9446104559637114,0.9462428339062524,252.4549102783203,False,7631.6122048112675,7644.800366503222
1,1,O01,S008,537,652,0.9423305700231146,0.9446104559637114,255.05564880371094,False,7613.192754486546,7631.6122048112675
1,1,O01,S008,538,652,0.9384183061399769,0.9423305700231146,240.59654235839844,False,7581.58514246987,7613.192754486546
1,1,O01,S008,539,652,0.9345060422568391,0.9384183061399769,236.01766967773438,False,7549.977530453194,7581.58514246987
1,1,O01,S008,540,652,0.9305937783737013,0.9345060422568391,234.4785614013672,False,7518.369918436517,7549.977530453194
1,1,O01,S008,541,652,0.9292674319764338,0.9305937783737013,239.03366088867188,False,7507.65421939964,7518.369918436517
1,1,O01,S008,541,653,0.9266815144905635,0.9292674319764338,252.37945556640625,False,7486.762306419841,7507.65421939964
1,1,O01,S008,542,653,0.9227692506074257,0.9266815144905635,237.24539184570312,False,7455.154694403164,7486.762306419841
1,1,O01,S008,543,653,0.9188569867242878,0.9227692506074257,226.18600463867188,False,7423.547082386488,7455.154694403164
1,1,O01,S008,544,653,0.9149447228411501,0.9188569867242878,219.0988006591797,False,7391.939470369812,7423.547082386488
1,1,O01,S008,545,653,0.9139244079891561,0.9149447228411501,219.0626678466797,False,7383.696233988013,7391.939470369812
1,1,O01,S008,545,654,0.9110324589580123,0.9139244079891561,230.2826385498047,False,7360.331858353135,7383.696233988013
1,1,O01,S008,546,654,0.9071201950748745,0.9110324589580123,230.05514526367188,False,7328.724246336459,7360.331858353135
1,1,O01,S008,547,654,0.9032079311917367,0.9071201950748745,225.15780639648438,False,7297.116634319783,7328.724246336459
1,1,O01,S008,548,654,0.8992956673085989,0.9032079311917367,223.51820373535156,False,7265.509022303107,7297.116634319783
1,1,O01,S008,549,654,0.8985813840018784,0.8992956673085989,210.32510375976562,False,7259.738248576386,7265.509022303107
1,1,O01,S008,549,655,0.8953834034254611,0.8985813840018784,218.54214477539062,False,7233.901410286429,7259.738248576386
1,1,O01,S008,550,655,0.8914711395423234,0.8953834034254611,207.2244110107422,False,7202.293798269754,7233.901410286429
1,1,O01,S008,551,655,0.8875588756591856,0.8914711395423234,213.6440887451172,False,7170.686186253078,7202.293798269754
1,1,O01,S008,552,655,0.8836466117760478,0.8875588756591856,221.5296173095703,False,7139.078574236401,7170.686186253078
1,1,O01,S008,553,655,0.8832383600146008,0.8836466117760478,208.28152465820312,False,7135.780263164758,7139.078574236401
1,1,O01,S008,553,656,0.8797343478929099,0.8832383600146008,204.43264770507812,False,7107.470962219725,7135.780263164758
1,1,O01,S008,554,656,0.8758220840097721,0.8797343478929099,198.7283477783203,False,7075.863350203048,7107.470962219725
1,1,O01,S008,555,656,0.8719098201266344,0.8758220840097721,206.4857177734375,False,7044.255738186373,7075.863350203048
1,1,O01,S008,556,656,0.8679975562434966,0.8719098201266344,199.54124450683594,False,7012.648126169696,7044.255738186373
1,1,O01,S008,557,656,0.867895336027323,0.8679975562434966,190.30491638183594,False,7011.822277753131,7012.648126169696
1,1,O01,S008,557,657,0.8640852923603588,0.867895336027323,191.31826782226562,False,6981.04051415302,7011.822277753131
1,1,O01,S008,558,657,0.860173028477221,0.8640852923603588,202.4349822998047,False,6949.432902136344,6981.04051415302
1,1,O01,S008,559,657,0.8562607645940832,0.860173028477221,202.85975646972656,False,6917.8252901196665,6949.432902136344
1,1,O01,S008,560,657,0.8525523120400453,0.8562607645940832,191.2307586669922,False,6887.864292341504,6917.8252901196665
1,1,O01,S008,560,658,0.8523485007109454,0.8525523120400453,202.55966186523438,False,6886.21767810299,6887.864292341504
1,1,O01,S008,561,658,0.8484362368278077,0.8523485007109454,217.213134765625,False,6854.610066086315,6886.21767810299
1,1,O01,S008,562,658,0.8445239729446699,0.8484362368278077,231.8065643310547,False,6823.002454069639,6854.610066086315
1,1,O01,S008,563,658,0.840611709061532,0.8445239729446699,246.42410278320312,False,6791.394842052962,6823.002454069639
1,1,O01,S008,564,658,0.8372092880527677,0.840611709061532,254.71351623535156,False,6763.906306929876,6791.394842052962
1,1,O01,S008,564,659,0.8366994451783942,0.8372092880527677,250.45384216308594,False,6759.787230036285,6763.906306929876
1,1,O01,S008,565,659,0.8327871812952564,0.8366994451783942,245.50759887695312,False,6728.179618019609,6759.787230036285
1,1,O01,S008,566,659,0.8288749174121186,0.8327871812952564,237.06053161621094,False,6696.5720060029325,6728.179618019609
1,1,O01,S008,567,659,0.8249626535289809,0.8288749174121186,241.52883911132812,False,6664.964393986257,6696.5720060029325
1,1,O01,S008,568,659,0.82186626406549,0.8249626535289809,236.06332397460938,False,6639.948321518249,6664.964393986257
1,1,O01,S008,568,660,0.8210503896458431,0.82186626406549,235.2439422607422,False,6633.35678196958,6639.948321518249
1,1,O01,S008,569,660,0.8171381257627053,0.8210503896458431,247.95494079589844,False,6601.749169952904,6633.35678196958
1,1,O01,S008,570,660,0.8132258618795675,0.8171381257627053,247.53948974609375,False,6570.141557936227,6601.749169952904
1,1,O01,S008,571,660,0.8093135979964297,0.8132258618795675,245.1039276123047,False,6538.533945919551,6570.141557936227
1,1,O01,S008,572,660,0.8065232400782123,0.8093135979964297,241.39601135253906,False,6515.990336106622,6538.533945919551
1,1,O01,S008,572,661,0.8054013341132918,0.8065232400782123,231.56979370117188,False,6506.926333902875,6515.990336106622
1,1,O01,S008,573,661,0.8014890702301541,0.8054013341132918,229.89999389648438,False,6475.318721886199,6506.926333902875
1,1,O01,S008,574,661,0.7975768063470163,0.8014890702301541,221.8558807373047,False,6443.711109869522,6475.318721886199
1,1,O01,S008,575,661,0.7936645424638785,0.7975768063470163,203.32150268554688,False,6412.103497852846,6443.711109869522
1,1,O01,S008,576,661,0.7911802160909347,0.7936645424638785,200.58766174316406,False,6392.032350694994,6412.103497852846
1,1,O01,S008,576,662,0.7897522785807407,0.7911802160909347,195.0727081298828,False,6380.49588583617,6392.032350694994
1,1,O01,S008,577,662,0.7858400146976029,0.7897522785807407,212.3238067626953,False,6348.888273819493,6380.49588583617
1,1,O01,S008,578,662,0.7819277508144652,0.7858400146976029,218.56076049804688,False,6317.280661802817,6348.888273819493
1,1,O01,S008,579,662,0.7780154869313274,0.7819277508144652,199.82032775878906,False,6285.673049786141,6317.280661802817
1,1,O01,S008,580,662,0.775837192103657,0.7780154869313274,189.5645751953125,False,6268.074365283367,6285.673049786141
1,1,O01,S008,580,663,0.7741032230481896,0.775837192103657,190.67898559570312,False,6254.065437769465,6268.074365283367
1,1,O01,S008,581,663,0.7701909591650518,0.7741032230481896,192.41534423828125,False,6222.457825752788,6254.065437769465
1,1,O01,S008,582,663,0.766278695281914,0.7701909591650518,192.0325164794922,False,6190.850213736112,6222.457825752788
1,1,O01,S008,583,663,0.7623664313987761,0.766278695281914,196.55072021484375,False,6159.242601719435,6190.850213736112
1,1,O01,S008,584,663,0.7604941681163793,0.7623664313987761,216.90191650390625,False,6144.11637987174,6159.242601719435
1,1,O01,S008,584,664,0.7584541675156384,0.7604941681163793,219.23544311523438,False,6127.634989702759,6144.11637987174
1,1,O01,S008,585,664,0.7545419036325006,0.7584541675156384,241.48922729492188,False,6096.027377686083,6127.634989702759
1,1,O01,S008,586,664,0.7506296397493628,0.7545419036325006,248.68333435058594,False,6064.419765669407,6096.027377686083
1,1,O01,S008,587,664,0.746717375866225,0.7506296397493628,245.6693878173828,False,6032.81215365273,6064.419765669407
1,1,O01,S008,588,664,0.7451511441291016,0.746717375866225,240.32928466796875,False,6020.158394460112,6032.81215365273
1,1,O01,S008,588,665,0.7428051119830872,0.7451511441291016,226.0297393798828,False,6001.204541636053,6020.158394460112
1,1,O01,S008,589,665,0.7388928480999494,0.7428051119830872,224.2071990966797,False,5969.596929619377,6001.204541636053
1,1,O01,S008,590,665,0.7349805842168117,0.7388928480999494,218.881591796875,False,5937.989317602702,5969.596929619377
1,1,O01,S008,591,665,0.7310683203336739,0.7349805842168117,226.5134735107422,False,5906.381705586025,5937.989317602702
1,1,O01,S008,592,665,0.729808120141824,0.7310683203336739,238.0721435546875,False,5896.200409048485,5906.381705586025
1,1,O01,S008,592,666,0.727156056450536,0.729808120141824,228.270751953125,False,5874.774093569348,5896.200409048485
1,1,O01,S008,593,666,0.7232437925673982,0.727156056450536,213.64059448242188,False,5843.166481552672,5874.774093569348
1,1,O01,S008,594,666,0.7193315286842604,0.7232437925673982,211.96286010742188,False,5811.558869535996,5843.166481552672
1,1,O01,S008,595,666,0.7154192648011227,0.7193315286842604,222.84323120117188,False,5779.95125751932,5811.558869535996
1,1,O01,S008,596,666,0.7144650961545462,0.7154192648011227,237.42918395996094,False,5772.242423636858,5779.95125751932
1,1,O01,S008,596,667,0.7115070009179849,0.7144650961545462,227.80665588378906,False,5748.343645502644,5772.242423636858
1,1,O01,S008,597,667,0.7075947370348471,0.7115070009179849,244.96237182617188,False,5716.736033485967,5748.343645502644
1,1,O01,S008,598,667,0.7036824731517093,0.7075947370348471,261.4875793457031,False,5685.1284214692905,5716.736033485967
1,1,O01,S008,599,667,0.6997702092685715,0.7036824731517093,255.89830017089844,False,5653.520809452614,5685.1284214692905
1,1,O01,S008,600,667,0.6991220721672685,0.6997702092685715,241.87957763671875,False,5648.28443822523,5653.520809452614
1,1,O01,S008,600,668,0.6958579453854337,0.6991220721672685,231.92626953125,False,5621.913197435938,5648.28443822523
1,1,O01,S008,601,668,0.691945681502296,0.6958579453854337,228.82870483398438,False,5590.305585419263,5621.913197435938
1,1,O01,S008,602,668,0.6880334176191581,0.691945681502296,231.58534240722656,False,5558.697973402585,5590.305585419263
1,1,O01,S008,603,668,0.6841211537360203,0.6880334176191581,241.96456909179688,False,5527.090361385909,5558.697973402585
1,1,O01,S008,604,668,0.6837790481799909,0.6841211537360203,254.61631774902344,False,5524.326452813603,5527.090361385909
1,1,O01,S008,604,669,0.6802088898528825,0.6837790481799909,252.05604553222656,False,5495.482749369233,5524.326452813603
1,1,O01,S008,605,669,0.6762966259697447,0.6802088898528825,262.9507751464844,False,5463.8751373525565,5495.482749369233
1,1,O01,S008,606,669,0.6723843620866069,0.6762966259697447,275.5279235839844,False,5432.267525335879,5463.8751373525565
1,1,O01,S008,607,669,0.6684720982034692,0.6723843620866069,292.4982604980469,False,5400.659913319204,5432.267525335879
1,1,O01,S008,608,669,0.6684360241927132,0.6684720982034692,305.9945373535156,False,5400.368467401976,5400.659913319204
1,1,O01,S008,608,670,0.6645598343203314,0.6684360241927132,305.5211181640625,False,5369.052301302528,5400.368467401976
1,1,O01,S008,609,670,0.6606475704371936,0.6645598343203314,315.0748596191406,False,5337.444689285851,5369.052301302528
1,1,O01,S008,610,670,0.6567353065540558,0.6606475704371936,317.5588684082031,False,5305.837077269175,5337.444689285851
1,1,O01,S008,611,670,0.6530930002054355,0.6567353065540558,309.3165283203125,False,5276.410481990348,5305.837077269175
1,1,O01,S008,611,671,0.652823042670918,0.6530930002054355,301.1072998046875,False,5274.229465252498,5276.410481990348
1,1,O01,S008,612,671,0.6489107787877801,0.652823042670918,287.38836669921875,False,5242.621853235822,5274.229465252498
1,1,O01,S008,613,671,0.6449985149046424,0.6489107787877801,284.62261962890625,False,5211.014241219146,5242.621853235822
1,1,O01,S008,614,671,0.6410862510215046,0.6449985149046424,300.010498046875,False,5179.40662920247,5211.014241219146
1,1,O01,S008,615,671,0.6377499762181579,0.6410862510215046,304.4717102050781,False,5152.452496578721,5179.40662920247
1,1,O01,S008,615,672,0.6371739871383668,0.6377499762181579,297.9179382324219,False,5147.799017185794,5152.452496578721
1,1,O01,S008,616,672,0.633261723255229,0.6371739871383668,288.0013427734375,False,5116.1914051691165,5147.799017185794
1,1,O01,S008,617,672,0.6293494593720912,0.633261723255229,270.8594665527344,False,5084.58379315244,5116.1914051691165
1,1,O01,S008,618,672,0.6254371954889535,0.6293494593720912,253.53060913085938,False,5052.976181135765,5084.58379315244
1,1,O01,S008,619,672,0.6224069522308802,0.6254371954889535,233.08123779296875,False,5028.494511167094,5052.976181135765
1,1,O01,S008,619,673,0.6215249316058157,0.6224069522308802,229.59461975097656,False,5021.3685691190885,5028.494511167094
1,1,O01,S008,620,673,0.6176126677226779,0.6215249316058157,234.39305114746094,False,4989.760957102412,5021.3685691190885
1,1,O01,S008,621,673,0.61370040383954,0.6176126677226779,255.9833221435547,False,4958.153345085735,4989.760957102412
1,1,O01,S008,622,673,0.6097881399564022,0.61370040383954,268.4632263183594,False,4926.545733069059,4958.153345085735
1,1,O01,S008,623,673,0.6070639282436024,0.6097881399564022,275.5881652832031,False,4904.536525755466,4926.545733069059
1,1,O01,S008,623,674,0.6058758760732644,0.6070639282436024,276.8590087890625,False,4894.9381210523825,4904.536525755466
1,1,O01,S008,624,674,0.6019636121901267,0.6058758760732644,262.01580810546875,False,4863.330509035707,4894.9381210523825
1,1,O01,S008,625,674,0.5980513483069889,0.6019636121901267,244.2054443359375,False,4831.72289701903,4863.330509035707
1,1,O01,S008,626,674,0.5941390844238511,0.5980513483069889,250.56796264648438,False,4800.115285002354,4831.72289701903
1,1,O01,S008,627,674,0.5917209042563247,0.5941390844238511,270.2376403808594,False,4780.5785403438385,4800.115285002354
1,1,O01,S008,627,675,0.5902268205407133,0.5917209042563247,257.5056457519531,False,4768.507672985677,4780.5785403438385
1,1,O01,S008,628,675,0.5863145566575755,0.5902268205407133,270.4479675292969,False,4736.900060969001,4768.507672985677
1,1,O01,S008,629,675,0.5824022927744377,0.5863145566575755,288.4785461425781,False,4705.292448952325,4736.900060969001
1,1,O01,S008,630,675,0.5784900288913,0.5824022927744377,305.3985900878906,False,4673.6848369356485,4705.292448952325
1,1,O01,S008,631,675,0.5763778802690471,0.5784900288913,300.09515380859375,False,4656.620554932212,4673.6848369356485
1,1,O01,S008,631,676,0.5745777650081622,0.5763778802690471,305.68731689453125,False,4642.077224918972,4656.620554932212
1,1,O01,S008,632,676,0.5706655011250243,0.5745777650081622,299.40216064453125,False,4610.469612902296,4642.077224918972
1,1,O01,S008,633,676,0.5667532372418865,0.5706655011250243,293.9507751464844,False,4578.86200088562,4610.469612902296
1,1,O01,S008,634,676,0.5628409733587487,0.5667532372418865,298.74542236328125,False,4547.254388868943,4578.86200088562
1,1,O01,S008,635,676,0.5610348562817694,0.5628409733587487,291.4376220703125,False,4532.662569520584,4547.254388868943
1,1,O01,S008,635,677,0.558928709475611,0.5610348562817694,291.9681396484375,False,4515.646776852267,4532.662569520584
1,1,O01,S008,636,677,0.5550164455924732,0.558928709475611,276.5382385253906,False,4484.039164835591,4515.646776852267
1,1,O01,S008,637,677,0.5511041817093354,0.5550164455924732,260.5283508300781,False,4452.4315528189145,4484.039164835591
1,1,O01,S008,638,677,0.5471919178261976,0.5511041817093354,243.53675842285156,False,4420.823940802238,4452.4315528189145
1,1,O01,S008,639,677,0.5456918322944917,0.5471919178261976,256.2218017578125,False,4408.704584108957,4420.823940802238
1,1,O01,S008,639,678,0.5432796539430598,0.5456918322944917,254.3681182861328,False,4389.216328785562,4408.704584108957
1,1,O01,S008,640,678,0.539367390059922,0.5432796539430598,270.6124267578125,False,4357.608716768885,4389.216328785562
1,1,O01,S008,641,678,0.5354551261767843,0.539367390059922,283.2336120605469,False,4326.001104752209,4357.608716768885
1,1,O01,S008,642,678,0.5315428622936464,0.5354551261767843,296.9696960449219,False,4294.393492735533,4326.001104752209
1,1,O01,S008,643,678,0.5303488083072141,0.5315428622936464,304.9871826171875,False,4284.74659869733,4294.393492735533
1,1,O01,S008,643,679,0.5276305984105086,0.5303488083072141,300.735595703125,False,4262.785880718857,4284.74659869733
1,1,O01,S008,644,679,0.5237183345273708,0.5276305984105086,288.2223815917969,False,4231.17826870218,4262.785880718857
1,1,O01,S008,645,679,0.519806070644233,0.5237183345273708,271.87689208984375,False,4199.570656685503,4231.17826870218
1,1,O01,S008,646,679,0.5158938067610952,0.519806070644233,253.44384765625,False,4167.963044668827,4199.570656685503
1,1,O01,S008,647,679,0.5150057843199364,0.5158938067610952,242.47157287597656,False,4160.788613285702,4167.963044668827
1,1,O01,S008,647,680,0.5119815428779575,0.5150057843199364,238.73394775390625,False,4136.355432652152,4160.788613285702
1,1,O01,S008,648,680,0.5080692789948197,0.5119815428779575,252.0584716796875,False,4104.747820635475,4136.355432652152
1,1,O01,S008,649,680,0.5041570151116819,0.5080692789948197,265.89813232421875,False,4073.1402086187986,4104.747820635475
1,1,O01,S008,650,680,0.5002447512285441,0.5041570151116819,279.37054443359375,False,4041.532596602122,4073.1402086187986
1,1,O01,S008,651,680,0.4996627603326587,0.5002447512285441,284.017822265625,False,4036.830627874075,4041.532596602122
1,1,O01,S008,651,681,0.4963324873454063,0.4996627603326587,286.32275390625,False,4009.924984585446,4036.830627874075
1,1,O01,S008,652,681,0.4924202234622685,0.4963324873454063,277.38739013671875,False,3978.3173725687698,4009.924984585446
1,1,O01,S008,653,681,0.4885079595791307,0.4924202234622685,256.21453857421875,False,3946.709760552093,3978.3173725687698
1,1,O01,S008,654,681,0.4845956956959929,0.4885079595791307,232.9689178466797,False,3915.102148535417,3946.709760552093
1,1,O01,S008,655,681,0.484319736345381,0.4845956956959929,234.9308624267578,False,3912.8726424624474,3915.102148535417
1,1,O01,S008,655,682,0.4806834318128551,0.484319736345381,235.9147186279297,False,3883.4945365187405,3912.8726424624474
1,1,O01,S008,656,682,0.4767711679297173,0.4806834318128551,251.7985382080078,False,3851.886924502064,3883.4945365187405
1,1,O01,S008,657,682,0.47285890404657954,0.4767711679297173,263.96722412109375,False,3820.279312485388,3851.886924502064
1,1,O01,S008,658,682,0.46897671235810334,0.47285890404657954,264.4530334472656,False,3788.91465705082,3820.279312485388
1,1,O01,S008,658,683,0.46894664016344173,0.46897671235810334,254.4922332763672,False,3788.6717004687116,3788.91465705082
1,1,O01,S008,659,683,0.4650343762803039,0.46894664016344173,237.32525634765625,False,3757.0640884520353,3788.6717004687116
1,1,O01,S008,660,683,0.46112211239716616,0.4650343762803039,237.97767639160156,False,3725.456476435359,3757.0640884520353
1,1,O01,S008,661,683,0.45720984851402835,0.46112211239716616,251.8332977294922,False,3693.8488644186828,3725.456476435359
1,1,O01,S008,662,683,0.4536336883708256,0.45720984851402835,264.3040466308594,False,3664.956671639193,3693.8488644186828
1,1,O01,S008,662,684,0.45329758463089054,0.4536336883708256,264.4491271972656,False,3662.241252402006,3664.956671639193
1,1,O01,S008,663,684,0.4493853207477528,0.45329758463089054,274.5884094238281,False,3630.63364038533,3662.241252402006
1,1,O01,S008,664,684,0.44547305686461497,0.4493853207477528,287.5166015625,False,3599.026028368654,3630.63364038533
1,1,O01,S008,665,684,0.4415607929814772,0.44547305686461497,299.5338134765625,False,3567.4184163519776,3599.026028368654
1,1,O01,S008,666,684,0.43829066438354797,0.4415607929814772,294.2038269042969,False,3540.9986862275655,3567.4184163519776
1,1,O01,S008,666,685,0.4376485290983394,0.43829066438354797,289.7340393066406,False,3535.8108043353013,3540.9986862275655
1,1,O01,S008,667,685,0.4337362652152016,0.4376485290983394,272.85498046875,False,3504.2031923186246,3535.8108043353013
1,1,O01,S008,668,685,0.42982400133206383,0.4337362652152016,265.2282409667969,False,3472.5955803019488,3504.2031923186246
1,1,O01,S008,669,685,0.425911737448926,0.42982400133206383,261.178955078125,False,3440.987968285272,3472.5955803019488
1,1,O01,S008,670,685,0.4229476403962703,0.425911737448926,261.55853271484375,False,3417.040700815938,3440.987968285272
1,1,O01,S008,670,686,0.4219994735657882,0.4229476403962703,243.28456115722656,False,3409.3803562685957,3417.040700815938
1,1,O01,S008,671,686,0.41808720968265045,0.4219994735657882,251.5581512451172,False,3377.77274425192,3409.3803562685957
1,1,O01,S008,672,686,0.41417494579951264,0.41808720968265045,267.4793701171875,False,3346.165132235243,3377.77274425192
1,1,O01,S008,673,686,0.4102626819163748,0.41417494579951264,274.6983642578125,False,3314.557520218567,3346.165132235243
1,1,O01,S008,674,686,0.4076046164089926,0.4102626819163748,261.7333679199219,False,3293.082715404311,3314.557520218567
1,1,O01,S008,674,687,0.40635041803323707,0.4076046164089926,252.66204833984375,False,3282.9499082018906,3293.082715404311
1,1,O01,S008,675,687,0.40243815415009926,0.40635041803323707,233.77346801757812,False,3251.3422961852143,3282.9499082018906
1,1,O01,S008,676,687,0.39852589026696145,0.40243815415009926,218.54376220703125,False,3219.7346841685376,3251.3422961852143
1,1,O01,S008,677,687,0.3946136263838237,0.39852589026696145,208.74270629882812,False,3188.1270721518617,3219.7346841685376
1,1,O01,S008,678,687,0.39226159242171493,0.3946136263838237,221.69253540039062,False,3169.1247299926836,3188.1270721518617
1,1,O01,S008,678,688,0.3907013625006859,0.39226159242171493,213.09124755859375,False,3156.5194601351855,3169.1247299926836
1,1,O01,S008,679,688,0.38678909861754807,0.3907013625006859,215.8779754638672,False,3124.9118481185087,3156.5194601351855
1,1,O01,S008,680,688,0.3828768347344103,0.38678909861754807,206.69134521484375,False,3093.304236101833,3124.9118481185087
1,1,O01,S008,681,688,0.3789645708512725,0.3828768347344103,195.11061096191406,False,3061.696624085156,3093.304236101833
1,1,O01,S008,682,688,0.3769185684344373,0.3789645708512725,189.26210021972656,False,3045.1667445810563,3061.696624085156
1,1,O01,S008,682,689,0.3750523069681347,0.3769185684344373,189.5266876220703,False,3030.08901206848,3045.1667445810563
1,1,O01,S008,683,689,0.37114004308499693,0.3750523069681347,201.4029083251953,False,2998.481400051804,3030.08901206848
1,1,O01,S008,684,689,0.3672277792018591,0.37114004308499693,217.3805389404297,False,2966.8737880351273,2998.481400051804
1,1,O01,S008,685,689,0.36331551531872136,0.3672277792018591,233.81436157226562,False,2935.2661760184515,2966.8737880351273
1,1,O01,S008,686,689,0.36157554444715956,0.36331551531872136,227.56387329101562,False,2921.208759169429,2935.2661760184515
1,1,O01,S008,686,690,0.35940325143558355,0.36157554444715956,230.9404296875,False,2903.6585640017747,2921.208759169429
1,1,O01,S008,687,690,0.35549098755244574,0.35940325143558355,219.34292602539062,False,2872.0509519850984,2903.6585640017747
1,1,O01,S008,688,690,0.351578723669308,0.35549098755244574,204.6278533935547,False,2840.443339968422,2872.0509519850984
1,1,O01,S008,689,690,0.34766645978617017,0.351578723669308,188.54307556152344,False,2808.835727951746,2840.443339968422
1,1,O01,S008,690,690,0.3462325204598819,0.34766645978617017,188.63851928710938,False,2797.2507737578017,2808.835727951746
1,1,O01,S008,690,691,0.34375419590303236,0.3462325204598819,202.43679809570312,False,2777.2281159350696,2797.2507737578017
1,1,O01,S008,691,691,0.3398419320198946,0.34375419590303236,197.51866149902344,False,2745.6205039183933,2777.2281159350696
1,1,O01,S008,692,691,0.3359296681367568,0.3398419320198946,203.52493286132812,False,2714.012891901717,2745.6205039183933
1,1,O01,S008,693,691,0.332017404253619,0.3359296681367568,206.86363220214844,False,2682.4052798850403,2714.012891901717
1,1,O01,S008,694,691,0.3308894964726042,0.332017404253619,204.5586395263672,False,2673.292788346174,2682.4052798850403
1,1,O01,S008,694,692,0.3281051403704812,0.3308894964726042,208.65528869628906,False,2650.7976678683644,2673.292788346174
1,1,O01,S008,695,692,0.3241928764873434,0.3281051403704812,203.07904052734375,False,2619.1900558516877,2650.7976678683644
1,1,O01,S008,696,692,0.3202806126042056,0.3241928764873434,197.65887451171875,False,2587.5824438350114,2619.1900558516877
1,1,O01,S008,697,692,0.31636834872106784,0.3202806126042056,198.179931640625,False,2555.9748318183356,2587.5824438350114
1,1,O01,S008,698,692,0.3155464724853265,0.31636834872106784,202.21958923339844,False,2549.334802934547,2555.9748318183356
1,1,O01,S008,698,693,0.31245608483793,0.3155464724853265,187.4729766845703,False,2524.367219801659,2549.334802934547
1,1,O01,S008,699,693,0.3085438209547922,0.31245608483793,190.19015502929688,False,2492.7596077849826,2524.367219801659
1,1,O01,S008,700,693,0.30463155707165446,0.3085438209547922,199.13455200195312,False,2461.1519957683063,2492.7596077849826
1,1,O01,S008,701,693,0.30071929318851665,0.30463155707165446,204.71510314941406,False,2429.54438375163,2461.1519957683063
1,1,O01,S008,702,693,0.30020344849804886,0.30071929318851665,207.65652465820312,False,2425.3768175229197,2429.54438375163
1,1,O01,S008,702,694,0.29680702930537883,0.30020344849804886,204.0930938720703,False,2397.9367717349537,2425.3768175229197
1,1,O01,S008,703,694,0.2928947654222411,0.29680702930537883,195.38876342773438,False,2366.3291597182774,2397.9367717349537
1,1,O01,S008,704,694,0.28898250153910326,0.2928947654222411,194.2313690185547,False,2334.721547701601,2366.3291597182774
1,1,O01,S008,705,694,0.2850702376559655,0.28898250153910326,182.5805206298828,False,2303.113935684925,2334.721547701601
1,1,O01,S008,706,694,0.28486042451077115,0.2850702376559655,158.82687377929688,False,2301.418832111292,2303.113935684925
1,1,O01,S008,706,695,0.2811579737728277,0.28486042451077115,161.69569396972656,False,2271.5063236682486,2301.418832111292
1,1,O01,S008,707,695,0.2772457098896899,0.2811579737728277,150.10281372070312,False,2239.898711651572,2271.5063236682486
1,1,O01,S008,708,695,0.2733334460065521,0.2772457098896899,148.82444763183594,False,2208.291099634896,2239.898711651572
1,1,O01,S008,709,695,0.2695174005234935,0.2733334460065521,150.2891082763672,False,2177.4608466996647,2208.291099634896
1,1,O01,S008,709,696,0.2694211821234143,0.2695174005234935,157.32200622558594,False,2176.6834876182197,2177.4608466996647
1,1,O01,S008,710,696,0.2655089182402765,0.2694211821234143,151.3913116455078,False,2145.075875601543,2176.6834876182197
1,1,O01,S008,711,696,0.26159665435713875,0.2655089182402765,158.80348205566406,False,2113.468263584867,2145.075875601543
1,1,O01,S008,712,696,0.25768439047400094,0.26159665435713875,174.8004913330078,False,2081.8606515681904,2113.468263584867
1,1,O01,S008,713,696,0.2541743765362158,0.25768439047400094,189.58364868164062,False,2053.5028612880374,2081.8606515681904
1,1,O01,S008,713,697,0.2537721265908631,0.2541743765362158,179.4084930419922,False,2050.253039551514,2053.5028612880374
1,1,O01,S008,714,697,0.24985986270772534,0.2537721265908631,192.6483917236328,False,2018.6454275348378,2050.253039551514
1,1,O01,S008,715,697,0.24594759882458755,0.24985986270772534,203.0789031982422,False,1987.0378155181616,2018.6454275348378
1,1,O01,S008,716,697,0.24203533494144977,0.24594759882458755,209.68287658691406,False,1955.4302035014853,1987.0378155181616
1,1,O01,S008,717,697,0.23883135254893811,0.24203533494144977,210.35076904296875,False,1929.54487587641,1955.4302035014853
1,1,O01,S008,717,698,0.23812307105831196,0.23883135254893811,212.54971313476562,False,1923.8225914848088,1929.54487587641
1,1,O01,S008,718,698,0.23421080717517417,0.23812307105831196,209.1463165283203,False,1892.2149794681327,1923.8225914848088
1,1,O01,S008,719,698,0.2302985432920364,0.23421080717517417,197.91146850585938,False,1860.6073674514564,1892.2149794681327
1,1,O01,S008,720,698,0.2263862794088986,0.2302985432920364,191.08619689941406,False,1828.9997554347801,1860.6073674514564
1,1,O01,S008,721,698,0.22348832856166043,0.2263862794088986,181.96324157714844,False,1805.5868904647828,1828.9997554347801
1,1,O01,S008,721,699,0.2224740155257608,0.22348832856166043,179.50616455078125,False,1797.3921434181036,1805.5868904647828
1,1,O01,S008,722,699,0.218561751642623,0.2224740155257608,157.97300720214844,False,1765.7845314014273,1797.3921434181036
1,1,O01,S008,723,699,0.21464948775948522,0.218561751642623,144.53883361816406,False,1734.176919384751,1765.7845314014273
1,1,O01,S008,724,699,0.2107372238763474,0.21464948775948522,140.2158660888672,False,1702.5693073680748,1734.176919384751
1,1,O01,S008,725,699,0.20814530457438274,0.2107372238763474,138.32093811035156,False,1681.6289050531552,1702.5693073680748
1,1,O01,S008,725,700,0.20682495999320963,0.20814530457438274,139.40574645996094,False,1670.9616953513985,1681.6289050531552
1,1,O01,S008,726,700,0.20291269611007184,0.20682495999320963,141.15771484375,False,1639.3540833347222,1670.9616953513985
1,1,O01,S008,727,700,0.19900043222693403,0.20291269611007184,141.211669921875,False,1607.7464713180457,1639.3540833347222
1,1,O01,S008,728,700,0.19508816834379625,0.19900043222693403,140.5471954345703,False,1576.1388593013694,1607.7464713180457
1,1,O01,S008,729,700,0.19280228058710508,0.19508816834379625,138.2509307861328,False,1557.6709196415281,1576.1388593013694
1,1,O01,S008,729,701,0.19117590446065846,0.19280228058710508,137.32992553710938,False,1544.531247284693,1557.6709196415281
1,1,O01,S008,730,701,0.18726364057752068,0.19117590446065846,136.0429229736328,False,1512.9236352680168,1544.531247284693
1,1,O01,S008,731,701,0.18335137669438287,0.18726364057752068,156.3429412841797,False,1481.3160232513405,1512.9236352680168
1,1,O01,S008,732,701,0.17943911281124508,0.18335137669438287,169.06527709960938,False,1449.7084112346643,1481.3160232513405
1,1,O01,S008,733,701,0.1774592565998274,0.17943911281124508,173.8075408935547,False,1433.7129342299008,1449.7084112346643
1,1,O01,S008,733,702,0.1755268489281073,0.1774592565998274,162.65591430664062,False,1418.100799217988,1433.7129342299008
1,1,O01,S008,734,702,0.1716145850449695,0.1755268489281073,163.59104919433594,False,1386.4931872013115,1418.100799217988
1,1,O01,S008,735,702,0.1677023211618317,0.1716145850449695,170.7978515625,False,1354.8855751846352,1386.4931872013115
1,1,O01,S008,736,702,0.16379005727869392,0.1677023211618317,185.29049682617188,False,1323.277963167959,1354.8855751846352
1,1,O01,S008,737,702,0.1621162326125497,0.16379005727869392,200.30059814453125,False,1309.7549488182733,1323.277963167959
1,1,O01,S008,737,703,0.1598777933955561,0.1621162326125497,194.78147888183594,False,1291.6703511512826,1309.7549488182733
1,1,O01,S008,738,703,0.15596552951241832,0.1598777933955561,204.2788543701172,False,1260.0627391346063,1291.6703511512826
1,1,O01,S008,739,703,0.15205326562928054,0.15596552951241832,201.02774047851562,False,1228.45512711793,1260.0627391346063
1,1,O01,S008,740,703,0.14814100174614275,0.15205326562928054,201.4271697998047,False,1196.8475151012537,1228.45512711793
1,1,O01,S008,741,703,0.14677320862527202,0.14814100174614275,200.16481018066406,False,1185.796963406646,1196.8475151012537
1,1,O01,S008,741,704,0.14422873786300494,0.14677320862527202,205.1633758544922,False,1165.2399030845772,1185.796963406646
1,1,O01,S008,742,704,0.14031647397986716,0.14422873786300494,203.5731201171875,False,1133.632291067901,1165.2399030845772
1,1,O01,S008,743,704,0.13640421009672937,0.14031647397986716,200.187255859375,False,1102.024679051225,1133.632291067901
1,1,O01,S008,744,704,0.13249194621359156,0.13640421009672937,195.7525634765625,False,1070.4170670345484,1102.024679051225
1,1,O01,S008,745,704,0.13143018463799433,0.13249194621359156,198.57191467285156,False,1061.8389779950187,1070.4170670345484
1,1,O01,S008,745,705,0.12857968233045378,0.13143018463799433,196.6827392578125,False,1038.809455017872,1061.8389779950187
1,1,O01,S008,746,705,0.12466741844731598,0.12857968233045378,199.77774047851562,False,1007.2018430011957,1038.809455017872
1,1,O01,S008,747,705,0.1207551545641782,0.12466741844731598,193.27687072753906,False,975.5942309845194,1007.2018430011957
1,1,O01,S008,748,705,0.1168428906810404,0.1207551545641782,180.83560180664062,False,943.9866189678431,975.5942309845194
1,1,O01,S008,749,705,0.11608716065071666,0.1168428906810404,167.61489868164062,False,937.8809925833914,943.9866189678431
1,1,O01,S008,749,706,0.11293062679790261,0.11608716065071666,174.8217315673828,False,912.3790069511668,937.8809925833914
1,1,O01,S008,750,706,0.10901836291476481,0.11293062679790261,165.09619140625,False,880.7713949344904,912.3790069511668
1,1,O01,S008,751,706,0.10510609903162701,0.10901836291476481,154.4271697998047,False,849.1637829178142,880.7713949344904
1,1,O01,S008,752,706,0.10119383514848923,0.10510609903162701,154.34803771972656,False,817.5561709011379,849.1637829178142
1,1,O01,S008,753,706,0.10074413666343898,0.10119383514848923,166.96524047851562,False,813.9230071717641,817.5561709011379
1,1,O01,S008,753,707,0.09728157126535143,0.10074413666343898,181.98526000976562,False,785.9485588844615,813.9230071717641
1,1,O01,S008,754,707,0.09336930738221365,0.09728157126535143,174.5121612548828,False,754.3409468677853,785.9485588844615
1,1,O01,S008,755,707,0.08945704349907585,0.09336930738221365,169.1483612060547,False,722.7333348511089,754.3409468677853
1,1,O01,S008,756,707,0.08554477961593805,0.08945704349907585,165.27374267578125,False,691.1257228344325,722.7333348511089
1,1,O01,S008,757,707,0.0854011126761613,0.08554477961593805,160.87911987304688,False,689.9650217601367,691.1257228344325
1,1,O01,S008,757,708,0.08163251573280027,0.0854011126761613,171.21006774902344,False,659.5181108177563,689.9650217601367
1,1,O01,S008,758,708,0.07772025184966247,0.08163251573280027,163.02462768554688,False,627.9104988010799,659.5181108177563
1,1,O01,S008,759,708,0.07380798796652469,0.07772025184966247,155.14585876464844,False,596.3028867844037,627.9104988010799
1,1,O01,S008,760,708,0.07005808868888362,0.07380798796652469,140.00267028808594,False,566.0070363485094,596.3028867844037
1,1,O01,S008,760,709,0.06989572408338689,0.07005808868888362,138.98719787597656,False,564.6952747677274,566.0070363485094
1,1,O01,S008,761,709,0.06598346020024909,0.06989572408338689,132.65663146972656,False,533.087662751051,564.6952747677274
1,1,O01,S008,762,709,0.062071196317111305,0.06598346020024909,132.66122436523438,False,501.4800507343747,533.087662751051
1,1,O01,S008,763,709,0.058158932433973506,0.062071196317111305,136.46885681152344,False,469.87243871769834,501.4800507343747
1,1,O01,S008,764,709,0.054715064701605934,0.058158932433973506,145.68429565429688,False,442.049050936882,469.87243871769834
1,1,O01,S008,764,710,0.054246668550835715,0.054715064701605934,133.1561737060547,False,438.26482670102206,442.049050936882
1,1,O01,S008,765,710,0.050334404667697924,0.054246668550835715,134.18728637695312,False,406.6572146843457,438.26482670102206
1,1,O01,S008,766,710,0.04642214078456013,0.050334404667697924,139.52053833007812,False,375.04960266766943,406.6572146843457
1,1,O01,S008,767,710,0.04250987690142234,0.04642214078456013,132.91812133789062,False,343.4419906509931,375.04960266766943
1,1,O01,S008,768,710,0.03937204071432825,0.04250987690142234,128.1844024658203,False,318.0910655252547,343.4419906509931
1,1,O01,S008,768,711,0.03859761301828454,0.03937204071432825,127.0422134399414,False,311.83437863431675,318.0910655252547
1,1,O01,S008,769,711,0.03468534913514675,0.03859761301828454,128.790771484375,False,280.22676661764046,311.83437863431675
1,1,O01,S008,770,711,0.03077308525200896,0.03468534913514675,127.50688171386719,False,248.61915460096415,280.22676661764046
1,1,O01,S008,771,711,0.02686082136887117,0.03077308525200896,132.68983459472656,False,217.01154258428784,248.61915460096415
1,1,O01,S008,772,711,0.024029016727050573,0.02686082136887117,132.96780395507812,False,194.13308011362736,217.01154258428784
1,1,O01,S008,772,712,0.022948557485733375,0.024029016727050573,138.58750915527344,False,185.4039305676115,194.13308011362736
1,1,O01,S008,773,712,0.019036293602595584,0.022948557485733375,136.61082458496094,False,153.7963185509352,185.4039305676115
1,1,O01,S008,774,712,0.01512402971945779,0.019036293602595584,134.21600341796875,False,122.18870653425888,153.7963185509352
1,1,O01,S008,775,712,0.011211765836319998,0.01512402971945779,133.5510711669922,False,90.58109451758256,122.18870653425888
1,1,O01,S008,776,712,0.008685992739772892,0.011211765836319998,133.20738220214844,False,70.17509470200001,90.58109451758256
1,1,O01,S008,776,713,0.007299501953182206,0.008685992739772892,133.40194702148438,False,58.97348250090625,70.17509470200001
1,1,O01,S008,777,713,0.0033872380700444133,0.007299501953182206,130.80474853515625,False,27.36587048422993,58.97348250090625
1,1,O01,S008,778,713,0.0,0.0033872380700444133,128.7255401611328,False,0.0,27.36587048422993
2,1,O01,S014,778,713,0.0,0.0022850023835576778,128.7255401611328,False,0.0,12.383653363144251
2,1,O01,S014,778,714,0.0022850023835576778,0.007551440992367423,129.26283264160156,False,12.383653363144251,40.925308575003385
2,1,O01,S014,778,715,0.007551440992367423,0.011296980961308864,129.6593780517578,False,40.925308575003385,61.22439839956421
2,1,O01,S014,779,715,0.011296980961308864,0.012817879601177168,129.28472900390625,False,61.22439839956421,69.46696378686251
2,1,O01,S014,779,716,0.012817879601177168,0.018084318209986912,129.98789978027344,False,69.46696378686251,98.00861899872163
2,1,O01,S014,779,717,0.018084318209986912,0.02335075681879666,133.90892028808594,False,98.00861899872163,126.55027421058078
2,1,O01,S014,779,718,0.02335075681879666,0.028617195427606403,145.2412109375,False,126.55027421058078,155.0919294224399
2,1,O01,S014,779,719,0.028617195427606403,0.03388363403641615,151.00820922851562,False,155.0919294224399,183.63358463429904
2,1,O01,S014,779,720,0.03388363403641615,0.039150072645225895,156.33633422851562,False,183.63358463429904,212.17523984615818
2,1,O01,S014,779,721,0.039150072645225895,0.04441651125403564,162.16592407226562,False,212.17523984615818,240.7168950580173
2,1,O01,S014,779,722,0.04441651125403564,0.04968294986284538,170.4844512939453,False,240.7168950580173,269.2585502698764
2,1,O01,S014,779,723,0.04968294986284538,0.054949388471655126,174.65780639648438,False,269.2585502698764,297.80020548173553
2,1,O01,S014,779,724,0.054949388471655126,0.06021582708046487,179.5667266845703,False,297.80020548173553,326.34186069359464
2,1,O01,S014,779,725,0.06021582708046487,0.06548226568927462,187.17919921875,False,326.34186069359464,354.8835159054538
2,1,O01,S014,779,726,0.06548226568927462,0.07074870429808436,188.67779541015625,False,354.8835159054538,383.4251711173129
2,1,O01,S014,779,727,0.07074870429808436,0.07601514290689411,187.57858276367188,False,383.4251711173129,411.9668263291721
2,1,O01,S014,779,728,0.07601514290689411,0.08128158151570386,185.86924743652344,False,411.9668263291721,440.50848154103124
2,1,O01,S014,779,729,0.08128158151570386,0.0865480201245136,186.67628479003906,False,440.50848154103124,469.0501367528903
2,1,O01,S014,779,730,0.0865480201245136,0.09181445873332335,187.61566162109375,False,469.0501367528903,497.59179196474946
2,1,O01,S014,779,731,0.09181445873332335,0.09547716696592201,191.22911071777344,False,497.59179196474946,517.4419721874134
2,1,O01,S014,780,731,0.09547716696592201,0.09708089734213309,200.91978454589844,False,517.4419721874134,526.1334471766086
2,1,O01,S014,780,732,0.09708089734213309,0.10234733595094284,211.13983154296875,False,526.1334471766086,554.6751023884677
2,1,O01,S014,780,733,0.10234733595094284,0.10761377455975257,221.82736206054688,False,554.6751023884677,583.2167576003268
2,1,O01,S014,780,734,0.10761377455975257,0.11288021316856232,229.8799285888672,False,583.2167576003268,611.758412812186
2,1,O01,S014,780,735,0.11288021316856232,0.11814665177737207,227.4667510986328,False,611.758412812186,640.3000680240451
2,1,O01,S014,780,736,0.11814665177737207,0.12341309038618181,212.51914978027344,False,640.3000680240451,668.8417232359043
2,1,O01,S014,780,737,0.12341309038618181,0.12867952899499155,193.15304565429688,False,668.8417232359043,697.3833784477633
2,1,O01,S014,780,738,0.12867952899499155,0.1339459676038013,189.23287963867188,False,697.3833784477633,725.9250336596225
2,1,O01,S014,780,739,0.1339459676038013,0.13921240621261105,198.59432983398438,False,725.9250336596225,754.4666888714817
2,1,O01,S014,780,740,0.13921240621261105,0.1444788448214208,199.7314910888672,False,754.4666888714817,783.0083440833407
2,1,O01,S014,780,741,0.1444788448214208,0.14974528343023055,198.00140380859375,False,783.0083440833407,811.5499992952
2,1,O01,S014,780,742,0.14974528343023055,0.1550117220390403,192.2019500732422,False,811.5499992952,840.091654507059
2,1,O01,S014,780,743,0.1550117220390403,0.16027816064785003,188.55593872070312,False,840.091654507059,868.6333097189181
2,1,O01,S014,780,744,0.16027816064785003,0.16554459925665976,189.1827392578125,False,868.6333097189181,897.1749649307773
2,1,O01,S014,780,745,0.16554459925665976,0.17081103786546953,194.96578979492188,False,897.1749649307773,925.7166201426364
2,1,O01,S014,780,746,0.17081103786546953,0.17607747647427927,200.46893310546875,False,925.7166201426364,954.2582753544956
2,1,O01,S014,780,747,0.17607747647427927,0.17965735297053517,203.80654907226562,False,954.2582753544956,973.6595459752627
2,1,O01,S014,781,747,0.17965735297053517,0.181343915083089,208.6623077392578,False,973.6595459752627,982.7999305663546
2,1,O01,S014,781,748,0.181343915083089,0.18661035369189877,214.8997802734375,False,982.7999305663546,1011.3415857782139
2,1,O01,S014,781,749,0.18661035369189877,0.1918767923007085,223.04656982421875,False,1011.3415857782139,1039.8832409900729
2,1,O01,S014,781,750,0.1918767923007085,0.19714323090951824,228.46510314941406,False,1039.8832409900729,1068.4248962019321
2,1,O01,S014,781,751,0.19714323090951824,0.20240966951832798,235.89675903320312,False,1068.4248962019321,1096.9665514137912
2,1,O01,S014,781,752,0.20240966951832798,0.20767610812713774,244.93040466308594,False,1096.9665514137912,1125.5082066256505
2,1,O01,S014,781,753,0.20767610812713774,0.21294254673594748,257.22259521484375,False,1125.5082066256505,1154.0498618375095
2,1,O01,S014,781,754,0.21294254673594748,0.21820898534475722,270.09033203125,False,1154.0498618375095,1182.5915170493686
2,1,O01,S014,781,755,0.21820898534475722,0.22347542395356698,281.8160400390625,False,1182.5915170493686,1211.1331722612279
2,1,O01,S014,781,756,0.22347542395356698,0.22874186256237672,293.673095703125,False,1211.1331722612279,1239.674827473087
2,1,O01,S014,781,757,0.22874186256237672,0.23400830117118646,304.7143859863281,False,1239.674827473087,1268.216482684946
2,1,O01,S014,781,758,0.23400830117118646,0.2392747397799962,313.5386657714844,False,1268.216482684946,1296.758137896805
2,1,O01,S014,781,759,0.2392747397799962,0.24454117838880596,320.74169921875,False,1296.758137896805,1325.2997931086643
2,1,O01,S014,781,760,0.24454117838880596,0.2498076169976157,322.7029724121094,False,1325.2997931086643,1353.8414483205233
2,1,O01,S014,781,761,0.2498076169976157,0.25507405560642543,320.3739318847656,False,1353.8414483205233,1382.3831035323824
2,1,O01,S014,781,762,0.25507405560642543,0.2603404942152352,321.36273193359375,False,1382.3831035323824,1410.9247587442417
2,1,O01,S014,781,763,0.2603404942152352,0.26383753897514833,325.1877136230469,False,1410.9247587442417,1429.877119763112
2,1,O01,S014,782,763,0.26383753897514833,0.2656069328240449,337.1573486328125,False,1429.877119763112,1439.4664139561007
2,1,O01,S014,782,764,0.2656069328240449,0.27087337143285467,344.5039978027344,False,1439.4664139561007,1468.0080691679598
2,1,O01,S014,782,765,0.27087337143285467,0.27613981004166444,352.3396301269531,False,1468.0080691679598,1496.549724379819
2,1,O01,S014,782,766,0.27613981004166444,0.28140624865047414,352.6406555175781,False,1496.549724379819,1525.091379591678
2,1,O01,S014,782,767,0.28140624865047414,0.2866726872592839,339.8145446777344,False,1525.091379591678,1553.6330348035372
2,1,O01,S014,782,768,0.2866726872592839,0.2919391258680937,326.4410095214844,False,1553.6330348035372,1582.1746900153964
2,1,O01,S014,782,769,0.2919391258680937,0.2972055644769034,322.3827209472656,False,1582.1746900153964,1610.7163452272555
2,1,O01,S014,782,770,0.2972055644769034,0.30247200308571315,316.8052978515625,False,1610.7163452272555,1639.2580004391148
2,1,O01,S014,782,771,0.30247200308571315,0.3077384416945229,312.87030029296875,False,1639.2580004391148,1667.7996556509738
2,1,O01,S014,782,772,0.3077384416945229,0.3130048803033326,314.25604248046875,False,1667.7996556509738,1696.3413108628329
2,1,O01,S014,782,773,0.3130048803033326,0.3182713189121424,315.4833679199219,False,1696.3413108628329,1724.8829660746921
2,1,O01,S014,782,774,0.3182713189121424,0.32353775752095215,310.27239990234375,False,1724.8829660746921,1753.4246212865514
2,1,O01,S014,782,775,0.32353775752095215,0.32880419612976186,306.7596435546875,False,1753.4246212865514,1781.9662764984103
2,1,O01,S014,782,776,0.32880419612976186,0.3340706347385716,303.129150390625,False,1781.9662764984103,1810.5079317102695
2,1,O01,S014,782,777,0.3340706347385716,0.33933707334738133,290.6310119628906,False,1810.5079317102695,1839.0495869221284
2,1,O01,S014,782,778,0.33933707334738133,0.3446035119561911,291.20703125,False,1839.0495869221284,1867.5912421339876
2,1,O01,S014,782,779,0.3446035119561911,0.34801772497976147,288.1540832519531,False,1867.5912421339876,1886.0946935509612
2,1,O01,S014,783,779,0.34801772497976147,0.34986995056500086,298.3387756347656,False,1886.0946935509612,1896.132897345847
2,1,O01,S014,783,780,0.34986995056500086,0.3551363891738106,291.7024230957031,False,1896.132897345847,1924.6745525577057
2,1,O01,S014,783,781,0.3551363891738106,0.36040282778262034,287.3536682128906,False,1924.6745525577057,1953.216207769565
2,1,O01,S014,783,782,0.36040282778262034,0.3656692663914301,285.03179931640625,False,1953.216207769565,1981.7578629814243
2,1,O01,S014,783,783,0.3656692663914301,0.3709357050002398,292.9482421875,False,1981.7578629814243,2010.2995181932833
2,1,O01,S014,783,784,0.3709357050002398,0.3762021436090496,291.25543212890625,False,2010.2995181932833,2038.8411734051424
2,1,O01,S014,783,785,0.3762021436090496,0.38146858221785934,282.4837951660156,False,2038.8411734051424,2067.382828617002
2,1,O01,S014,783,786,0.38146858221785934,0.38673502082666905,273.2742614746094,False,2067.382828617002,2095.9244838288605
2,1,O01,S014,783,787,0.38673502082666905,0.3920014594354788,264.5191345214844,False,2095.9244838288605,2124.46613904072
2,1,O01,S014,783,788,0.3920014594354788,0.3972678980442886,268.5773620605469,False,2124.46613904072,2153.007794252579
2,1,O01,S014,783,789,0.3972678980442886,0.4025343366530983,278.7673645019531,False,2153.007794252579,2181.549449464438
2,1,O01,S014,783,790,0.4025343366530983,0.40780077526190806,283.65447998046875,False,2181.549449464438,2210.091104676297
2,1,O01,S014,783,791,0.40780077526190806,0.41306721387071776,270.8948974609375,False,2210.091104676297,2238.632759888156
2,1,O01,S014,783,792,0.41306721387071776,0.41833365247952753,267.6038513183594,False,2238.632759888156,2267.1744151000153
2,1,O01,S014,783,793,0.41833365247952753,0.4236000910883373,281.2757568359375,False,2267.1744151000153,2295.716070311875
2,1,O01,S014,783,794,0.4236000910883373,0.428866529697147,292.2279357910156,False,2295.716070311875,2324.257725523734
2,1,O01,S014,783,795,0.428866529697147,0.43219791098437466,295.5849609375,False,2324.257725523734,2342.3122673388107
2,1,O01,S014,784,795,0.43219791098437466,0.43413296830595677,280.85626220703125,False,2342.3122673388107,2352.799380735593
2,1,O01,S014,784,796,0.43413296830595677,0.43939940691476653,284.2557373046875,False,2352.799380735593,2381.341035947452
2,1,O01,S014,784,797,0.43939940691476653,0.44466584552357624,278.2004699707031,False,2381.341035947452,2409.882691159311
2,1,O01,S014,784,798,0.44466584552357624,0.449932284132386,266.50946044921875,False,2409.882691159311,2438.4243463711705
2,1,O01,S014,784,799,0.449932284132386,0.45519872274119577,260.88983154296875,False,2438.4243463711705,2466.9660015830295
2,1,O01,S014,784,800,0.45519872274119577,0.4604651613500055,261.6959533691406,False,2466.9660015830295,2495.5076567948886
2,1,O01,S014,784,801,0.4604651613500055,0.46573159995881525,263.59564208984375,False,2495.5076567948886,2524.0493120067476
2,1,O01,S014,784,802,0.46573159995881525,0.470998038567625,270.6304016113281,False,2524.0493120067476,2552.590967218607
2,1,O01,S014,784,803,0.470998038567625,0.4762644771764347,286.0662841796875,False,2552.590967218607,2581.1326224304657
2,1,O01,S014,784,804,0.4762644771764347,0.4815309157852445,303.6142883300781,False,2581.1326224304657,2609.6742776423253
2,1,O01,S014,784,805,0.4815309157852445,0.4867973543940542,316.97393798828125,False,2609.6742776423253,2638.215932854184
2,1,O01,S014,784,806,0.4867973543940542,0.49206379300286396,335.844970703125,False,2638.215932854184,2666.7575880660434
2,1,O01,S014,784,807,0.49206379300286396,0.4973302316116737,349.4792175292969,False,2666.7575880660434,2695.2992432779024
2,1,O01,S014,784,808,0.4973302316116737,0.5025966702204835,355.21295166015625,False,2695.2992432779024,2723.840898489762
2,1,O01,S014,784,809,0.5025966702204835,0.5078631088292932,357.3052978515625,False,2723.840898489762,2752.3825537016205
2,1,O01,S014,784,810,0.5078631088292932,0.5131295474381029,365.0150146484375,False,2752.3825537016205,2780.9242089134796
2,1,O01,S014,784,811,0.5131295474381029,0.5163780969889877,378.45465087890625,False,2780.9242089134796,2798.5298411266594
2,1,O01,S014,785,811,0.5163780969889877,0.5183959860469127,369.0889892578125,False,2798.5298411266594,2809.465864125339
2,1,O01,S014,785,812,0.5183959860469127,0.5236624246557224,387.9398193359375,False,2809.465864125339,2838.007519337198
2,1,O01,S014,785,813,0.5236624246557224,0.5289288632645321,405.0333557128906,False,2838.007519337198,2866.549174549057
2,1,O01,S014,785,814,0.5289288632645321,0.534195301873342,399.0369567871094,False,2866.549174549057,2895.0908297609167
2,1,O01,S014,785,815,0.534195301873342,0.5394617404821517,387.4132385253906,False,2895.0908297609167,2923.6324849727757
2,1,O01,S014,785,816,0.5394617404821517,0.5447281790909614,378.9989929199219,False,2923.6324849727757,2952.1741401846343
2,1,O01,S014,785,817,0.5447281790909614,0.5499946176997712,371.8008117675781,False,2952.1741401846343,2980.715795396494
2,1,O01,S014,785,818,0.5499946176997712,0.5552610563085809,363.44561767578125,False,2980.715795396494,3009.257450608353
2,1,O01,S014,785,819,0.5552610563085809,0.5605274949173906,354.20245361328125,False,3009.257450608353,3037.799105820212
2,1,O01,S014,785,820,0.5605274949173906,0.5657939335262004,342.8380126953125,False,3037.799105820212,3066.3407610320714
2,1,O01,S014,785,821,0.5657939335262004,0.5710603721350102,345.7016906738281,False,3066.3407610320714,3094.8824162439305
2,1,O01,S014,785,822,0.5710603721350102,0.5763268107438199,355.32073974609375,False,3094.8824162439305,3123.424071455789
2,1,O01,S014,785,823,0.5763268107438199,0.5815932493526297,370.2837219238281,False,3123.424071455789,3151.9657266676486
2,1,O01,S014,785,824,0.5815932493526297,0.5868596879614394,385.6121826171875,False,3151.9657266676486,3180.5073818795076
2,1,O01,S014,785,825,0.5868596879614394,0.5921261265702491,392.81231689453125,False,3180.5073818795076,3209.0490370913667
2,1,O01,S014,785,826,0.5921261265702491,0.5973925651790589,388.2697448730469,False,3209.0490370913667,3237.590692303226
2,1,O01,S014,785,827,0.5973925651790589,0.6005582829936009,381.0928649902344,False,3237.590692303226,3254.7474149145087
2,1,O01,S014,786,827,0.6005582829936009,0.6026590037878686,375.3927917480469,False,3254.7474149145087,3266.1323475150853
2,1,O01,S014,786,828,0.6026590037878686,0.6079254423966783,369.92364501953125,False,3266.1323475150853,3294.6740027269443
2,1,O01,S014,786,829,0.6079254423966783,0.613191881005488,363.81341552734375,False,3294.6740027269443,3323.215657938803
2,1,O01,S014,786,830,0.613191881005488,0.6184583196142979,356.15350341796875,False,3323.215657938803,3351.7573131506624
2,1,O01,S014,786,831,0.6184583196142979,0.6237247582231076,345.24981689453125,False,3351.7573131506624,3380.2989683625215
2,1,O01,S014,786,832,0.6237247582231076,0.6289911968319173,332.8507995605469,False,3380.2989683625215,3408.8406235743805
2,1,O01,S014,786,833,0.6289911968319173,0.6342576354407271,315.9678039550781,False,3408.8406235743805,3437.38227878624
2,1,O01,S014,786,834,0.6342576354407271,0.6395240740495368,287.9430236816406,False,3437.38227878624,3465.923933998099
2,1,O01,S014,786,835,0.6395240740495368,0.6447905126583465,269.153076171875,False,3465.923933998099,3494.4655892099577
2,1,O01,S014,786,836,0.6447905126583465,0.6500569512671563,256.989013671875,False,3494.4655892099577,3523.007244421817
2,1,O01,S014,786,837,0.6500569512671563,0.6553233898759661,253.11892700195312,False,3523.007244421817,3551.5488996336762
2,1,O01,S014,786,838,0.6553233898759661,0.6605898284847758,256.8568420410156,False,3551.5488996336762,3580.0905548455353
2,1,O01,S014,786,839,0.6605898284847758,0.6658562670935856,264.1955871582031,False,3580.0905548455353,3608.632210057395
2,1,O01,S014,786,840,0.6658562670935856,0.6711227057023953,281.81011962890625,False,3608.632210057395,3637.173865269254
2,1,O01,S014,786,841,0.6711227057023953,0.676389144311205,290.5700988769531,False,3637.173865269254,3665.715520481113
2,1,O01,S014,786,842,0.676389144311205,0.6816555829200148,286.842529296875,False,3665.715520481113,3694.2571756929724
2,1,O01,S014,786,843,0.6816555829200148,0.6847384689982141,283.5062561035156,False,3694.2571756929724,3710.9649887023584
2,1,O01,S014,787,843,0.6847384689982141,0.6869220215288245,298.7863464355469,False,3710.9649887023584,3722.798830904831
2,1,O01,S014,787,844,0.6869220215288245,0.6921884601376342,291.2650146484375,False,3722.798830904831,3751.34048611669
2,1,O01,S014,787,845,0.6921884601376342,0.6974548987464441,302.6631774902344,False,3751.34048611669,3779.8821413285496
2,1,O01,S014,787,846,0.6974548987464441,0.7027213373552538,318.6530456542969,False,3779.8821413285496,3808.4237965404086
2,1,O01,S014,787,847,0.7027213373552538,0.7079877759640635,321.8570251464844,False,3808.4237965404086,3836.9654517522677
2,1,O01,S014,787,848,0.7079877759640635,0.7132542145728733,319.16632080078125,False,3836.9654517522677,3865.507106964127
2,1,O01,S014,787,849,0.7132542145728733,0.718520653181683,309.9738464355469,False,3865.507106964127,3894.0487621759858
2,1,O01,S014,787,850,0.718520653181683,0.7237870917904927,308.8295593261719,False,3894.0487621759858,3922.590417387845
2,1,O01,S014,787,851,0.7237870917904927,0.7290535303993025,315.8067932128906,False,3922.590417387845,3951.1320725997043
2,1,O01,S014,787,852,0.7290535303993025,0.7343199690081122,320.88958740234375,False,3951.1320725997043,3979.6737278115634
2,1,O01,S014,787,853,0.7343199690081122,0.739586407616922,326.9061584472656,False,3979.6737278115634,4008.2153830234224
2,1,O01,S014,787,854,0.739586407616922,0.7448528462257318,344.4620056152344,False,4008.2153830234224,4036.757038235282
2,1,O01,S014,787,855,0.7448528462257318,0.7501192848345415,360.79150390625,False,4036.757038235282,4065.298693447141
2,1,O01,S014,787,856,0.7501192848345415,0.7553857234433512,368.4179992675781,False,4065.298693447141,4093.8403486589996
2,1,O01,S014,787,857,0.7553857234433512,0.760652162052161,366.3319396972656,False,4093.8403486589996,4122.382003870859
2,1,O01,S014,787,858,0.760652162052161,0.7659186006609707,357.1737365722656,False,4122.382003870859,4150.923659082719
2,1,O01,S014,787,859,0.7659186006609707,0.7689186550028272,368.17718505859375,False,4150.923659082719,4167.182562490207
2,1,O01,S014,788,859,0.7689186550028272,0.7711850392697804,371.6614074707031,False,4167.182562490207,4179.465314294577
2,1,O01,S014,788,860,0.7711850392697804,0.7764514778785901,390.6653137207031,False,4179.465314294577,4208.006969506436
2,1,O01,S014,788,861,0.7764514778785901,0.7817179164874,405.0166015625,False,4208.006969506436,4236.548624718295
2,1,O01,S014,788,862,0.7817179164874,0.7869843550962097,402.1581726074219,False,4236.548624718295,4265.090279930155
2,1,O01,S014,788,863,0.7869843550962097,0.7922507937050194,395.8411865234375,False,4265.090279930155,4293.631935142013
2,1,O01,S014,788,864,0.7922507937050194,0.7975172323138292,393.9056396484375,False,4293.631935142013,4322.173590353873
2,1,O01,S014,788,865,0.7975172323138292,0.8027836709226389,400.0279846191406,False,4322.173590353873,4350.715245565732
2,1,O01,S014,788,866,0.8027836709226389,0.8080501095314486,406.7390441894531,False,4350.715245565732,4379.256900777591
2,1,O01,S014,788,867,0.8080501095314486,0.8133165481402584,414.5606384277344,False,4379.256900777591,4407.7985559894505
2,1,O01,S014,788,868,0.8133165481402584,0.8185829867490682,421.7335205078125,False,4407.7985559894505,4436.340211201309
2,1,O01,S014,788,869,0.8185829867490682,0.8238494253578779,438.5855712890625,False,4436.340211201309,4464.881866413169
2,1,O01,S014,788,870,0.8238494253578779,0.8291158639666877,456.88311767578125,False,4464.881866413169,4493.423521625028
2,1,O01,S014,788,871,0.8291158639666877,0.8343823025754974,475.0733337402344,False,4493.423521625028,4521.965176836887
2,1,O01,S014,788,872,0.8343823025754974,0.8396487411843071,485.9512939453125,False,4521.965176836887,4550.506832048745
2,1,O01,S014,788,873,0.8396487411843071,0.8449151797931169,490.92901611328125,False,4550.506832048745,4579.048487260605
2,1,O01,S014,788,874,0.8449151797931169,0.8501816184019266,493.41546630859375,False,4579.048487260605,4607.590142472464
2,1,O01,S014,788,875,0.8501816184019266,0.8530988410074404,498.3155517578125,False,4607.590142472464,4623.400136278056
2,1,O01,S014,789,875,0.8530988410074404,0.8554480570107363,511.73236083984375,False,4623.400136278056,4636.131797684323
2,1,O01,S014,789,876,0.8554480570107363,0.8607144956195462,519.4487915039062,False,4636.131797684323,4664.673452896182
2,1,O01,S014,789,877,0.8607144956195462,0.8659809342283559,529.467529296875,False,4664.673452896182,4693.215108108042
2,1,O01,S014,789,878,0.8659809342283559,0.8712473728371656,540.404541015625,False,4693.215108108042,4721.7567633199005
2,1,O01,S014,789,879,0.8712473728371656,0.8765138114459754,541.9473876953125,False,4721.7567633199005,4750.29841853176
2,1,O01,S014,789,880,0.8765138114459754,0.8817802500547851,522.5582885742188,False,4750.29841853176,4778.840073743619
2,1,O01,S014,789,881,0.8817802500547851,0.8870466886635948,498.4481201171875,False,4778.840073743619,4807.381728955478
2,1,O01,S014,789,882,0.8870466886635948,0.8923131272724046,481.672607421875,False,4807.381728955478,4835.923384167338
2,1,O01,S014,789,883,0.8923131272724046,0.8975795658812143,470.9631042480469,False,4835.923384167338,4864.465039379196
2,1,O01,S014,789,884,0.8975795658812143,0.9028460044900241,463.095458984375,False,4864.465039379196,4893.006694591056
2,1,O01,S014,789,885,0.9028460044900241,0.9081124430988339,456.0906677246094,False,4893.006694591056,4921.548349802915
2,1,O01,S014,789,886,0.9081124430988339,0.9133788817076436,449.724853515625,False,4921.548349802915,4950.090005014774
2,1,O01,S014,789,887,0.9133788817076436,0.9186453203164533,442.62890625,False,4950.090005014774,4978.631660226632
2,1,O01,S014,789,888,0.9186453203164533,0.923911758925263,434.8148498535156,False,4978.631660226632,5007.173315438492
2,1,O01,S014,789,889,0.923911758925263,0.9291781975340728,426.6019592285156,False,5007.173315438492,5035.7149706503515
2,1,O01,S014,789,890,0.9291781975340728,0.9344446361428825,414.5891418457031,False,5035.7149706503515,5064.25662586221
2,1,O01,S014,789,891,0.9344446361428825,0.9372790270120536,405.7098388671875,False,5064.25662586221,5079.617710065906
2,1,O01,S014,790,891,0.9372790270120536,0.9397110747516922,409.8594055175781,False,5079.617710065906,5092.798281074069
2,1,O01,S014,790,892,0.9397110747516922,0.9449775133605021,403.7811584472656,False,5092.798281074069,5121.339936285929
2,1,O01,S014,790,893,0.9449775133605021,0.9502439519693118,398.1123962402344,False,5121.339936285929,5149.881591497788
2,1,O01,S014,790,894,0.9502439519693118,0.9555103905781215,393.7908935546875,False,5149.881591497788,5178.423246709646
2,1,O01,S014,790,895,0.9555103905781215,0.9607768291869313,388.10516357421875,False,5178.423246709646,5206.964901921506
2,1,O01,S014,790,896,0.9607768291869313,0.966043267795741,382.3006591796875,False,5206.964901921506,5235.506557133365
2,1,O01,S014,790,897,0.966043267795741,0.9713097064045507,375.3077392578125,False,5235.506557133365,5264.048212345224
2,1,O01,S014,790,898,0.9713097064045507,0.9765761450133605,370.9260559082031,False,5264.048212345224,5292.589867557083
2,1,O01,S014,790,899,0.9765761450133605,0.9818425836221703,364.3560485839844,False,5292.589867557083,5321.131522768942
2,1,O01,S014,790,900,0.9818425836221703,0.98710902223098,352.7638244628906,False,5321.131522768942,5349.6731779808015
2,1,O01,S014,790,901,0.98710902223098,0.9923754608397898,341.270263671875,False,5349.6731779808015,5378.214833192661
2,1,O01,S014,790,902,0.9923754608397898,0.9976418994485995,331.1523742675781,False,5378.214833192661,5406.75648840452
2,1,O01,S014,790,903,0.9976418994485995,1.0,320.9825134277344,False,5406.75648840452,5419.5362999417475
3,1,O01,S011,694,675,0.9949796509531168,1.0,178.04286193847656,False,2794.0087380209743,2808.106412371872
3,1,O01,S011,695,675,0.9922911852617536,0.9949796509531168,164.31346130371094,False,2786.4592402736157,2794.0087380209743
3,1,O01,S011,695,676,0.9831157010360702,0.9922911852617536,168.5878448486328,False,2760.693504182857,2786.4592402736157
3,1,O01,S011,696,676,0.9712517511190236,0.9831157010360702,160.13360595703125,False,2727.3782703447396,2760.693504182857
3,1,O01,S011,697,676,0.9658766610771535,0.9712517511190236,160.4806671142578,False,2712.2844455310883,2727.3782703447396
3,1,O01,S011,697,677,0.9593878012019771,0.9658766610771535,159.40325927734375,False,2694.0630365066227,2712.2844455310883
3,1,O01,S011,698,677,0.9475238512849304,0.9593878012019771,161.52557373046875,False,2660.7478026685053,2694.0630365066227
3,1,O01,S011,699,677,0.9394621368925534,0.9475238512849304,161.7221221923828,False,2638.109650788561,2660.7478026685053
3,1,O01,S011,699,678,0.9356599013678839,0.9394621368925534,159.30723571777344,False,2627.432568830388,2638.109650788561
3,1,O01,S011,700,678,0.9237959514508374,0.9356599013678839,161.94187927246094,False,2594.117334992271,2627.432568830388
3,1,O01,S011,701,678,0.9130476127079533,0.9237959514508374,179.12205505371094,False,2563.934856046033,2594.117334992271
3,1,O01,S011,701,679,0.9119320015337907,0.9130476127079533,168.2948455810547,False,2560.8021011541537,2563.934856046033
3,1,O01,S011,702,679,0.9000680516167442,0.9119320015337907,174.9820098876953,False,2527.4868673160363,2560.8021011541537
3,1,O01,S011,703,679,0.8882041016996975,0.9000680516167442,174.9913787841797,False,2494.171633477919,2527.4868673160363
3,1,O01,S011,704,679,0.8866330885233532,0.8882041016996975,185.7355194091797,False,2489.7600613035056,2494.171633477919
3,1,O01,S011,704,680,0.876340151782651,0.8866330885233532,178.11019897460938,False,2460.856399639802,2489.7600613035056
3,1,O01,S011,705,680,0.8644762018656045,0.876340151782651,197.20457458496094,False,2427.5411658016847,2460.856399639802
3,1,O01,S011,706,680,0.8602185643387531,0.8644762018656045,212.78103637695312,False,2415.585266560978,2427.5411658016847
3,1,O01,S011,706,681,0.8526122519485578,0.8602185643387531,205.81503295898438,False,2394.2259319635673,2415.585266560978
3,1,O01,S011,707,681,0.8407483020315113,0.8526122519485578,208.04888916015625,False,2360.9106981254504,2394.2259319635673
3,1,O01,S011,708,681,0.833804040154153,0.8407483020315113,203.00765991210938,False,2341.410471818451,2360.9106981254504
3,1,O01,S011,708,682,0.8288843521144647,0.833804040154153,195.38682556152344,False,2327.595464287333,2341.410471818451
3,1,O01,S011,709,682,0.8170204021974181,0.8288843521144647,208.4428253173828,False,2294.2802304492157,2327.595464287333
3,1,O01,S011,710,682,0.8073895159695529,0.8170204021974181,217.59384155273438,False,2267.2356770759234,2294.2802304492157
3,1,O01,S011,710,683,0.8051564522803716,0.8073895159695529,219.37213134765625,False,2260.9649966110987,2267.2356770759234
3,1,O01,S011,711,683,0.7932925023633249,0.8051564522803716,227.02102661132812,False,2227.6497627729814,2260.9649966110987
3,1,O01,S011,712,683,0.7814285524462784,0.7932925023633249,237.29266357421875,False,2194.334528934864,2227.6497627729814
3,1,O01,S011,713,683,0.7809749917849528,0.7814285524462784,245.36175537109375,False,2193.060882333396,2194.334528934864
3,1,O01,S011,713,684,0.7695646025292318,0.7809749917849528,243.34902954101562,False,2161.0192950967466,2193.060882333396
3,1,O01,S011,714,684,0.7577006526121852,0.7695646025292318,236.635009765625,False,2127.7040612586297,2161.0192950967466
3,1,O01,S011,715,684,0.7545604676003527,0.7577006526121852,221.9364013671875,False,2118.8860875908686,2127.7040612586297
3,1,O01,S011,715,685,0.7458367026951387,0.7545604676003527,213.982421875,False,2094.3888274205124,2118.8860875908686
3,1,O01,S011,716,685,0.733972752778092,0.7458367026951387,200.93930053710938,False,2061.073593582395,2094.3888274205124
3,1,O01,S011,717,685,0.7281459434157526,0.733972752778092,189.3448944091797,False,2044.7112928483411,2061.073593582395
3,1,O01,S011,717,686,0.7221088028610455,0.7281459434157526,187.08148193359375,False,2027.7583597442779,2044.7112928483411
3,1,O01,S011,718,686,0.710244852943999,0.7221088028610455,202.9794158935547,False,1994.4431259061607,2027.7583597442779
3,1,O01,S011,719,686,0.7017314192311525,0.710244852943999,217.42071533203125,False,1970.5364981058135,1994.4431259061607
3,1,O01,S011,719,687,0.6983809030269523,0.7017314192311525,217.8102264404297,False,1961.1278920680434,1970.5364981058135
3,1,O01,S011,720,687,0.6865169531099058,0.6983809030269523,223.82614135742188,False,1927.8126582299262,1961.1278920680434
3,1,O01,S011,721,687,0.6753168950465523,0.6865169531099058,225.03819274902344,False,1896.361703363286,1927.8126582299262
3,1,O01,S011,721,688,0.6746530031928591,0.6753168950465523,220.58836364746094,False,1894.4974243918089,1896.361703363286
3,1,O01,S011,722,688,0.6627890532758126,0.6746530031928591,215.2924346923828,False,1861.1821905536917,1894.4974243918089
3,1,O01,S011,723,688,0.6509251033587661,0.6627890532758126,216.35105895996094,False,1827.8669567155746,1861.1821905536917
3,1,O01,S011,724,688,0.6489023708619522,0.6509251033587661,225.6109161376953,False,1822.1869086207587,1827.8669567155746
3,1,O01,S011,724,689,0.6390611534417194,0.6489023708619522,212.33969116210938,False,1794.5517228774572,1822.1869086207587
3,1,O01,S011,725,689,0.6271972035246729,0.6390611534417194,216.2744903564453,False,1761.23648903934,1794.5517228774572
3,1,O01,S011,726,689,0.6224878466773522,0.6271972035246729,206.56809997558594,False,1748.0121138782315,1761.23648903934
3,1,O01,S011,726,690,0.6153332536076263,0.6224878466773522,201.08370971679688,False,1727.9212552012227,1748.0121138782315
3,1,O01,S011,727,690,0.6034693036905797,0.6153332536076263,193.5016632080078,False,1694.6060213631056,1727.9212552012227
3,1,O01,S011,728,690,0.5960733224927521,0.6034693036905797,190.9076690673828,False,1673.837319135704,1694.6060213631056
3,1,O01,S011,728,691,0.5916053537735332,0.5960733224927521,200.25729370117188,False,1661.2907875249884,1673.837319135704
3,1,O01,S011,729,691,0.5797414038564865,0.5916053537735332,195.2512969970703,False,1627.975553686871,1661.2907875249884
3,1,O01,S011,730,691,0.569658798308152,0.5797414038564865,189.56532287597656,False,1599.6625243931767,1627.975553686871
3,1,O01,S011,730,692,0.56787745393944,0.569658798308152,204.4110565185547,False,1594.660319848754,1599.6625243931767
3,1,O01,S011,731,692,0.5560135040223934,0.56787745393944,202.99473571777344,False,1561.3450860106364,1594.660319848754
3,1,O01,S011,732,692,0.5441495541053468,0.5560135040223934,206.07455444335938,False,1528.0298521725192,1561.3450860106364
3,1,O01,S011,733,692,0.5432442741235519,0.5441495541053468,196.0546875,False,1525.4877296506493,1528.0298521725192
3,1,O01,S011,733,693,0.5322856041883003,0.5432442741235519,205.7864227294922,False,1494.7146183344023,1525.4877296506493
3,1,O01,S011,734,693,0.5204216542712536,0.5322856041883003,191.2509002685547,False,1461.3993844962847,1494.7146183344023
3,1,O01,S011,735,693,0.5168297499389518,0.5204216542712536,174.9038543701172,False,1451.3129349081216,1461.3993844962847
3,1,O01,S011,735,694,0.5085577043542071,0.5168297499389518,185.3854217529297,False,1428.0841506581676,1451.3129349081216
3,1,O01,S011,736,694,0.4966937544371605,0.5085577043542071,181.2503662109375,False,1394.7689168200504,1428.0841506581676
3,1,O01,S011,737,694,0.49041522575435165,0.4966937544371605,168.62257385253906,False,1377.138140165594,1394.7689168200504
3,1,O01,S011,737,695,0.4848298045201139,0.49041522575435165,190.6657257080078,False,1361.453682981933,1377.138140165594
3,1,O01,S011,738,695,0.47296585460306734,0.4848298045201139,180.626220703125,False,1328.138449143816,1361.453682981933
3,1,O01,S011,739,695,0.46400070156975154,0.47296585460306734,172.71188354492188,False,1302.9633454230666,1328.138449143816
3,1,O01,S011,739,696,0.4611019046860208,0.46400070156975154,182.5540313720703,False,1294.8232153056988,1302.9633454230666
3,1,O01,S011,740,696,0.4492379547689742,0.4611019046860208,165.97311401367188,False,1261.5079814675814,1294.8232153056988
3,1,O01,S011,741,696,0.43758617738515143,0.4492379547689742,152.61158752441406,False,1228.7885506805392,1261.5079814675814
3,1,O01,S011,741,697,0.4373740048519276,0.43758617738515143,157.68460083007812,False,1228.1927476294643,1228.7885506805392
3,1,O01,S011,742,697,0.42551005493488103,0.4373740048519276,147.01516723632812,False,1194.877513791347,1228.1927476294643
3,1,O01,S011,743,697,0.4136461050178345,0.42551005493488103,146.03591918945312,False,1161.5622799532298,1194.877513791347
3,1,O01,S011,744,697,0.4111716532005514,0.4136461050178345,158.2321014404297,False,1154.613755938012,1161.5622799532298
3,1,O01,S011,744,698,0.4017821551007879,0.4111716532005514,142.8646697998047,False,1128.2470461151127,1154.613755938012
3,1,O01,S011,745,698,0.3899182051837413,0.4017821551007879,145.53167724609375,False,1094.9318122769953,1128.2470461151127
3,1,O01,S011,746,698,0.38475712901595127,0.3899182051837413,159.1973419189453,False,1080.4389611954844,1094.9318122769953
3,1,O01,S011,746,699,0.3780542552666947,0.38475712901595127,153.45779418945312,False,1061.616578438878,1080.4389611954844
3,1,O01,S011,747,699,0.3661903053496482,0.3780542552666947,162.3725128173828,False,1028.301344600761,1061.616578438878
3,1,O01,S011,748,699,0.35834260483135116,0.3661903053496482,160.0056610107422,False,1006.2641664529569,1028.301344600761
3,1,O01,S011,748,700,0.3543263554326016,0.35834260483135116,143.14413452148438,False,994.9861107626436,1006.2641664529569
3,1,O01,S011,749,700,0.342462405515555,0.3543263554326016,147.62741088867188,False,961.6708769245264,994.9861107626436
3,1,O01,S011,750,700,0.33192808064675106,0.342462405515555,145.95654296875,False,932.0893717104295,961.6708769245264
3,1,O01,S011,750,701,0.3305984555985084,0.33192808064675106,154.48936462402344,False,928.3556430864091,932.0893717104295
3,1,O01,S011,751,701,0.31873450568146183,0.3305984555985084,156.18820190429688,False,895.0404092482919,928.3556430864091
3,1,O01,S011,752,701,0.3068705557644153,0.31873450568146183,156.70382690429688,False,861.7251754101748,895.0404092482919
3,1,O01,S011,753,701,0.30551355646215095,0.3068705557644153,147.09664916992188,False,857.914576967902,861.7251754101748
3,1,O01,S011,753,702,0.2950066058473687,0.30551355646215095,155.78802490234375,False,828.4099415720575,857.914576967902
3,1,O01,S011,754,702,0.2831426559303221,0.2950066058473687,140.6468505859375,False,795.0947077339401,828.4099415720575
3,1,O01,S011,755,702,0.27909903227755084,0.2831426559303221,136.8118896484375,False,783.7397822253746,795.0947077339401
3,1,O01,S011,755,703,0.27127870601327553,0.27909903227755084,136.66421508789062,False,761.7794738958229,783.7397822253746
3,1,O01,S011,756,703,0.259414756096229,0.27127870601327553,150.92898559570312,False,728.4642400577059,761.7794738958229
3,1,O01,S011,757,703,0.25268450809295073,0.259414756096229,158.60874938964844,False,709.5649874828472,728.4642400577059
3,1,O01,S011,757,704,0.24755080617918238,0.25268450809295073,143.26170349121094,False,695.1490062195885,709.5649874828472
3,1,O01,S011,758,704,0.2356868562621358,0.24755080617918238,140.9303741455078,False,661.8337723814712,695.1490062195885
3,1,O01,S011,759,704,0.22626998390835062,0.2356868562621358,140.94410705566406,False,635.3901927403197,661.8337723814712
3,1,O01,S011,759,705,0.22382290634508922,0.22626998390835062,133.7986602783203,False,628.518538543354,635.3901927403197
3,1,O01,S011,760,705,0.21195895642804266,0.22382290634508922,132.06593322753906,False,595.2033047052369,628.518538543354
3,1,O01,S011,761,705,0.20009500651099607,0.21195895642804266,132.5202178955078,False,561.8880708671195,595.2033047052369
3,1,O01,S011,762,705,0.19985545972375052,0.20009500651099607,145.885986328125,False,561.2153979977923,561.8880708671195
3,1,O01,S011,762,706,0.1882310565939495,0.19985545972375052,139.50914001464844,False,528.5728370290024,561.2153979977923
3,1,O01,S011,763,706,0.17636710667690292,0.1882310565939495,153.16891479492188,False,495.2576031908851,528.5728370290024
3,1,O01,S011,764,706,0.1734409355391504,0.17636710667690292,171.74655151367188,False,487.0406032552648,495.2576031908851
3,1,O01,S011,764,707,0.16450315675985636,0.1734409355391504,168.77951049804688,False,461.9423693527679,487.0406032552648
3,1,O01,S011,765,707,0.15263920684280977,0.16450315675985636,181.9468536376953,False,428.6271355146506,461.9423693527679
3,1,O01,S011,766,707,0.1470264113545503,0.15263920684280977,176.92347717285156,False,412.8658085127373,428.6271355146506
3,1,O01,S011,766,708,0.14077525692576318,0.1470264113545503,169.6597900390625,False,395.31190167653335,412.8658085127373
3,1,O01,S011,767,708,0.1289113070087166,0.14077525692576318,155.7956085205078,False,361.99666783841616,395.31190167653335
3,1,O01,S011,768,708,0.12061188716995021,0.1289113070087166,143.6562957763672,False,338.6910137702099,361.99666783841616
3,1,O01,S011,768,709,0.11704735709167004,0.12061188716995021,134.79196166992188,False,328.68143400029896,338.6910137702099
3,1,O01,S011,769,709,0.10518340717462346,0.11704735709167004,132.38890075683594,False,295.3662001621817,328.68143400029896
3,1,O01,S011,770,709,0.09419736298535011,0.10518340717462346,136.49490356445312,False,264.5162190276825,295.3662001621817
3,1,O01,S011,770,710,0.09331945725757688,0.09419736298535011,133.42791748046875,False,262.05096632406446,264.5162190276825
3,1,O01,S011,771,710,0.0814555073405303,0.09331945725757688,130.66067504882812,False,228.7357324859472,262.05096632406446
3,1,O01,S011,772,710,0.06959155742348372,0.0814555073405303,127.28250122070312,False,195.42049864783,228.7357324859472
3,1,O01,S011,773,710,0.06778283880075,0.06959155742348372,127.3309326171875,False,190.34142428515503,195.42049864783
3,1,O01,S011,773,711,0.05772760750643714,0.06778283880075,133.4326629638672,False,162.10526480971276,190.34142428515503
3,1,O01,S011,774,711,0.045863657589390566,0.05772760750643714,133.52427673339844,False,128.7900309715955,162.10526480971276
3,1,O01,S011,775,711,0.0413683146161499,0.045863657589390566,133.19796752929688,False,116.16662954262756,128.7900309715955
3,1,O01,S011,775,712,0.03399970767234399,0.0413683146161499,133.5510711669922,False,95.47479713347829,116.16662954262756
3,1,O01,S011,776,712,0.022135757755297414,0.03399970767234399,133.20738220214844,False,62.15956329536106,95.47479713347829
3,1,O01,S011,777,712,0.014953790431549796,0.022135757755297414,129.57713317871094,False,41.99183480010012,62.15956329536106
3,1,O01,S011,777,713,0.010271807838250834,0.014953790431549796,130.80474853515625,False,28.844329457243823,41.99183480010012
3,1,O01,S011,778,713,0.0,0.010271807838250834,128.7255401611328,False,0.0,28.844329457243823
3,2,S011,S015,631,575,0.9914871664217743,1.0,436.229248046875,False,6240.392580540321,6269.8619291431005
3,2,S011,S015,632,575,0.9906896702474454,0.9914871664217743,432.57025146484375,False,6237.6318437592345,6240.392580540321
3,2,S011,S015,632,576,0.9807537766330459,0.9906896702474454,431.2510986328125,False,6203.236209225535,6237.6318437592345
3,2,S011,S015,632,577,0.9756428513936943,0.9807537766330459,432.6133117675781,False,6185.543435582405,6203.236209225535
3,2,S011,S015,633,577,0.9708178830186464,0.9756428513936943,432.2781677246094,False,6168.840574691836,6185.543435582405
3,2,S011,S015,633,578,0.9608819894042469,0.9708178830186464,431.6045837402344,False,6134.444940158137,6168.840574691836
3,2,S011,S015,633,579,0.9597985363656144,0.9608819894042469,427.1504821777344,False,6130.694290624488,6134.444940158137
3,2,S011,S015,634,579,0.9509460957898472,0.9597985363656144,425.686279296875,False,6100.049305624436,6130.694290624488
3,2,S011,S015,634,580,0.9439542213375344,0.9509460957898472,415.55322265625,False,6075.84514566657,6100.049305624436
3,2,S011,S015,635,580,0.9410102021754477,0.9439542213375344,408.7772216796875,False,6065.653671090737,6075.84514566657
3,2,S011,S015,635,581,0.9310743085610482,0.9410102021754477,404.4032897949219,False,6031.2580365570375,6065.653671090737
3,2,S011,S015,635,582,0.9281099063094544,0.9310743085610482,409.810791015625,False,6020.996000708654,6031.2580365570375
3,2,S011,S015,636,582,0.9211384149466487,0.9281099063094544,408.3376159667969,False,5996.862402023338,6020.996000708654
3,2,S011,S015,636,583,0.9122655912813745,0.9211384149466487,410.7743225097656,False,5966.146855750736,5996.862402023338
3,2,S011,S015,637,583,0.9112025213322492,0.9122655912813745,396.1282653808594,False,5962.466767489638,5966.146855750736
3,2,S011,S015,637,584,0.9012666277178497,0.9112025213322492,391.5701599121094,False,5928.071132955939,5962.466767489638
3,2,S011,S015,637,585,0.8964212762532945,0.9012666277178497,392.9575500488281,False,5911.297710792819,5928.071132955939
3,2,S011,S015,638,585,0.8913307341034502,0.8964212762532945,387.4901123046875,False,5893.675498422239,5911.297710792819
3,2,S011,S015,638,586,0.8813948404890507,0.8913307341034502,390.254150390625,False,5859.27986388854,5893.675498422239
3,2,S011,S015,638,587,0.8805769612252146,0.8813948404890507,391.0372314453125,False,5856.448565834902,5859.27986388854
3,2,S011,S015,639,587,0.8714589468746512,0.8805769612252146,403.01641845703125,False,5824.8842293548405,5856.448565834902
3,2,S011,S015,639,588,0.8647326461971346,0.8714589468746512,403.22607421875,False,5801.599420876985,5824.8842293548405
3,2,S011,S015,640,588,0.8615230532602516,0.8647326461971346,414.1273498535156,False,5790.48859482114,5801.599420876985
3,2,S011,S015,640,589,0.8515871596458521,0.8615230532602516,421.7062072753906,False,5756.09296028744,5790.48859482114
3,2,S011,S015,640,590,0.8488883311690546,0.8515871596458521,436.9632263183594,False,5746.750275919068,5756.09296028744
3,2,S011,S015,641,590,0.8416512660314526,0.8488883311690546,435.4986877441406,False,5721.697325753741,5746.750275919068
3,2,S011,S015,641,591,0.8330440161409747,0.8416512660314526,443.4368896484375,False,5691.901130961151,5721.697325753741
3,2,S011,S015,642,591,0.8317153724170531,0.8330440161409747,447.35516357421875,False,5687.301691220042,5691.901130961151
3,2,S011,S015,642,592,0.8217794788026536,0.8317153724170531,454.0243225097656,False,5652.906056686343,5687.301691220042
3,2,S011,S015,642,593,0.8171997011128947,0.8217794788026536,462.088623046875,False,5637.051986003235,5652.906056686343
3,2,S011,S015,643,593,0.8118435851882541,0.8171997011128947,470.5128173828125,False,5618.5104221526435,5637.051986003235
3,2,S011,S015,643,594,0.8019076915738546,0.8118435851882541,472.7065734863281,False,5584.114787618943,5618.5104221526435
3,2,S011,S015,643,595,0.8013553860848147,0.8019076915738546,470.7747497558594,False,5582.202841045317,5584.114787618943
3,2,S011,S015,644,595,0.791971797959455,0.8013553860848147,486.971435546875,False,5549.719153085243,5582.202841045317
3,2,S011,S015,644,596,0.7855110710567348,0.791971797959455,483.68829345703125,False,5527.3536960874,5549.719153085243
3,2,S011,S015,645,596,0.7820359043450555,0.7855110710567348,497.0178527832031,False,5515.323518551544,5527.3536960874
3,2,S011,S015,645,597,0.7721000107306559,0.7820359043450555,493.6334533691406,False,5480.927884017845,5515.323518551544
3,2,S011,S015,645,598,0.7696667560286549,0.7721000107306559,490.43017578125,False,5472.504551129483,5480.927884017845
3,2,S011,S015,646,598,0.7621641171162564,0.7696667560286549,504.5050354003906,False,5446.532249484145,5472.504551129483
3,2,S011,S015,646,599,0.7538224410005748,0.7621641171162564,506.9912414550781,False,5417.655406171565,5446.532249484145
3,2,S011,S015,647,599,0.7522282235018569,0.7538224410005748,517.377685546875,False,5412.136614950446,5417.655406171565
3,2,S011,S015,647,600,0.7422923298874574,0.7522282235018569,519.7545776367188,False,5377.7409804167455,5412.136614950446
3,2,S011,S015,647,601,0.7379781259724949,0.7422923298874574,529.4448852539062,False,5362.806261213649,5377.7409804167455
3,2,S011,S015,648,601,0.7323564362730579,0.7379781259724949,534.23681640625,False,5343.345345883046,5362.806261213649
3,2,S011,S015,648,602,0.7224205426586584,0.7323564362730579,536.3480834960938,False,5308.949711349347,5343.345345883046
3,2,S011,S015,648,603,0.722133810944415,0.7224205426586584,538.7306518554688,False,5307.957116255731,5308.949711349347
3,2,S011,S015,649,603,0.7124846490442589,0.722133810944415,524.8666381835938,False,5274.554076815648,5307.957116255731
3,2,S011,S015,649,604,0.7062894959163349,0.7124846490442589,532.6366577148438,False,5253.107971297814,5274.554076815648
3,2,S011,S015,650,604,0.7025487554298594,0.7062894959163349,512.4743041992188,False,5240.158442281948,5253.107971297814
3,2,S011,S015,650,605,0.6926128618154599,0.7025487554298594,522.7145385742188,False,5205.762807748249,5240.158442281948
3,2,S011,S015,650,606,0.690445180888255,0.6926128618154599,530.09228515625,False,5198.2588263398975,5205.762807748249
3,2,S011,S015,651,606,0.6826769682010603,0.690445180888255,515.69189453125,False,5171.3671732145485,5198.2588263398975
3,2,S011,S015,651,607,0.6746008658601751,0.6826769682010603,514.2914428710938,False,5143.40968138198,5171.3671732145485
3,2,S011,S015,652,607,0.6727410745866608,0.6746008658601751,504.8567199707031,False,5136.971538680849,5143.40968138198
3,2,S011,S015,652,608,0.6628051809722613,0.6727410745866608,517.7694091796875,False,5102.57590414715,5136.971538680849
3,2,S011,S015,652,609,0.6587565508320951,0.6628051809722613,513.8753662109375,False,5088.560536424063,5102.57590414715
3,2,S011,S015,653,609,0.6528692873578618,0.6587565508320951,506.4981689453125,False,5068.18026961345,5088.560536424063
3,2,S011,S015,653,610,0.6429333937434623,0.6528692873578618,507.5218505859375,False,5033.784635079751,5068.18026961345
3,2,S011,S015,653,611,0.6429122358040151,0.6429333937434623,517.1844482421875,False,5033.711391466146,5033.784635079751
3,2,S011,S015,654,611,0.6329975001290628,0.6429122358040151,500.9067077636719,False,4999.389000546051,5033.711391466146
3,2,S011,S015,654,612,0.6270679207759352,0.6329975001290628,505.7177734375,False,4978.862246508229,4999.389000546051
3,2,S011,S015,655,612,0.6230616065146632,0.6270679207759352,519.5210571289062,False,4964.9933660123515,4978.862246508229
3,2,S011,S015,655,613,0.6131257129002637,0.6230616065146632,522.843017578125,False,4930.597731478652,4964.9933660123515
3,2,S011,S015,655,614,0.6112236057478552,0.6131257129002637,525.2075805664062,False,4924.013101550312,4930.597731478652
3,2,S011,S015,656,614,0.6031898192858642,0.6112236057478552,535.346435546875,False,4896.202096944953,4924.013101550312
3,2,S011,S015,656,615,0.5953792907197752,0.6031898192858642,538.2222290039062,False,4869.163956592394,4896.202096944953
3,2,S011,S015,657,615,0.5932539256714646,0.5953792907197752,538.0526123046875,False,4861.806462411252,4869.163956592394
3,2,S011,S015,657,616,0.5833180320570651,0.5932539256714646,528.8679809570312,False,4827.410827877553,4861.806462411252
3,2,S011,S015,657,617,0.5795349756916953,0.5833180320570651,513.95849609375,False,4814.314811634478,4827.410827877553
3,2,S011,S015,658,617,0.5733821384426656,0.5795349756916953,499.0863952636719,False,4793.015193343854,4814.314811634478
3,2,S011,S015,658,618,0.5636906606636153,0.5733821384426656,481.7176818847656,False,4759.46566667656,4793.015193343854
3,2,S011,S015,659,618,0.5634462448282661,0.5636906606636153,474.78912353515625,False,4758.619558810155,4759.46566667656
3,2,S011,S015,659,619,0.5535103512138666,0.5634462448282661,458.6759948730469,False,4724.223924276454,4758.619558810155
3,2,S011,S015,659,620,0.5478463456355354,0.5535103512138666,445.9231872558594,False,4704.6165217186435,4724.223924276454
3,2,S011,S015,660,620,0.5435744575994671,0.5478463456355354,460.63494873046875,False,4689.828289742755,4704.6165217186435
3,2,S011,S015,660,621,0.5336385639850676,0.5435744575994671,451.466064453125,False,4655.432655209055,4689.828289742755
3,2,S011,S015,660,622,0.5320020306074554,0.5336385639850676,442.6225280761719,False,4649.767376760727,4655.432655209055
3,2,S011,S015,661,622,0.5237026703706681,0.5320020306074554,450.59417724609375,False,4621.037020675356,4649.767376760727
3,2,S011,S015,661,623,0.5161577155793754,0.5237026703706681,440.0020446777344,False,4594.918231802809,4621.037020675356
3,2,S011,S015,662,623,0.5137667767562686,0.5161577155793754,453.9276428222656,False,4586.641386141657,4594.918231802809
3,2,S011,S015,662,624,0.503830883141869,0.5137667767562686,448.0611877441406,False,4552.245751607957,4586.641386141657
3,2,S011,S015,662,625,0.5003134005512955,0.503830883141869,446.88763427734375,False,4540.069086844893,4552.245751607957
3,2,S011,S015,663,625,0.4938949895274695,0.5003134005512955,452.47491455078125,False,4517.8501170742575,4540.069086844893
3,2,S011,S015,663,626,0.4844690855232155,0.4938949895274695,440.8878479003906,False,4485.219941886975,4517.8501170742575
3,2,S011,S015,664,626,0.48395909591307,0.4844690855232155,450.0736083984375,False,4483.454482540558,4485.219941886975
3,2,S011,S015,664,627,0.47402320229867045,0.48395909591307,448.3529968261719,False,4449.058848006858,4483.454482540558
3,2,S011,S015,664,628,0.4686247704951355,0.47402320229867045,442.0352478027344,False,4430.370796929058,4449.058848006858
3,2,S011,S015,665,628,0.46408730868427095,0.4686247704951355,450.26300048828125,False,4414.663213473159,4430.370796929058
3,2,S011,S015,665,629,0.45415141506987144,0.46408730868427095,442.4544372558594,False,4380.26757893946,4414.663213473159
3,2,S011,S015,665,630,0.4527804554670556,0.45415141506987144,438.24176025390625,False,4375.521651971141,4380.26757893946
3,2,S011,S015,666,630,0.44421552145547194,0.4527804554670556,429.2407531738281,False,4345.87194440576,4375.521651971141
3,2,S011,S015,666,631,0.4369361404389756,0.44421552145547194,421.037353515625,False,4320.672507013223,4345.87194440576
3,2,S011,S015,667,631,0.4342796278410724,0.4369361404389756,415.2632141113281,False,4311.47630987206,4320.672507013223
3,2,S011,S015,667,632,0.4243437342266729,0.4342796278410724,404.1972961425781,False,4277.08067533836,4311.47630987206
3,2,S011,S015,667,633,0.4210918254108956,0.4243437342266729,386.37103271484375,False,4265.8233620553065,4277.08067533836
3,2,S011,S015,668,633,0.41440784061227337,0.4210918254108956,391.38360595703125,False,4242.685040804661,4265.8233620553065
3,2,S011,S015,668,634,0.4052475103828157,0.41440784061227337,381.125244140625,False,4210.97421709739,4242.685040804661
3,2,S011,S015,669,634,0.40447194699787387,0.4052475103828157,390.2103576660156,False,4208.289406270962,4210.97421709739
3,2,S011,S015,669,635,0.39453605338347436,0.40447194699787387,382.8733825683594,False,4173.893771737262,4208.289406270962
3,2,S011,S015,669,636,0.3894031953547357,0.39453605338347436,374.9187316894531,False,4156.125072139473,4173.893771737262
3,2,S011,S015,670,636,0.3846001597690748,0.3894031953547357,365.9087219238281,False,4139.498137203563,4156.125072139473
3,2,S011,S015,670,637,0.3746642661546753,0.3846001597690748,361.83355712890625,False,4105.102502669863,4139.498137203563
3,2,S011,S015,670,638,0.37355888032665574,0.3746642661546753,358.5907287597656,False,4101.275927181556,4105.102502669863
3,2,S011,S015,671,638,0.3647283725402758,0.37355888032665574,345.9924011230469,False,4070.7068681361634,4101.275927181556
3,2,S011,S015,671,639,0.3577145652985758,0.3647283725402758,349.6738586425781,False,4046.426782223639,4070.7068681361634
3,2,S011,S015,672,639,0.3547924789258763,0.3577145652985758,334.0304260253906,False,4036.311233602464,4046.426782223639
3,2,S011,S015,672,640,0.3448565853114767,0.3547924789258763,338.6651916503906,False,4001.915599068764,4036.311233602464
3,2,S011,S015,672,641,0.34187025027049583,0.3448565853114767,338.5857238769531,False,3991.5776372657215,4001.915599068764
3,2,S011,S015,673,641,0.3349206916970772,0.34187025027049583,323.12615966796875,False,3967.519964535065,3991.5776372657215
3,2,S011,S015,673,642,0.32602593524241585,0.3349206916970772,328.5757751464844,False,3936.728492307804,3967.519964535065
3,2,S011,S015,674,642,0.3249847980826777,0.32602593524241585,315.40228271484375,False,3933.1243300013653,3936.728492307804
3,2,S011,S015,674,643,0.3150489044682782,0.3249847980826777,322.6109313964844,False,3898.7286954676656,3933.1243300013653
3,2,S011,S015,674,644,0.31018162021433593,0.3150489044682782,327.4327697753906,False,3881.879347349887,3898.7286954676656
3,2,S011,S015,675,644,0.30511301085387865,0.31018162021433593,316.5717468261719,False,3864.333060933966,3881.879347349887
3,2,S011,S015,675,645,0.29517711723947915,0.30511301085387865,322.0988464355469,False,3829.9374264002663,3864.333060933966
3,2,S011,S015,675,646,0.29433730518625595,0.29517711723947915,319.0850524902344,False,3827.0302023919703,3829.9374264002663
3,2,S011,S015,676,646,0.28524122362507964,0.29433730518625595,299.73883056640625,False,3795.541791866567,3827.0302023919703
3,2,S011,S015,676,647,0.27849299015817597,0.28524122362507964,298.2381591796875,False,3772.181057434053,3795.541791866567
3,2,S011,S015,677,647,0.27530533001068014,0.27849299015817597,276.3523864746094,False,3761.1461573328675,3772.181057434053
3,2,S011,S015,677,648,0.26536943639628063,0.27530533001068014,270.1051025390625,False,3726.750522799168,3761.1461573328675
3,2,S011,S015,677,649,0.26264867513009604,0.26536943639628063,264.5899658203125,False,3717.331912476136,3726.750522799168
3,2,S011,S015,678,649,0.2554335427818811,0.26264867513009604,249.58294677734375,False,3692.354888265468,3717.331912476136
3,2,S011,S015,678,650,0.24680436010201606,0.2554335427818811,241.1222381591797,False,3662.4827675182187,3692.354888265468
3,2,S011,S015,679,650,0.24549764916748157,0.24680436010201606,227.26844787597656,False,3657.959253731769,3662.4827675182187
3,2,S011,S015,679,651,0.23556175555308206,0.24549764916748157,224.0843505859375,False,3623.5636191980693,3657.959253731769
3,2,S011,S015,679,652,0.2309600450739361,0.23556175555308206,223.07130432128906,False,3607.633622560302,3623.5636191980693
3,2,S011,S015,680,652,0.22562586193868253,0.2309600450739361,233.57652282714844,False,3589.1679846643697,3607.633622560302
3,2,S011,S015,680,653,0.21568996832428303,0.22562586193868253,224.4753875732422,False,3554.77235013067,3589.1679846643697
3,2,S011,S015,680,654,0.21511573004585613,0.21568996832428303,221.968994140625,False,3552.784477602385,3554.77235013067
3,2,S011,S015,681,654,0.20575407470988352,0.21511573004585613,212.14089965820312,False,3520.376715596971,3552.784477602385
3,2,S011,S015,681,655,0.19927141501777618,0.20575407470988352,206.48214721679688,False,3497.9353326444675,3520.376715596971
3,2,S011,S015,682,655,0.195818181095484,0.19927141501777618,218.72854614257812,False,3485.981081063271,3497.9353326444675
3,2,S011,S015,682,656,0.18588228748108448,0.195818181095484,215.40415954589844,False,3451.5854465295715,3485.981081063271
3,2,S011,S015,682,657,0.18342709998969622,0.18588228748108448,200.1546630859375,False,3443.0861876865506,3451.5854465295715
3,2,S011,S015,683,657,0.17594639386668495,0.18342709998969622,223.6057891845703,False,3417.189811995872,3443.0861876865506
3,2,S011,S015,683,658,0.16758278496161624,0.17594639386668495,215.2402801513672,False,3388.2370427286332,3417.189811995872
3,2,S011,S015,684,658,0.16601050025228545,0.16758278496161624,228.6391143798828,False,3382.7941774621722,3388.2370427286332
3,2,S011,S015,684,659,0.15607460663788592,0.16601050025228545,224.8447723388672,False,3348.398542928473,3382.7941774621722
3,2,S011,S015,684,660,0.1517384699335363,0.15607460663788592,228.23385620117188,False,3333.3878977707163,3348.398542928473
3,2,S011,S015,685,660,0.1461387130234864,0.1517384699335363,235.58673095703125,False,3314.0029083947734,3333.3878977707163
3,2,S011,S015,685,661,0.13620281940908688,0.1461387130234864,225.59906005859375,False,3279.6072738610737,3314.0029083947734
3,2,S011,S015,685,662,0.13589415490545634,0.13620281940908688,203.15191650390625,False,3278.5387528127994,3279.6072738610737
3,2,S011,S015,686,662,0.12626692579468737,0.13589415490545634,208.12440490722656,False,3245.2116393273745,3278.5387528127994
3,2,S011,S015,686,663,0.12004983987737636,0.12626692579468737,205.43878173828125,False,3223.689607854882,3245.2116393273745
3,2,S011,S015,687,663,0.11633103218028785,0.12004983987737636,222.0531768798828,False,3210.816004793675,3223.689607854882
3,2,S011,S015,687,664,0.10639513856588834,0.11633103218028785,215.47140502929688,False,3176.4203702599752,3210.816004793675
3,2,S011,S015,687,665,0.1042055248492964,0.10639513856588834,205.02392578125,False,3168.840462896965,3176.4203702599752
3,2,S011,S015,688,665,0.09645924495148882,0.1042055248492964,206.7411346435547,False,3142.0247357262756,3168.840462896965
3,2,S011,S015,688,666,0.08836120982121644,0.09645924495148882,203.66024780273438,False,3113.991317939048,3142.0247357262756
3,2,S011,S015,689,666,0.0865233513370893,0.08836120982121644,186.1535186767578,False,3107.629101192576,3113.991317939048
3,2,S011,S015,689,667,0.07658745772268978,0.0865233513370893,185.40948486328125,False,3073.2334666588768,3107.629101192576
3,2,S011,S015,689,668,0.07251689479313647,0.07658745772268978,186.07742309570312,False,3059.142172981131,3073.2334666588768
3,2,S011,S015,690,668,0.06665156410829028,0.07251689479313647,196.2376708984375,False,3038.837832125177,3059.142172981131
3,2,S011,S015,690,669,0.05671567049389075,0.06665156410829028,203.8511962890625,False,3004.4421975914775,3038.837832125177
3,2,S011,S015,690,670,0.05667257976505651,0.05671567049389075,200.97605895996094,False,3004.293028023214,3004.4421975914775
3,2,S011,S015,691,670,0.04677977687949124,0.05667257976505651,218.33665466308594,False,2970.046563057778,3004.293028023214
3,2,S011,S015,691,671,0.04082826473697655,0.04677977687949124,210.97288513183594,False,2949.4438830652966,2970.046563057778
3,2,S011,S015,692,671,0.03684388326509172,0.04082826473697655,207.68470764160156,False,2935.6509285240786,2949.4438830652966
3,2,S011,S015,692,672,0.0269079896506922,0.03684388326509172,193.78750610351562,False,2901.255293990379,2935.6509285240786
3,2,S011,S015,692,673,0.02498394970889659,0.0269079896506922,180.6925506591797,False,2894.5947381073797,2901.255293990379
3,2,S011,S015,693,673,0.016972096036292687,0.02498394970889659,177.9649200439453,False,2866.8596594566793,2894.5947381073797
3,2,S011,S015,693,674,0.009139634680816626,0.016972096036292687,180.09982299804688,False,2839.745593149463,2866.8596594566793
3,2,S011,S015,694,674,0.007036202421893168,0.009139634680816626,166.9037322998047,False,2832.4640249229797,2839.745593149463
3,2,S011,S015,694,675,0.0,0.007036202421893168,178.04286193847656,False,2808.106412371872,2832.4640249229797
3,3,S015,S005,607,701,0.9758080883697328,0.9815874217781674,183.3875274658203,False,9935.09540123152,9956.803159660067
3,3,S015,S005,607,702,0.9815874217781674,0.9893202901495906,177.9406280517578,False,9956.803159660067,9985.84859218722
3,3,S015,S005,607,703,0.9893202901495906,0.9970531585210137,171.92349243164062,False,9985.84859218722,10014.894024714375
3,3,S015,S005,607,704,0.9970531585210137,1.0,169.03955078125,False,10014.894024714375,10025.962658141838
3,3,S015,S005,608,695,0.9342183626955751,0.9351902115496284,214.97665405273438,False,9778.880202307959,9782.530564497145
3,3,S015,S005,608,696,0.9351902115496284,0.9429230799210516,207.64881896972656,False,9782.530564497145,9811.575997024298
3,3,S015,S005,608,697,0.9429230799210516,0.9506559482924748,197.18130493164062,False,9811.575997024298,9840.621429551451
3,3,S015,S005,608,698,0.9506559482924748,0.958388816663898,189.80023193359375,False,9840.621429551451,9869.666862078606
3,3,S015,S005,608,699,0.958388816663898,0.966121685035321,180.38406372070312,False,9869.666862078606,9898.712294605759
3,3,S015,S005,608,700,0.966121685035321,0.9738545534067442,174.5159149169922,False,9898.712294605759,9927.757727132914
3,3,S015,S005,608,701,0.9738545534067442,0.9758080883697328,172.96188354492188,False,9927.757727132914,9935.09540123152
3,3,S015,S005,609,690,0.8926286370214175,0.8965258696925127,186.1493682861328,False,9622.665003384396,9637.303401861376
3,3,S015,S005,609,691,0.8965258696925127,0.9042587380639359,192.58892822265625,False,9637.303401861376,9666.34883438853
3,3,S015,S005,609,692,0.9042587380639359,0.911991606435359,200.92831420898438,False,9666.34883438853,9695.394266915682
3,3,S015,S005,609,693,0.911991606435359,0.9197244748067821,207.92213439941406,False,9695.394266915682,9724.439699442837
3,3,S015,S005,609,694,0.9197244748067821,0.9274573431782053,210.57005310058594,False,9724.439699442837,9753.48513196999
3,3,S015,S005,609,695,0.9274573431782053,0.9342183626955751,209.1647186279297,False,9753.48513196999,9778.880202307959
3,3,S015,S005,610,685,0.8510389113472598,0.8578615278353969,242.73211669921875,False,9466.449804460835,9492.076239225607
3,3,S015,S005,610,686,0.8578615278353969,0.8655943962068201,240.49562072753906,False,9492.076239225607,9521.12167175276
3,3,S015,S005,610,687,0.8655943962068201,0.8733272645782433,228.11790466308594,False,9521.12167175276,9550.167104279913
3,3,S015,S005,610,688,0.8733272645782433,0.8810601329496663,212.63616943359375,False,9550.167104279913,9579.212536807066
3,3,S015,S005,610,689,0.8810601329496663,0.8887930013210895,194.142822265625,False,9579.212536807066,9608.257969334221
3,3,S015,S005,610,690,0.8887930013210895,0.8926286370214175,186.6102752685547,False,9608.257969334221,9622.665003384396
3,3,S015,S005,611,679,0.8094491856731022,0.811464317606858,241.41493225097656,False,9310.234605537275,9317.803644062684
3,3,S015,S005,611,680,0.811464317606858,0.8191971859782812,242.3013916015625,False,9317.803644062684,9346.849076589837
3,3,S015,S005,611,681,0.8191971859782812,0.8269300543497043,239.89244079589844,False,9346.849076589837,9375.894509116992
3,3,S015,S005,611,682,0.8269300543497043,0.8346629227211274,243.14898681640625,False,9375.894509116992,9404.939941644145
3,3,S015,S005,611,683,0.8346629227211274,0.8423957910925506,249.9530029296875,False,9404.939941644145,9433.985374171298
3,3,S015,S005,611,684,0.8423957910925506,0.8501286594639738,257.3995361328125,False,9433.985374171298,9463.030806698453
3,3,S015,S005,611,685,0.8501286594639738,0.8510389113472598,260.161865234375,False,9463.030806698453,9466.449804460835
3,3,S015,S005,612,674,0.7678594599989444,0.7727999757497422,270.5274963378906,False,9154.019406613714,9172.576481426915
3,3,S015,S005,612,675,0.7727999757497422,0.7805328441211654,261.02716064453125,False,9172.576481426915,9201.621913954068
3,3,S015,S005,612,676,0.7805328441211654,0.7882657124925885,251.58895874023438,False,9201.621913954068,9230.667346481223
3,3,S015,S005,612,677,0.7882657124925885,0.7959985808640117,251.39308166503906,False,9230.667346481223,9259.712779008376
3,3,S015,S005,612,678,0.7959985808640117,0.8037314492354348,255.2439727783203,False,9259.712779008376,9288.758211535529
3,3,S015,S005,612,679,0.8037314492354348,0.8094491856731022,263.5048828125,False,9288.758211535529,9310.234605537275
3,3,S015,S005,613,668,0.7262697343247868,0.7264027655212033,330.0006408691406,False,8997.804207690151,8998.303886263991
3,3,S015,S005,613,669,0.7264027655212033,0.7341356338926265,315.7662658691406,False,8998.303886263991,9027.349318791146
3,3,S015,S005,613,670,0.7341356338926265,0.7418685022640497,298.7805480957031,False,9027.349318791146,9056.3947513183
3,3,S015,S005,613,671,0.7418685022640497,0.7496013706354727,284.62261962890625,False,9056.3947513183,9085.440183845452
3,3,S015,S005,613,672,0.7496013706354727,0.7573342390068959,273.5335388183594,False,9085.440183845452,9114.485616372607
3,3,S015,S005,613,673,0.7573342390068959,0.7650671073783191,266.3460388183594,False,9114.485616372607,9143.53104889976
3,3,S015,S005,613,674,0.7650671073783191,0.7678594599989444,262.056640625,False,9143.53104889976,9154.019406613714
3,3,S015,S005,614,663,0.6846800086506292,0.6877384236640876,310.1285705566406,False,8841.58900876659,8853.076723628223
3,3,S015,S005,614,664,0.6877384236640876,0.6954712920355107,302.16351318359375,False,8853.076723628223,8882.122156155376
3,3,S015,S005,614,665,0.6954712920355107,0.7032041604069338,302.796142578125,False,8882.122156155376,8911.16758868253
3,3,S015,S005,614,666,0.7032041604069338,0.710937028778357,309.99298095703125,False,8911.16758868253,8940.213021209684
3,3,S015,S005,614,667,0.710937028778357,0.7186698971497801,315.092529296875,False,8940.213021209684,8969.258453736838
3,3,S015,S005,614,668,0.7186698971497801,0.7262697343247868,321.69500732421875,False,8969.258453736838,8997.804207690151
3,3,S015,S005,615,658,0.6430902829764715,0.6490740818069718,358.12646484375,False,8685.37380984303,8707.849560992454
3,3,S015,S005,615,659,0.6490740818069718,0.656806950178395,361.5411376953125,False,8707.849560992454,8736.894993519607
3,3,S015,S005,615,660,0.656806950178395,0.664539818549818,347.5826110839844,False,8736.894993519607,8765.940426046762
3,3,S015,S005,615,661,0.664539818549818,0.6722726869212412,331.6094055175781,False,8765.940426046762,8794.985858573915
3,3,S015,S005,615,662,0.6722726869212412,0.6800055552926644,319.33941650390625,False,8794.985858573915,8824.03129110107
3,3,S015,S005,615,663,0.6800055552926644,0.6846800086506292,306.78125,False,8824.03129110107,8841.58900876659
3,3,S015,S005,616,652,0.6015005573023139,0.6026768715784329,292.8703918457031,False,8529.158610919469,8533.576965829532
3,3,S015,S005,616,653,0.6026768715784329,0.610409739949856,299.7644958496094,False,8533.576965829532,8562.622398356685
3,3,S015,S005,616,654,0.610409739949856,0.6181426083212791,307.7008056640625,False,8562.622398356685,8591.667830883838
3,3,S015,S005,616,655,0.6181426083212791,0.6258754766927023,313.8834228515625,False,8591.667830883838,8620.713263410991
3,3,S015,S005,616,656,0.6258754766927023,0.6336083450641254,318.95428466796875,False,8620.713263410991,8649.758695938146
3,3,S015,S005,616,657,0.6336083450641254,0.6413412134355486,337.7573547363281,False,8649.758695938146,8678.8041284653
3,3,S015,S005,616,658,0.6413412134355486,0.6430902829764715,352.48541259765625,False,8678.8041284653,8685.37380984303
3,3,S015,S005,617,647,0.5599108316281561,0.5640125297213171,318.3650817871094,False,8372.943411995908,8388.349803193762
3,3,S015,S005,617,648,0.5640125297213171,0.5717453980927402,321.5969543457031,False,8388.349803193762,8417.395235720916
3,3,S015,S005,617,649,0.5717453980927402,0.5794782664641633,324.16046142578125,False,8417.395235720916,8446.44066824807
3,3,S015,S005,617,650,0.5794782664641633,0.5872111348355865,328.46893310546875,False,8446.44066824807,8475.486100775222
3,3,S015,S005,617,651,0.5872111348355865,0.5949440032070097,322.8520812988281,False,8475.486100775222,8504.531533302377
3,3,S015,S005,617,652,0.5949440032070097,0.6015005573023139,305.5111389160156,False,8504.531533302377,8529.158610919469
3,3,S015,S005,618,642,0.5183211059539985,0.5253481878642013,341.30670166015625,False,8216.728213072347,8243.122640557993
3,3,S015,S005,618,643,0.5253481878642013,0.5330810562356244,330.4398193359375,False,8243.122640557993,8272.168073085148
3,3,S015,S005,618,644,0.5330810562356244,0.5408139246070476,321.32037353515625,False,8272.168073085148,8301.2135056123
3,3,S015,S005,618,645,0.5408139246070476,0.5485467929784708,317.922119140625,False,8301.2135056123,8330.258938139454
3,3,S015,S005,618,646,0.5485467929784708,0.5562796613498939,320.1510925292969,False,8330.258938139454,8359.304370666609
3,3,S015,S005,618,647,0.5562796613498939,0.5599108316281561,336.41900634765625,False,8359.304370666609,8372.943411995908
3,3,S015,S005,619,636,0.47673138027984086,0.47895097763566236,388.22265625,False,8060.513014148785,8068.85004539507
3,3,S015,S005,619,637,0.47895097763566236,0.48668384600708553,402.25469970703125,False,8068.85004539507,8097.895477922224
3,3,S015,S005,619,638,0.48668384600708553,0.4944167143785087,399.3044128417969,False,8097.895477922224,8126.940910449378
3,3,S015,S005,619,639,0.4944167143785087,0.5021495827499318,385.6835021972656,False,8126.940910449378,8155.986342976532
3,3,S015,S005,619,640,0.5021495827499318,0.509882451121355,377.9684143066406,False,8155.986342976532,8185.031775503686
3,3,S015,S005,619,641,0.509882451121355,0.5176153194927782,371.1433410644531,False,8185.031775503686,8214.07720803084
3,3,S015,S005,619,642,0.5176153194927782,0.5183211059539985,355.6576232910156,False,8214.07720803084,8216.728213072347
3,3,S015,S005,620,631,0.4351416546056832,0.4402866357785466,420.8471984863281,False,7904.297815225224,7923.622882759301
3,3,S015,S005,620,632,0.4402866357785466,0.44801950414996977,416.7444763183594,False,7923.622882759301,7952.668315286455
3,3,S015,S005,620,633,0.44801950414996977,0.4557523725213929,418.8177490234375,False,7952.668315286455,7981.713747813609
3,3,S015,S005,620,634,0.4557523725213929,0.46348524089281606,408.08294677734375,False,7981.713747813609,8010.759180340763
3,3,S015,S005,620,635,0.46348524089281606,0.47121810926423924,404.9418640136719,False,8010.759180340763,8039.804612867916
3,3,S015,S005,620,636,0.47121810926423924,0.47673138027984086,406.1612854003906,False,8039.804612867916,8060.513014148785
3,3,S015,S005,621,625,0.3935519289315255,0.39388942555000767,405.00048828125,False,7748.082616301663,7749.350287596379
3,3,S015,S005,621,626,0.39388942555000767,0.40162229392143084,415.8722839355469,False,7749.350287596379,7778.395720123533
3,3,S015,S005,621,627,0.40162229392143084,0.40935516229285396,427.36993408203125,False,7778.395720123533,7807.4411526506865
3,3,S015,S005,621,628,0.40935516229285396,0.41708803066427713,422.6897888183594,False,7807.4411526506865,7836.4865851778395
3,3,S015,S005,621,629,0.41708803066427713,0.4248208990357003,428.79913330078125,False,7836.4865851778395,7865.532017704994
3,3,S015,S005,621,630,0.4248208990357003,0.4325537674071234,437.9731750488281,False,7865.532017704994,7894.577450232147
3,3,S015,S005,621,631,0.4325537674071234,0.4351416546056832,434.9331359863281,False,7894.577450232147,7904.297815225224
3,3,S015,S005,622,620,0.3519622032573679,0.3552250836928919,513.2669067382812,False,7591.867417378102,7604.12312496061
3,3,S015,S005,622,621,0.3552250836928919,0.3629579520643151,485.7042236328125,False,7604.12312496061,7633.168557487764
3,3,S015,S005,622,622,0.3629579520643151,0.3706908204357382,458.2161560058594,False,7633.168557487764,7662.213990014917
3,3,S015,S005,622,623,0.3706908204357382,0.3784236888071614,439.1135559082031,False,7662.213990014917,7691.259422542071
3,3,S015,S005,622,624,0.3784236888071614,0.38615655717858455,424.79364013671875,False,7691.259422542071,7720.304855069225
3,3,S015,S005,622,625,0.38615655717858455,0.3935519289315255,422.6754455566406,False,7720.304855069225,7748.082616301663
3,3,S015,S005,623,615,0.31037247758321024,0.31656074183577615,542.2188720703125,False,7435.652218454541,7458.895962324841
3,3,S015,S005,623,616,0.31656074183577615,0.32429361020719927,557.9224243164062,False,7458.895962324841,7487.941394851994
3,3,S015,S005,623,617,0.32429361020719927,0.33202647857862244,568.6133422851562,False,7487.941394851994,7516.986827379148
3,3,S015,S005,623,618,0.33202647857862244,0.3397593469500456,566.1401977539062,False,7516.986827379148,7546.032259906302
3,3,S015,S005,623,619,0.3397593469500456,0.34749221532146873,549.290771484375,False,7546.032259906302,7575.077692433456
3,3,S015,S005,623,620,0.34749221532146873,0.3519622032573679,524.5137329101562,False,7575.077692433456,7591.867417378102
3,3,S015,S005,624,609,0.26878275190905254,0.2701635316072372,533.57568359375,False,7279.43701953098,7284.6233671619175
3,3,S015,S005,624,610,0.2701635316072372,0.27789639997866034,532.8654174804688,False,7284.6233671619175,7313.668799689071
3,3,S015,S005,624,611,0.27789639997866034,0.2856292683500835,526.9616088867188,False,7313.668799689071,7342.714232216225
3,3,S015,S005,624,612,0.2856292683500835,0.2933621367215067,517.1724243164062,False,7342.714232216225,7371.759664743379
3,3,S015,S005,624,613,0.2933621367215067,0.3010950050929298,507.7323303222656,False,7371.759664743379,7400.805097270533
3,3,S015,S005,624,614,0.3010950050929298,0.308827873464353,513.1699829101562,False,7400.805097270533,7429.850529797686
3,3,S015,S005,624,615,0.308827873464353,0.31037247758321024,525.2803955078125,False,7429.850529797686,7435.652218454541
3,3,S015,S005,625,604,0.2271930262348949,0.23149918975012143,499.9837951660156,False,7123.2218206074185,7139.396204526149
3,3,S015,S005,625,605,0.23149918975012143,0.2392320581215446,506.4453430175781,False,7139.396204526149,7168.441637053303
3,3,S015,S005,625,606,0.2392320581215446,0.24696492649296775,511.2071533203125,False,7168.441637053303,7197.487069580457
3,3,S015,S005,625,607,0.24696492649296775,0.2546977948643909,513.5318603515625,False,7197.487069580457,7226.5325021076105
3,3,S015,S005,625,608,0.2546977948643909,0.26243066323581404,515.7156372070312,False,7226.5325021076105,7255.5779346347645
3,3,S015,S005,625,609,0.26243066323581404,0.26878275190905254,518.7256469726562,False,7255.5779346347645,7279.43701953098
3,3,S015,S005,626,599,0.18560330056073723,0.19283484789300567,480.2739562988281,False,6967.006621683858,6994.16904189038
3,3,S015,S005,626,600,0.19283484789300567,0.20056771626442882,485.35205078125,False,6994.16904189038,7023.214474417534
3,3,S015,S005,626,601,0.20056771626442882,0.20830058463585197,490.6868591308594,False,7023.214474417534,7052.259906944688
3,3,S015,S005,626,602,0.20830058463585197,0.21603345300727514,492.8168640136719,False,7052.259906944688,7081.305339471841
3,3,S015,S005,626,603,0.21603345300727514,0.22376632137869829,491.7994689941406,False,7081.305339471841,7110.350771998995
3,3,S015,S005,626,604,0.22376632137869829,0.2271930262348949,493.18829345703125,False,7110.350771998995,7123.2218206074185
3,3,S015,S005,627,593,0.14401357488657957,0.14643763766446674,440.2284851074219,False,6810.791422760296,6819.896446727457
3,3,S015,S005,627,594,0.14643763766446674,0.1541705060358899,441.8229675292969,False,6819.896446727457,6848.941879254611
3,3,S015,S005,627,595,0.1541705060358899,0.16190337440731306,444.47332763671875,False,6848.941879254611,6877.987311781765
3,3,S015,S005,627,596,0.16190337440731306,0.1696362427787362,453.1045837402344,False,6877.987311781765,6907.032744308918
3,3,S015,S005,627,597,0.1696362427787362,0.17736911115015935,461.8559875488281,False,6907.032744308918,6936.078176836072
3,3,S015,S005,627,598,0.17736911115015935,0.18510197952158253,468.6702880859375,False,6936.078176836072,6965.123609363226
3,3,S015,S005,627,599,0.18510197952158253,0.18560330056073723,474.7029724121094,False,6965.123609363226,6967.006621683858
3,3,S015,S005,628,588,0.10242384921242191,0.10777329580735097,441.5577697753906,False,6654.576223836735,6674.6692840916885
3,3,S015,S005,628,589,0.10777329580735097,0.11550616417877413,444.0180969238281,False,6674.6692840916885,6703.714716618842
3,3,S015,S005,628,590,0.11550616417877413,0.12323903255019727,438.8640441894531,False,6703.714716618842,6732.7601491459955
3,3,S015,S005,628,591,0.12323903255019727,0.13097190092162045,424.43853759765625,False,6732.7601491459955,6761.805581673149
3,3,S015,S005,628,592,0.13097190092162045,0.1387047692930436,427.1378479003906,False,6761.805581673149,6790.851014200303
3,3,S015,S005,628,593,0.1387047692930436,0.14401357488657957,429.45672607421875,False,6790.851014200303,6810.791422760296
3,3,S015,S005,629,582,0.06083412353826425,0.06137608557881205,458.3386535644531,False,6498.361024913174,6500.396688928766
3,3,S015,S005,629,583,0.06137608557881205,0.0691089539502352,458.0343322753906,False,6500.396688928766,6529.442121455919
3,3,S015,S005,629,584,0.0691089539502352,0.07684182232165836,453.1595458984375,False,6529.442121455919,6558.487553983073
3,3,S015,S005,629,585,0.07684182232165836,0.08457469069308152,449.68328857421875,False,6558.487553983073,6587.532986510227
3,3,S015,S005,629,586,0.08457469069308152,0.09230755906450466,447.9035339355469,False,6587.532986510227,6616.578419037381
3,3,S015,S005,629,587,0.09230755906450466,0.10004042743592782,441.71392822265625,False,6616.578419037381,6645.623851564535
3,3,S015,S005,629,588,0.10004042743592782,0.10242384921242191,433.4959716796875,False,6645.623851564535,6654.576223836735
3,3,S015,S005,630,577,0.019244397864106588,0.02271174372169628,448.7686462402344,False,6342.145825989613,6355.169526292996
3,3,S015,S005,630,578,0.02271174372169628,0.03044461209311943,449.62237548828125,False,6355.169526292996,6384.21495882015
3,3,S015,S005,630,579,0.03044461209311943,0.038177480464542585,447.81744384765625,False,6384.21495882015,6413.260391347304
3,3,S015,S005,630,580,0.038177480464542585,0.045910348835965745,445.7662048339844,False,6413.260391347304,6442.305823874458
3,3,S015,S005,630,581,0.045910348835965745,0.0536432172073889,447.7994079589844,False,6442.305823874458,6471.351256401612
3,3,S015,S005,630,582,0.0536432172073889,0.06083412353826425,448.14276123046875,False,6471.351256401612,6498.361024913174
3,3,S015,S005,631,575,0.0,0.007246006978849971,436.229248046875,False,6269.8619291431005,6297.078661238689
3,3,S015,S005,631,576,0.007246006978849971,0.014978875350273126,435.9037780761719,False,6297.078661238689,6326.124093765842
3,3,S015,S005,631,577,0.014978875350273126,0.019244397864106588,437.3614501953125,False,6326.124093765842,6342.145825989613
3,4,S005,O01,607,704,0.0,0.003392759112020375,169.03955078125,False,10025.962658141838,10043.87843941178
3,4,S005,O01,608,704,0.003392759112020375,0.009225449099647766,168.42124938964844,False,10043.87843941178,10074.678503484552
3,4,S005,O01,609,704,0.009225449099647766,0.015058139087275157,167.0666961669922,False,10074.678503484552,10105.478567557326
3,4,S005,O01,610,704,0.015058139087275157,0.02089082907490255,165.6302032470703,False,10105.478567557326,10136.278631630099
3,4,S005,O01,611,704,0.02089082907490255,0.02672351906252994,165.0547332763672,False,10136.278631630099,10167.07869570287
3,4,S005,O01,612,704,0.02672351906252994,0.03255620905015733,162.80604553222656,False,10167.07869570287,10197.878759775644
3,4,S005,O01,613,704,0.03255620905015733,0.038388899037784724,172.07708740234375,False,10197.878759775644,10228.678823848417
3,4,S005,O01,614,704,0.038388899037784724,0.044221589025412116,175.98390197753906,False,10228.678823848417,10259.47888792119
3,4,S005,O01,615,704,0.044221589025412116,0.0500542790130395,181.36705017089844,False,10259.47888792119,10290.278951993963
3,4,S005,O01,616,704,0.0500542790130395,0.05588696900066689,188.32447814941406,False,10290.278951993963,10321.079016066735
3,4,S005,O01,617,704,0.05588696900066689,0.06171965898829428,197.3092041015625,False,10321.079016066735,10351.879080139508
3,4,S005,O01,618,704,0.06171965898829428,0.06738348444852219,205.31216430664062,False,10351.879080139508,10381.787439308617
3,4,S005,O01,618,705,0.06738348444852219,0.06755234897592167,191.84683227539062,False,10381.787439308617,10382.679144212281
3,4,S005,O01,619,705,0.06755234897592167,0.07338503896354907,200.45533752441406,False,10382.679144212281,10413.479208285054
3,4,S005,O01,620,705,0.07338503896354907,0.07921772895117646,183.1671142578125,False,10413.479208285054,10444.279272357828
3,4,S005,O01,621,705,0.07921772895117646,0.08505041893880384,189.70802307128906,False,10444.279272357828,10475.0793364306
3,4,S005,O01,622,705,0.08505041893880384,0.09088310892643124,209.5558319091797,False,10475.0793364306,10505.879400503372
3,4,S005,O01,623,705,0.09088310892643124,0.09671579891405863,223.50784301757812,False,10505.879400503372,10536.679464576146
3,4,S005,O01,624,705,0.09671579891405863,0.10254848890168602,236.00546264648438,False,10536.679464576146,10567.479528648919
3,4,S005,O01,625,705,0.10254848890168602,0.10838117888931341,239.35430908203125,False,10567.479528648919,10598.27959272169
3,4,S005,O01,626,705,0.10838117888931341,0.11421386887694081,232.54295349121094,False,10598.27959272169,10629.079656794464
3,4,S005,O01,627,705,0.11421386887694081,0.12004655886456819,225.3471221923828,False,10629.079656794464,10659.879720867237
3,4,S005,O01,628,705,0.12004655886456819,0.1258792488521956,218.7521209716797,False,10659.879720867237,10690.67978494001
3,4,S005,O01,629,705,0.1258792488521956,0.131711938839823,211.4542999267578,False,10690.67978494001,10721.479849012783
3,4,S005,O01,630,705,0.131711938839823,0.13754462882745036,196.20591735839844,False,10721.479849012783,10752.279913085555
3,4,S005,O01,631,705,0.13754462882745036,0.14337731881507776,184.0388641357422,False,10752.279913085555,10783.079977158328
3,4,S005,O01,632,705,0.14337731881507776,0.14921000880270516,196.32424926757812,False,10783.079977158328,10813.880041231101
3,4,S005,O01,633,705,0.14921000880270516,0.15504269879033256,211.0592803955078,False,10813.880041231101,10844.680105303874
3,4,S005,O01,634,705,0.15504269879033256,0.16087538877795993,218.8123779296875,False,10844.680105303874,10875.480169376648
3,4,S005,O01,635,705,0.16087538877795993,0.16670807876558733,218.23101806640625,False,10875.480169376648,10906.280233449419
3,4,S005,O01,636,705,0.16670807876558733,0.17254076875321472,211.42337036132812,False,10906.280233449419,10937.080297522192
3,4,S005,O01,637,705,0.17254076875321472,0.1762561730812756,204.44700622558594,False,10937.080297522192,10956.699836980535
3,4,S005,O01,637,706,0.1762561730812756,0.1783734587408421,219.16232299804688,False,10956.699836980535,10967.880361594966
3,4,S005,O01,638,706,0.1783734587408421,0.1842061487284695,210.364501953125,False,10967.880361594966,10998.680425667739
3,4,S005,O01,639,706,0.1842061487284695,0.1900388387160969,203.62559509277344,False,10998.680425667739,11029.480489740512
3,4,S005,O01,640,706,0.1900388387160969,0.1958715287037243,203.0699920654297,False,11029.480489740512,11060.280553813283
3,4,S005,O01,641,706,0.1958715287037243,0.20170421869135166,186.79649353027344,False,11060.280553813283,11091.080617886057
3,4,S005,O01,642,706,0.20170421869135166,0.20753690867897906,173.27932739257812,False,11091.080617886057,11121.88068195883
3,4,S005,O01,643,706,0.20753690867897906,0.21336959866660646,186.16871643066406,False,11121.88068195883,11152.680746031603
3,4,S005,O01,644,706,0.21336959866660646,0.21920228865423386,200.023193359375,False,11152.680746031603,11183.480810104375
3,4,S005,O01,645,706,0.21920228865423386,0.22503497864186123,212.40313720703125,False,11183.480810104375,11214.280874177148
3,4,S005,O01,646,706,0.22503497864186123,0.23086766862948863,218.17422485351562,False,11214.280874177148,11245.080938249921
3,4,S005,O01,647,706,0.23086766862948863,0.23670035861711602,224.7574462890625,False,11245.080938249921,11275.881002322694
3,4,S005,O01,648,706,0.23670035861711602,0.2425330486047434,230.5911407470703,False,11275.881002322694,11306.681066395467
3,4,S005,O01,649,706,0.2425330486047434,0.2483657385923708,237.51937866210938,False,11306.681066395467,11337.48113046824
3,4,S005,O01,650,706,0.2483657385923708,0.2541984285799982,251.5946807861328,False,11337.48113046824,11368.281194541012
3,4,S005,O01,651,706,0.2541984285799982,0.26003111856762556,256.1034240722656,False,11368.281194541012,11399.081258613785
3,4,S005,O01,652,706,0.26003111856762556,0.265863808555253,238.7801971435547,False,11399.081258613785,11429.881322686559
3,4,S005,O01,653,706,0.265863808555253,0.27169649854288036,219.3751678466797,False,11429.881322686559,11460.681386759332
3,4,S005,O01,654,706,0.27169649854288036,0.27752918853050773,202.1780548095703,False,11460.681386759332,11491.481450832103
3,4,S005,O01,655,706,0.27752918853050773,0.28336187851813516,190.44517517089844,False,11491.481450832103,11522.281514904877
3,4,S005,O01,656,706,0.28336187851813516,0.28512886171402907,193.70762634277344,False,11522.281514904877,11531.612234652453
3,4,S005,O01,656,707,0.28512886171402907,0.28919456850576253,198.01901245117188,False,11531.612234652453,11553.08157897765
3,4,S005,O01,657,707,0.28919456850576253,0.29502725849338995,209.4966583251953,False,11553.08157897765,11583.881643050423
3,4,S005,O01,658,707,0.29502725849338995,0.3008599484810173,214.95384216308594,False,11583.881643050423,11614.681707123196
3,4,S005,O01,659,707,0.3008599484810173,0.3066926384686447,223.0150909423828,False,11614.681707123196,11645.481771195968
3,4,S005,O01,660,707,0.3066926384686447,0.3125253284562721,226.33004760742188,False,11645.481771195968,11676.28183526874
3,4,S005,O01,661,707,0.3125253284562721,0.3183580184438995,225.3959197998047,False,11676.28183526874,11707.081899341514
3,4,S005,O01,662,707,0.3183580184438995,0.32419070843152686,230.12152099609375,False,11707.081899341514,11737.881963414287
3,4,S005,O01,663,707,0.32419070843152686,0.3300233984191543,230.91836547851562,False,11737.881963414287,11768.68202748706
3,4,S005,O01,664,707,0.3300233984191543,0.33585608840678166,223.1132354736328,False,11768.68202748706,11799.482091559832
3,4,S005,O01,665,707,0.33585608840678166,0.34168877839440903,238.8348846435547,False,11799.482091559832,11830.282155632605
3,4,S005,O01,666,707,0.34168877839440903,0.34752146838203646,248.37278747558594,False,11830.282155632605,11861.082219705379
3,4,S005,O01,667,707,0.34752146838203646,0.35335415836966383,259.73272705078125,False,11861.082219705379,11891.882283778152
3,4,S005,O01,668,707,0.35335415836966383,0.35918684835729126,271.3585510253906,False,11891.882283778152,11922.682347850925
3,4,S005,O01,669,707,0.35918684835729126,0.3650195383449186,276.410888671875,False,11922.682347850925,11953.482411923696
3,4,S005,O01,670,707,0.3650195383449186,0.370852228332546,268.4219665527344,False,11953.482411923696,11984.28247599647
3,4,S005,O01,671,707,0.370852228332546,0.3766849183201734,261.0234069824219,False,11984.28247599647,12015.082540069243
3,4,S005,O01,672,707,0.3766849183201734,0.3825176083078008,248.85299682617188,False,12015.082540069243,12045.882604142016
3,4,S005,O01,673,707,0.3825176083078008,0.38835029829542816,238.79495239257812,False,12045.882604142016,12076.682668214788
3,4,S005,O01,674,707,0.38835029829542816,0.3940015503467825,228.19383239746094,False,12076.682668214788,12106.524632324372
3,4,S005,O01,674,708,0.3940015503467825,0.3941829882830556,218.50462341308594,False,12106.524632324372,12107.48273228756
3,4,S005,O01,675,708,0.3941829882830556,0.40001567827068296,227.47940063476562,False,12107.48273228756,12138.282796360334
3,4,S005,O01,676,708,0.40001567827068296,0.40584836825831033,226.79367065429688,False,12138.282796360334,12169.082860433107
3,4,S005,O01,677,708,0.40584836825831033,0.41168105824593776,214.42776489257812,False,12169.082860433107,12199.88292450588
3,4,S005,O01,678,708,0.41168105824593776,0.41751374823356513,201.15895080566406,False,12199.88292450588,12230.682988578654
3,4,S005,O01,679,708,0.41751374823356513,0.42334643822119256,187.45167541503906,False,12230.682988578654,12261.483052651425
3,4,S005,O01,680,708,0.42334643822119256,0.4291791282088199,180.34420776367188,False,12261.483052651425,12292.283116724198
3,4,S005,O01,681,708,0.4291791282088199,0.4350118181964473,194.9723663330078,False,12292.283116724198,12323.083180796972
3,4,S005,O01,682,708,0.4350118181964473,0.4408445081840747,208.9762420654297,False,12323.083180796972,12353.883244869745
3,4,S005,O01,683,708,0.4408445081840747,0.4466771981717021,216.88548278808594,False,12353.883244869745,12384.683308942516
3,4,S005,O01,684,708,0.4466771981717021,0.45250988815932947,229.3459014892578,False,12384.683308942516,12415.48337301529
3,4,S005,O01,685,708,0.45250988815932947,0.4583425781469569,243.9189910888672,False,12415.48337301529,12446.283437088063
3,4,S005,O01,686,708,0.4583425781469569,0.46417526813458426,248.2711181640625,False,12446.283437088063,12477.083501160836
3,4,S005,O01,687,708,0.46417526813458426,0.47000795812221163,239.31243896484375,False,12477.083501160836,12507.88356523361
3,4,S005,O01,688,708,0.47000795812221163,0.47584064810983906,221.8770751953125,False,12507.88356523361,12538.683629306382
3,4,S005,O01,689,708,0.47584064810983906,0.48167333809746643,223.35609436035156,False,12538.683629306382,12569.483693379154
3,4,S005,O01,690,708,0.48167333809746643,0.48750602808509386,219.90245056152344,False,12569.483693379154,12600.283757451927
3,4,S005,O01,691,708,0.48750602808509386,0.4933387180727212,216.6199188232422,False,12600.283757451927,12631.0838215247
3,4,S005,O01,692,708,0.4933387180727212,0.4991714080603486,217.99798583984375,False,12631.0838215247,12661.883885597472
3,4,S005,O01,693,708,0.4991714080603486,0.502874238979536,212.18304443359375,False,12661.883885597472,12681.43702999629
3,4,S005,O01,693,709,0.502874238979536,0.505004098047976,217.97190856933594,False,12681.43702999629,12692.683949670245
3,4,S005,O01,694,709,0.505004098047976,0.5108367880356034,213.29689025878906,False,12692.683949670245,12723.484013743018
3,4,S005,O01,695,709,0.5108367880356034,0.5166694780232308,210.92356872558594,False,12723.484013743018,12754.284077815792
3,4,S005,O01,696,709,0.5166694780232308,0.5225021680108581,205.84439086914062,False,12754.284077815792,12785.084141888565
3,4,S005,O01,697,709,0.5225021680108581,0.5283348579984856,193.91107177734375,False,12785.084141888565,12815.884205961338
3,4,S005,O01,698,709,0.5283348579984856,0.534167547986113,193.113037109375,False,12815.884205961338,12846.684270034111
3,4,S005,O01,699,709,0.534167547986113,0.5400002379737403,201.3861083984375,False,12846.684270034111,12877.484334106883
3,4,S005,O01,700,709,0.5400002379737403,0.5458329279613677,210.56874084472656,False,12877.484334106883,12908.284398179656
3,4,S005,O01,701,709,0.5458329279613677,0.5516656179489952,209.38194274902344,False,12908.284398179656,12939.08446225243
3,4,S005,O01,702,709,0.5516656179489952,0.5574983079366225,200.61599731445312,False,12939.08446225243,12969.8845263252
3,4,S005,O01,703,709,0.5574983079366225,0.5633309979242499,192.53457641601562,False,12969.8845263252,13000.684590397974
3,4,S005,O01,704,709,0.5633309979242499,0.5691636879118773,186.73440551757812,False,13000.684590397974,13031.484654470747
3,4,S005,O01,705,709,0.5691636879118773,0.5749963778995048,178.32977294921875,False,13031.484654470747,13062.28471854352
3,4,S005,O01,706,709,0.5749963778995048,0.5808290678871321,171.6350860595703,False,13062.28471854352,13093.084782616294
3,4,S005,O01,707,709,0.5808290678871321,0.5866617578747595,184.04736328125,False,13093.084782616294,13123.884846689067
3,4,S005,O01,708,709,0.5866617578747595,0.5924944478623869,192.9013671875,False,13123.884846689067,13154.684910761838
3,4,S005,O01,709,709,0.5924944478623869,0.5983271378500142,198.8589324951172,False,13154.684910761838,13185.484974834611
3,4,S005,O01,710,709,0.5983271378500142,0.6041598278376417,197.65956115722656,False,13185.484974834611,13216.285038907385
3,4,S005,O01,711,709,0.6041598278376417,0.6099925178252691,187.2941436767578,False,13216.285038907385,13247.085102980158
3,4,S005,O01,712,709,0.6099925178252691,0.6117469276122894,171.1339111328125,False,13247.085102980158,13256.349427668209
3,4,S005,O01,712,710,0.6117469276122894,0.6158252078128964,161.78318786621094,False,13256.349427668209,13277.88516705293
3,4,S005,O01,713,710,0.6158252078128964,0.6216578978005238,139.5,False,13277.88516705293,13308.685231125703
3,4,S005,O01,714,710,0.6216578978005238,0.6274905877881513,139.5,False,13308.685231125703,13339.485295198476
3,4,S005,O01,715,710,0.6274905877881513,0.6333232777757786,139.5,False,13339.485295198476,13370.285359271249
3,4,S005,O01,716,710,0.6333232777757786,0.639155967763406,139.0,False,13370.285359271249,13401.085423344022
3,4,S005,O01,717,710,0.639155967763406,0.6449886577510334,139.0,False,13401.085423344022,13431.885487416796
3,4,S005,O01,718,710,0.6449886577510334,0.6508213477386607,139.0,False,13431.885487416796,13462.685551489567
3,4,S005,O01,719,710,0.6508213477386607,0.6566540377262882,140.68402099609375,False,13462.685551489567,13493.48561556234
3,4,S005,O01,720,710,0.6566540377262882,0.6624867277139156,145.00938415527344,False,13493.48561556234,13524.285679635113
3,4,S005,O01,721,710,0.6624867277139156,0.6683194177015429,152.8723602294922,False,13524.285679635113,13555.085743707885
3,4,S005,O01,722,710,0.6683194177015429,0.6741521076891703,158.06149291992188,False,13555.085743707885,13585.885807780658
3,4,S005,O01,723,710,0.6741521076891703,0.6799847976767978,169.0928497314453,False,13585.885807780658,13616.685871853431
3,4,S005,O01,724,710,0.6799847976767978,0.6858174876644251,180.1331024169922,False,13616.685871853431,13647.485935926205
3,4,S005,O01,725,710,0.6858174876644251,0.6916501776520525,180.18789672851562,False,13647.485935926205,13678.285999998978
3,4,S005,O01,726,710,0.6916501776520525,0.6974828676396799,171.10885620117188,False,13678.285999998978,13709.086064071751
3,4,S005,O01,727,710,0.6974828676396799,0.7033155576273074,160.8629608154297,False,13709.086064071751,13739.886128144524
3,4,S005,O01,728,710,0.7033155576273074,0.7091482476149347,146.5470428466797,False,13739.886128144524,13770.686192217296
3,4,S005,O01,729,710,0.7091482476149347,0.7149809376025621,136.2510528564453,False,13770.686192217296,13801.486256290069
3,4,S005,O01,730,710,0.7149809376025621,0.7206196162450429,133.45526123046875,False,13801.486256290069,13831.261825340127
3,4,S005,O01,730,711,0.7206196162450429,0.7208136275901895,141.76058959960938,False,13831.261825340127,13832.286320362842
3,4,S005,O01,731,711,0.7208136275901895,0.7266463175778168,139.17271423339844,False,13832.286320362842,13863.086384435614
3,4,S005,O01,732,711,0.7266463175778168,0.7324790075654443,139.74610900878906,False,13863.086384435614,13893.886448508387
3,4,S005,O01,733,711,0.7324790075654443,0.7383116975530717,139.26327514648438,False,13893.886448508387,13924.68651258116
3,4,S005,O01,734,711,0.7383116975530717,0.744144387540699,138.47293090820312,False,13924.68651258116,13955.486576653933
3,4,S005,O01,735,711,0.744144387540699,0.7499770775283264,138.5513916015625,False,13955.486576653933,13986.286640726707
3,4,S005,O01,736,711,0.7499770775283264,0.7558097675159539,137.31773376464844,False,13986.286640726707,14017.08670479948
3,4,S005,O01,737,711,0.7558097675159539,0.7616424575035812,134.03321838378906,False,14017.08670479948,14047.886768872251
3,4,S005,O01,738,711,0.7616424575035812,0.7674751474912086,132.181640625,False,14047.886768872251,14078.686832945024
3,4,S005,O01,739,711,0.7674751474912086,0.773307837478836,130.9544219970703,False,14078.686832945024,14109.486897017798
3,4,S005,O01,740,711,0.773307837478836,0.7791405274664633,129.62075805664062,False,14109.486897017798,14140.28696109057
3,4,S005,O01,741,711,0.7791405274664633,0.7849732174540908,133.5133819580078,False,14140.28696109057,14171.087025163342
3,4,S005,O01,742,711,0.7849732174540908,0.7908059074417182,140.71946716308594,False,14171.087025163342,14201.887089236116
3,4,S005,O01,743,711,0.7908059074417182,0.7966385974293455,138.2466278076172,False,14201.887089236116,14232.687153308889
3,4,S005,O01,744,711,0.7966385974293455,0.8024712874169729,133.4369659423828,False,14232.687153308889,14263.487217381662
3,4,S005,O01,745,711,0.8024712874169729,0.8083039774046004,136.43283081054688,False,14263.487217381662,14294.287281454435
3,4,S005,O01,746,711,0.8083039774046004,0.8141366673922277,141.44146728515625,False,14294.287281454435,14325.087345527207
3,4,S005,O01,747,711,0.8141366673922277,0.8199693573798551,150.07215881347656,False,14325.087345527207,14355.88740959998
3,4,S005,O01,748,711,0.8199693573798551,0.8258020473674825,167.45504760742188,False,14355.88740959998,14386.687473672753
3,4,S005,O01,749,711,0.8258020473674825,0.8294923048777962,177.4230499267578,False,14386.687473672753,14406.174223012045
3,4,S005,O01,749,712,0.8294923048777962,0.83163473735511,189.08946228027344,False,14406.174223012045,14417.487537745526
3,4,S005,O01,750,712,0.83163473735511,0.8374674273427373,188.41993713378906,False,14417.487537745526,14448.287601818298
3,4,S005,O01,751,712,0.8374674273427373,0.8433001173303647,180.08937072753906,False,14448.287601818298,14479.087665891071
3,4,S005,O01,752,712,0.8433001173303647,0.8491328073179921,169.70916748046875,False,14479.087665891071,14509.887729963844
3,4,S005,O01,753,712,0.8491328073179921,0.8549654973056194,161.41465759277344,False,14509.887729963844,14540.687794036618
3,4,S005,O01,754,712,0.8549654973056194,0.8607981872932469,162.26895141601562,False,14540.687794036618,14571.48785810939
3,4,S005,O01,755,712,0.8607981872932469,0.8666308772808743,156.9323272705078,False,14571.48785810939,14602.287922182164
3,4,S005,O01,756,712,0.8666308772808743,0.8724635672685016,154.5097198486328,False,14602.287922182164,14633.087986254935
3,4,S005,O01,757,712,0.8724635672685016,0.878296257256129,162.78504943847656,False,14633.087986254935,14663.888050327709
3,4,S005,O01,758,712,0.878296257256129,0.8841289472437565,162.76080322265625,False,14663.888050327709,14694.688114400482
3,4,S005,O01,759,712,0.8841289472437565,0.8899616372313838,161.31056213378906,False,14694.688114400482,14725.488178473253
3,4,S005,O01,760,712,0.8899616372313838,0.8957943272190112,159.63743591308594,False,14725.488178473253,14756.288242546027
3,4,S005,O01,761,712,0.8957943272190112,0.9016270172066386,155.54681396484375,False,14756.288242546027,14787.0883066188
3,4,S005,O01,762,712,0.9016270172066386,0.9074597071942659,150.41404724121094,False,14787.0883066188,14817.888370691573
3,4,S005,O01,763,712,0.9074597071942659,0.9132923971818934,144.7996826171875,False,14817.888370691573,14848.688434764346
3,4,S005,O01,764,712,0.9132923971818934,0.9191250871695208,137.08578491210938,False,14848.688434764346,14879.48849883712
3,4,S005,O01,765,712,0.9191250871695208,0.9249577771571481,131.58016967773438,False,14879.48849883712,14910.288562909891
3,4,S005,O01,766,712,0.9249577771571481,0.9307904671447755,127.55382537841797,False,14910.288562909891,14941.088626982664
3,4,S005,O01,767,712,0.9307904671447755,0.936623157132403,128.23745727539062,False,14941.088626982664,14971.888691055437
3,4,S005,O01,768,712,0.936623157132403,0.9383649935105497,128.8519287109375,False,14971.888691055437,14981.086620683964
3,4,S005,O01,768,713,0.9383649935105497,0.9424558471200304,143.94345092773438,False,14981.086620683964,15002.68875512821
3,4,S005,O01,769,713,0.9424558471200304,0.9482885371076577,149.6406707763672,False,15002.68875512821,15033.488819200982
3,4,S005,O01,770,713,0.9482885371076577,0.9541212270952851,148.52069091796875,False,15033.488819200982,15064.288883273755
3,4,S005,O01,771,713,0.9541212270952851,0.9599539170829126,147.5701446533203,False,15064.288883273755,15095.088947346529
3,4,S005,O01,772,713,0.9599539170829126,0.9657866070705399,143.50363159179688,False,15095.088947346529,15125.889011419302
3,4,S005,O01,773,713,0.9657866070705399,0.9716192970581673,139.52947998046875,False,15125.889011419302,15156.689075492075
3,4,S005,O01,774,713,0.9716192970581673,0.9774519870457947,135.18157958984375,False,15156.689075492075,15187.489139564848
3,4,S005,O01,775,713,0.9774519870457947,0.983284677033422,133.6541290283203,False,15187.489139564848,15218.28920363762
3,4,S005,O01,776,713,0.983284677033422,0.9891173670210495,133.40194702148438,False,15218.28920363762,15249.089267710393
3,4,S005,O01,777,713,0.9891173670210495,0.9949500570086769,130.80474853515625,False,15249.089267710393,15279.889331783166
3,4,S005,O01,778,713,0.9949500570086769,1.0,128.7255401611328,False,15279.889331783166,15306.55602725756
