partition_id,policy,identity,K,workload_cv,relay_sorties_executed,total_energy_kwh,partition,total_U_A,total_U_B,total_U_C,total_B_A,total_B_B,total_B_C,total_R,total_RE,gap_U_A,gap_U_B,gap_U_C,gap_B_A,gap_B_B,gap_B_C,gap_R,gap_RE
strict-2-0001-minimum,strict,minimum,2,0.8306194263315657,3,66.44527328256848,"S001,S002,S003,S004,S005,S006,S007,S008,S009,S011,S012,S013,S015 / S010,S014",4,4,2,6,6,4,3,3,0,2,0,0,2,0,1,0
strict-2-0002-minimum,strict,minimum,2,0.673048079271094,3,66.44527328256848,"S001,S010,S014 / S002,S003,S004,S005,S006,S007,S008,S009,S011,S012,S013,S015",4,4,4,6,6,6,3,3,0,2,2,0,2,2,1,0
strict-2-0003-minimum,strict,minimum,2,0.8424286529395283,3,66.44527328256848,"S001 / S002,S003,S004,S005,S006,S007,S008,S009,S010,S011,S012,S013,S014,S015",4,2,4,6,4,6,2,3,0,0,2,0,0,2,0,0
strict-2-0001-preserve_ids,strict,preserve_ids,2,0.8306194263315657,3,66.44527328256848,"S001,S002,S003,S004,S005,S006,S007,S008,S009,S011,S012,S013,S015 / S010,S014",4,4,2,6,6,4,3,3,0,2,0,0,2,0,1,0
strict-2-0002-preserve_ids,strict,preserve_ids,2,0.673048079271094,3,66.44527328256848,"S001,S010,S014 / S002,S003,S004,S005,S006,S007,S008,S009,S011,S012,S013,S015",4,4,4,6,6,6,3,3,0,2,2,0,2,2,1,0
strict-2-0003-preserve_ids,strict,preserve_ids,2,0.8424286529395283,3,66.44527328256848,"S001 / S002,S003,S004,S005,S006,S007,S008,S009,S010,S011,S012,S013,S014,S015",4,2,4,6,4,6,2,3,0,0,2,0,0,2,0,0
strict-3-0001-minimum,strict,minimum,3,1.0674531782600805,3,66.44527328256848,"S001 / S002,S003,S004,S005,S006,S007,S008,S009,S011,S012,S013,S015 / S010,S014",4,4,4,6,6,6,3,3,0,2,2,0,2,2,1,0
strict-3-0001-preserve_ids,strict,preserve_ids,3,1.0674531782600805,3,66.44527328256848,"S001 / S002,S003,S004,S005,S006,S007,S008,S009,S011,S012,S013,S015 / S010,S014",4,4,4,6,6,6,3,3,0,2,2,0,2,2,1,0
clone-2-0001-minimum,clone,minimum,2,0.9075372499350448,4,66.87208491682246,"S001,S002,S003,S004,S005,S006,S007,S008,S009,S010,S011,S012,S013,S015 / S014",4,3,2,6,5,4,3,4,0,1,0,0,1,0,1,0
clone-2-0002-minimum,clone,minimum,2,0.904912389426657,4,67.16062500108146,"S001,S002,S003,S004,S005,S006,S007,S008,S009,S010,S011,S013,S014,S015 / S012",4,3,2,6,4,4,3,4,0,1,0,0,0,0,1,0
clone-2-0003-minimum,clone,minimum,2,0.8124496393617018,5,67.58743663533545,"S001,S002,S003,S004,S005,S006,S007,S008,S009,S010,S011,S013,S015 / S012,S014",4,3,2,6,5,4,4,5,0,1,0,0,1,0,2,0
clone-2-0004-minimum,clone,minimum,2,0.9230821763965209,4,66.87208491682246,"S001,S002,S003,S004,S005,S006,S007,S008,S009,S011,S012,S013,S014,S015 / S010",4,3,2,6,5,4,3,4,0,1,0,0,1,0,1,0
clone-2-0005-minimum,clone,minimum,2,0.8306194263315657,3,66.44527328256848,"S001,S002,S003,S004,S005,S006,S007,S008,S009,S011,S012,S013,S015 / S010,S014",4,4,2,6,6,4,3,3,0,2,0,0,2,0,1,0
clone-2-0006-minimum,clone,minimum,2,0.8279945658231778,5,67.58743663533544,"S001,S002,S003,S004,S005,S006,S007,S008,S009,S011,S013,S014,S015 / S010,S012",4,3,2,6,5,4,4,5,0,1,0,0,1,0,2,0
clone-2-0007-minimum,clone,minimum,2,0.7355318157582227,4,67.16062500108146,"S001,S002,S003,S004,S005,S006,S007,S008,S009,S011,S013,S015 / S010,S012,S014",4,4,2,6,6,4,4,4,0,2,0,0,2,0,2,0
clone-2-0008-minimum,clone,minimum,2,0.8089331600404833,4,67.65241413197538,"S001,S002,S003,S004,S005,S006,S007,S009,S010,S011,S012,S013,S014,S015 / S008",4,4,2,6,6,4,3,4,0,2,0,0,2,0,1,0
clone-2-0009-minimum,clone,minimum,2,0.7164704099755281,5,68.07922576622936,"S001,S002,S003,S004,S005,S006,S007,S009,S010,S011,S012,S013,S015 / S008,S014",4,4,2,6,5,4,3,5,0,2,0,0,1,0,1,0
clone-2-0010-minimum,clone,minimum,2,0.7138455494671403,5,68.36776585048835,"S001,S002,S003,S004,S005,S006,S007,S009,S010,S011,S013,S014,S015 / S008,S012",4,4,2,6,6,4,4,5,0,2,0,0,2,0,2,0
clone-2-0011-minimum,clone,minimum,2,0.6213827994021852,6,68.79457748474235,"S001,S002,S003,S004,S005,S006,S007,S009,S010,S011,S013,S015 / S008,S012,S014",4,3,2,6,5,4,4,6,0,1,0,0,1,0,2,0
clone-2-0012-minimum,clone,minimum,2,0.7320153364370042,5,68.07922576622936,"S001,S002,S003,S004,S005,S006,S007,S009,S011,S012,S013,S014,S015 / S008,S010",4,4,2,6,5,4,3,5,0,2,0,0,1,0,1,0
clone-2-0013-minimum,clone,minimum,2,0.639552586372049,4,67.65241413197538,"S001,S002,S003,S004,S005,S006,S007,S009,S011,S012,S013,S015 / S008,S010,S014",4,4,2,6,4,4,3,4,0,2,0,0,0,0,1,0
clone-2-0014-minimum,clone,minimum,2,0.6369277258636611,6,68.79457748474233,"S001,S002,S003,S004,S005,S006,S007,S009,S011,S013,S014,S015 / S008,S010,S012",4,4,2,6,5,4,4,6,0,2,0,0,1,0,2,0
clone-2-0015-minimum,clone,minimum,2,0.544464975798706,5,68.36776585048835,"S001,S002,S003,S004,S005,S006,S007,S009,S011,S013,S015 / S008,S010,S012,S014",4,3,2,6,4,4,4,5,0,1,0,0,0,0,2,0
clone-2-0016-minimum,clone,minimum,2,0.886208274044556,4,67.16062500108146,"S001,S002,S003,S005,S006,S007,S008,S009,S010,S011,S012,S013,S014,S015 / S004",4,2,3,6,4,4,3,4,0,0,1,0,0,0,1,0
clone-2-0017-minimum,clone,minimum,2,0.7937455239796009,5,67.58743663533545,"S001,S002,S003,S005,S006,S007,S008,S009,S010,S011,S012,S013,S015 / S004,S014",4,3,3,6,5,4,4,5,0,1,1,0,1,0,2,0
clone-2-0018-minimum,clone,minimum,2,0.791120663471213,4,67.16062500108146,"S001,S002,S003,S005,S006,S007,S008,S009,S010,S011,S013,S014,S015 / S004,S012",4,3,3,6,4,4,3,4,0,1,1,0,0,0,1,0
clone-2-0019-minimum,clone,minimum,2,0.6986579134062578,5,67.58743663533544,"S001,S002,S003,S005,S006,S007,S008,S009,S010,S011,S013,S015 / S004,S012,S014",4,3,3,6,5,4,4,5,0,1,1,0,1,0,2,0
clone-2-0020-minimum,clone,minimum,2,0.8092904504410768,5,67.58743663533544,"S001,S002,S003,S005,S006,S007,S008,S009,S011,S012,S013,S014,S015 / S004,S010",4,3,3,6,5,4,4,5,0,1,1,0,1,0,2,0
clone-2-0021-minimum,clone,minimum,2,0.7168277003761218,4,67.16062500108146,"S001,S002,S003,S005,S006,S007,S008,S009,S011,S012,S013,S015 / S004,S010,S014",4,4,3,6,6,4,4,4,0,2,1,0,2,0,2,0
clone-2-0022-minimum,clone,minimum,2,0.7142028398677338,5,67.58743663533545,"S001,S002,S003,S005,S006,S007,S008,S009,S011,S013,S014,S015 / S004,S010,S012",4,3,3,6,5,4,4,5,0,1,1,0,1,0,2,0
clone-2-0023-minimum,clone,minimum,2,0.6217400898027787,4,67.16062500108146,"S001,S002,S003,S005,S006,S007,S008,S009,S011,S013,S015 / S004,S010,S012,S014",4,4,3,6,6,4,4,4,0,2,1,0,2,0,2,0
clone-2-0024-minimum,clone,minimum,2,0.6951414340850394,5,68.36776585048835,"S001,S002,S003,S005,S006,S007,S009,S010,S011,S012,S013,S014,S015 / S004,S008",4,4,3,6,6,4,4,5,0,2,1,0,2,0,2,0
clone-2-0025-minimum,clone,minimum,2,0.6026786840200842,6,68.79457748474235,"S001,S002,S003,S005,S006,S007,S009,S010,S011,S012,S013,S015 / S004,S008,S014",4,4,3,6,5,4,4,6,0,2,1,0,1,0,2,0
clone-2-0026-minimum,clone,minimum,2,0.6000538235116963,5,68.36776585048835,"S001,S002,S003,S005,S006,S007,S009,S010,S011,S013,S014,S015 / S004,S008,S012",4,4,3,6,6,4,4,5,0,2,1,0,2,0,2,0
clone-2-0027-minimum,clone,minimum,2,0.5075910734467411,6,68.79457748474233,"S001,S002,S003,S005,S006,S007,S009,S010,S011,S013,S015 / S004,S008,S012,S014",4,3,3,6,5,4,4,6,0,1,1,0,1,0,2,0
clone-2-0028-minimum,clone,minimum,2,0.6182236104815602,6,68.79457748474233,"S001,S002,S003,S005,S006,S007,S009,S011,S012,S013,S014,S015 / S004,S008,S010",4,4,3,6,5,4,4,6,0,2,1,0,1,0,2,0
clone-2-0029-minimum,clone,minimum,2,0.5257608604166051,5,68.36776585048835,"S001,S002,S003,S005,S006,S007,S009,S011,S012,S013,S015 / S004,S008,S010,S014",4,4,3,6,4,4,4,5,0,2,1,0,0,0,2,0
clone-2-0030-minimum,clone,minimum,2,0.5231359999082171,6,68.79457748474233,"S001,S002,S003,S005,S006,S007,S009,S011,S013,S014,S015 / S004,S008,S010,S012",4,4,3,6,5,4,4,6,0,2,1,0,1,0,2,0
clone-2-0031-minimum,clone,minimum,2,0.430673249843262,5,68.36776585048835,"S001,S002,S003,S005,S006,S007,S009,S011,S013,S015 / S004,S008,S010,S012,S014",4,3,3,6,4,4,4,5,0,1,1,0,0,0,2,0
clone-2-0032-minimum,clone,minimum,2,0.12994278507298565,4,67.65241413197538,"S001,S002,S004,S008,S009,S010,S012,S013,S014 / S003,S005,S006,S007,S011,S015",5,3,4,6,4,6,3,4,1,1,2,0,0,2,1,0
clone-2-0033-minimum,clone,minimum,2,0.0374800350080305,5,68.07922576622936,"S001,S002,S004,S008,S009,S010,S012,S013 / S003,S005,S006,S007,S011,S014,S015",5,4,4,6,5,6,3,5,1,2,2,0,1,2,1,0
clone-2-0034-minimum,clone,minimum,2,0.03485517449964261,5,68.36776585048835,"S001,S002,S004,S008,S009,S010,S013,S014 / S003,S005,S006,S007,S011,S012,S015",5,4,4,6,4,6,4,5,1,2,2,0,0,2,2,0
clone-2-0035-minimum,clone,minimum,2,0.05760757556531254,6,68.79457748474235,"S001,S002,S004,S008,S009,S010,S013 / S003,S005,S006,S007,S011,S012,S014,S015",5,4,4,6,5,6,4,6,1,2,2,0,1,2,2,0
clone-2-0036-minimum,clone,minimum,2,0.05302496146950649,5,68.07922576622936,"S001,S002,S004,S008,S009,S012,S013,S014 / S003,S005,S006,S007,S010,S011,S015",5,3,4,6,5,6,3,5,1,1,2,0,1,2,1,0
clone-2-0037-minimum,clone,minimum,2,0.03943778859544866,4,67.65241413197538,"S001,S002,S004,S008,S009,S012,S013 / S003,S005,S006,S007,S010,S011,S014,S015",5,4,4,6,6,6,3,4,1,2,2,0,2,2,1,0
clone-2-0038-minimum,clone,minimum,2,0.04206264910383655,6,68.79457748474233,"S001,S002,S004,S008,S009,S013,S014 / S003,S005,S006,S007,S010,S011,S012,S015",5,4,4,6,5,6,4,6,1,2,2,0,1,2,2,0
clone-2-0039-minimum,clone,minimum,2,0.1345253991687917,5,68.36776585048835,"S001,S002,S004,S008,S009,S013 / S003,S005,S006,S007,S010,S011,S012,S014,S015",5,4,4,6,6,6,4,5,1,2,2,0,2,2,2,0
clone-2-0040-minimum,clone,minimum,2,0.061124054886531,4,67.65241413197538,"S001,S002,S004,S009,S010,S012,S013,S014 / S003,S005,S006,S007,S008,S011,S015",5,4,4,6,6,6,3,4,1,2,2,0,2,2,1,0
clone-2-0041-minimum,clone,minimum,2,0.15358680495148613,5,68.07922576622934,"S001,S002,S004,S009,S010,S012,S013 / S003,S005,S006,S007,S008,S011,S014,S015",5,3,4,6,5,6,3,5,1,1,2,0,1,2,1,0
clone-2-0042-minimum,clone,minimum,2,0.15621166545987406,5,68.36776585048835,"S001,S002,S004,S009,S010,S013,S014 / S003,S005,S006,S007,S008,S011,S012,S015",5,4,4,6,6,6,4,5,1,2,2,0,2,2,2,0
clone-2-0043-minimum,clone,minimum,2,0.2486744155248292,6,68.79457748474233,"S001,S002,S004,S009,S010,S013 / S003,S005,S006,S007,S008,S011,S012,S014,S015",5,3,4,6,5,6,4,6,1,1,2,0,1,2,2,0
clone-2-0044-minimum,clone,minimum,2,0.13804187849001015,5,68.07922576622936,"S001,S002,S004,S009,S012,S013,S014 / S003,S005,S006,S007,S008,S010,S011,S015",5,3,4,6,5,6,3,5,1,1,2,0,1,2,1,0
clone-2-0045-minimum,clone,minimum,2,0.2305046285549653,4,67.65241413197538,"S001,S002,S004,S009,S012,S013 / S003,S005,S006,S007,S008,S010,S011,S014,S015",5,3,4,6,4,6,3,4,1,1,2,0,0,2,1,0
clone-2-0046-minimum,clone,minimum,2,0.2331294890633532,6,68.79457748474233,"S001,S002,S004,S009,S013,S014 / S003,S005,S006,S007,S008,S010,S011,S012,S015",5,3,4,6,5,6,4,6,1,1,2,0,1,2,2,0
clone-2-0047-minimum,clone,minimum,2,0.32559223912830837,5,68.36776585048835,"S001,S002,S004,S009,S013 / S003,S005,S006,S007,S008,S010,S011,S012,S014,S015",5,2,4,6,4,6,4,5,1,0,2,0,0,2,2,0
clone-2-0048-minimum,clone,minimum,2,0.01615105911754167,5,68.36776585048835,"S001,S002,S008,S009,S010,S012,S013,S014 / S003,S004,S005,S006,S007,S011,S015",5,3,4,6,4,6,4,5,1,1,2,0,0,2,2,0
clone-2-0049-minimum,clone,minimum,2,0.07631169094741348,6,68.79457748474233,"S001,S002,S008,S009,S010,S012,S013 / S003,S004,S005,S006,S007,S011,S014,S015",5,4,4,6,5,6,4,6,1,2,2,0,1,2,2,0
clone-2-0050-minimum,clone,minimum,2,0.07893655145580138,5,68.36776585048835,"S001,S002,S008,S009,S010,S013,S014 / S003,S004,S005,S006,S007,S011,S012,S015",5,4,4,6,4,6,4,5,1,2,2,0,0,2,2,0
clone-2-0051-minimum,clone,minimum,2,0.17139930152075653,6,68.79457748474233,"S001,S002,S008,S009,S010,S013 / S003,S004,S005,S006,S007,S011,S012,S014,S015",5,4,4,6,5,6,4,6,1,2,2,0,1,2,2,0
clone-2-0052-minimum,clone,minimum,2,0.0607667644859375,6,68.79457748474233,"S001,S002,S008,S009,S012,S013,S014 / S003,S004,S005,S006,S007,S010,S011,S015",5,3,4,6,5,6,4,6,1,1,2,0,1,2,2,0
clone-2-0053-minimum,clone,minimum,2,0.15322951455089265,5,68.36776585048835,"S001,S002,S008,S009,S012,S013 / S003,S004,S005,S006,S007,S010,S011,S014,S015",5,4,4,6,6,6,4,5,1,2,2,0,2,2,2,0
clone-2-0054-minimum,clone,minimum,2,0.15585437505928054,6,68.79457748474233,"S001,S002,S008,S009,S013,S014 / S003,S004,S005,S006,S007,S010,S011,S012,S015",5,4,4,6,5,6,4,6,1,2,2,0,1,2,2,0
clone-2-0055-minimum,clone,minimum,2,0.24831712512423568,5,68.36776585048835,"S001,S002,S008,S009,S013 / S003,S004,S005,S006,S007,S010,S011,S012,S014,S015",5,4,4,6,6,6,4,5,1,2,2,0,2,2,2,0
clone-2-0056-minimum,clone,minimum,2,0.17491578084197498,5,68.36776585048835,"S001,S002,S009,S010,S012,S013,S014 / S003,S004,S005,S006,S007,S008,S011,S015",5,4,4,6,6,6,4,5,1,2,2,0,2,2,2,0
clone-2-0057-minimum,clone,minimum,2,0.26737853090693015,6,68.79457748474233,"S001,S002,S009,S010,S012,S013 / S003,S004,S005,S006,S007,S008,S011,S014,S015",5,3,4,6,5,6,4,6,1,1,2,0,1,2,2,0
clone-2-0058-minimum,clone,minimum,2,0.27000339141531804,5,68.36776585048835,"S001,S002,S009,S010,S013,S014 / S003,S004,S005,S006,S007,S008,S011,S012,S015",5,4,4,6,6,6,4,5,1,2,2,0,2,2,2,0
clone-2-0059-minimum,clone,minimum,2,0.3624661414802732,6,68.79457748474233,"S001,S002,S009,S010,S013 / S003,S004,S005,S006,S007,S008,S011,S012,S014,S015",5,3,4,6,5,6,4,6,1,1,2,0,1,2,2,0
clone-2-0060-minimum,clone,minimum,2,0.2518336044454541,6,68.79457748474233,"S001,S002,S009,S012,S013,S014 / S003,S004,S005,S006,S007,S008,S010,S011,S015",5,3,4,6,5,6,4,6,1,1,2,0,1,2,2,0
clone-2-0061-minimum,clone,minimum,2,0.3442963545104093,5,68.36776585048835,"S001,S002,S009,S012,S013 / S003,S004,S005,S006,S007,S008,S010,S011,S014,S015",5,3,4,6,4,6,4,5,1,1,2,0,0,2,2,0
clone-2-0062-minimum,clone,minimum,2,0.3469212150187972,6,68.79457748474233,"S001,S002,S009,S013,S014 / S003,S004,S005,S006,S007,S008,S010,S011,S012,S015",5,3,4,6,5,6,4,6,1,1,2,0,1,2,2,0
clone-2-0063-minimum,clone,minimum,2,0.4393839650837523,5,68.36776585048835,"S001,S002,S009,S013 / S003,S004,S005,S006,S007,S008,S010,S011,S012,S014,S015",5,2,4,6,4,6,4,5,1,0,2,0,0,2,2,0
clone-2-0064-minimum,clone,minimum,2,0.596955312144224,5,68.36776585048835,"S001,S003,S004,S005,S006,S007,S008,S010,S011,S012,S014,S015 / S002,S009,S013",5,2,3,6,4,4,4,5,1,0,1,0,0,0,2,0
clone-2-0065-minimum,clone,minimum,2,0.504492562079269,6,68.79457748474233,"S001,S003,S004,S005,S006,S007,S008,S010,S011,S012,S015 / S002,S009,S013,S014",5,3,3,6,5,4,4,6,1,1,1,0,1,0,2,0
clone-2-0066-minimum,clone,minimum,2,0.501867701570881,5,68.36776585048835,"S001,S003,S004,S005,S006,S007,S008,S010,S011,S014,S015 / S002,S009,S012,S013",5,3,3,6,4,4,4,5,1,1,1,0,0,0,2,0
clone-2-0067-minimum,clone,minimum,2,0.4094049515059259,6,68.79457748474233,"S001,S003,S004,S005,S006,S007,S008,S010,S011,S015 / S002,S009,S012,S013,S014",5,3,3,6,5,4,4,6,1,1,1,0,1,0,2,0
clone-2-0068-minimum,clone,minimum,2,0.5200374885407449,6,68.79457748474233,"S001,S003,S004,S005,S006,S007,S008,S011,S012,S014,S015 / S002,S009,S010,S013",5,3,3,6,5,4,4,6,1,1,1,0,1,0,2,0
clone-2-0069-minimum,clone,minimum,2,0.42757473847578975,5,68.36776585048835,"S001,S003,S004,S005,S006,S007,S008,S011,S012,S015 / S002,S009,S010,S013,S014",5,4,3,6,6,4,4,5,1,2,1,0,2,0,2,0
clone-2-0070-minimum,clone,minimum,2,0.42494987796740186,6,68.79457748474233,"S001,S003,S004,S005,S006,S007,S008,S011,S014,S015 / S002,S009,S010,S012,S013",5,3,3,6,5,4,4,6,1,1,1,0,1,0,2,0
clone-2-0071-minimum,clone,minimum,2,0.3324871279024467,5,68.36776585048835,"S001,S003,S004,S005,S006,S007,S008,S011,S015 / S002,S009,S010,S012,S013,S014",5,4,3,6,6,4,4,5,1,2,1,0,2,0,2,0
clone-2-0072-minimum,clone,minimum,2,0.4058884721847074,5,68.36776585048835,"S001,S003,S004,S005,S006,S007,S010,S011,S012,S014,S015 / S002,S008,S009,S013",5,4,3,6,6,4,4,5,1,2,1,0,2,0,2,0
clone-2-0073-minimum,clone,minimum,2,0.3134257221197523,6,68.79457748474233,"S001,S003,S004,S005,S006,S007,S010,S011,S012,S015 / S002,S008,S009,S013,S014",5,4,3,6,5,4,4,6,1,2,1,0,1,0,2,0
clone-2-0074-minimum,clone,minimum,2,0.3108008616113644,5,68.36776585048835,"S001,S003,S004,S005,S006,S007,S010,S011,S014,S015 / S002,S008,S009,S012,S013",5,4,3,6,6,4,4,5,1,2,1,0,2,0,2,0
clone-2-0075-minimum,clone,minimum,2,0.21833811154640922,6,68.79457748474233,"S001,S003,S004,S005,S006,S007,S010,S011,S015 / S002,S008,S009,S012,S013,S014",5,3,3,6,5,4,4,6,1,1,1,0,1,0,2,0
clone-2-0076-minimum,clone,minimum,2,0.32897064858122826,6,68.79457748474233,"S001,S003,S004,S005,S006,S007,S011,S012,S014,S015 / S002,S008,S009,S010,S013",5,4,3,6,5,4,4,6,1,2,1,0,1,0,2,0
clone-2-0077-minimum,clone,minimum,2,0.2365078985162731,5,68.36776585048835,"S001,S003,S004,S005,S006,S007,S011,S012,S015 / S002,S008,S009,S010,S013,S014",5,4,3,6,4,4,4,5,1,2,1,0,0,0,2,0
clone-2-0078-minimum,clone,minimum,2,0.2338830380078852,6,68.79457748474233,"S001,S003,S004,S005,S006,S007,S011,S014,S015 / S002,S008,S009,S010,S012,S013",5,4,3,6,5,4,4,6,1,2,1,0,1,0,2,0
clone-2-0079-minimum,clone,minimum,2,0.14142028794293007,5,68.36776585048835,"S001,S003,S004,S005,S006,S007,S011,S015 / S002,S008,S009,S010,S012,S013,S014",5,3,3,6,4,4,4,5,1,1,1,0,0,0,2,0
clone-2-0080-minimum,clone,minimum,2,0.4831635861887801,5,68.36776585048835,"S001,S003,S005,S006,S007,S008,S010,S011,S012,S014,S015 / S002,S004,S009,S013",5,2,4,6,4,4,4,5,1,0,2,0,0,0,2,0
clone-2-0081-minimum,clone,minimum,2,0.39070083612382495,6,68.79457748474233,"S001,S003,S005,S006,S007,S008,S010,S011,S012,S015 / S002,S004,S009,S013,S014",5,3,4,6,5,4,4,6,1,1,2,0,1,0,2,0
clone-2-0082-minimum,clone,minimum,2,0.38807597561543705,4,67.65241413197538,"S001,S003,S005,S006,S007,S008,S010,S011,S014,S015 / S002,S004,S009,S012,S013",5,3,4,6,4,4,3,4,1,1,2,0,0,0,1,0
clone-2-0083-minimum,clone,minimum,2,0.29561322555048186,5,68.07922576622936,"S001,S003,S005,S006,S007,S008,S010,S011,S015 / S002,S004,S009,S012,S013,S014",5,3,4,6,5,4,3,5,1,1,2,0,1,0,1,0
clone-2-0084-minimum,clone,minimum,2,0.40624576258530093,6,68.79457748474233,"S001,S003,S005,S006,S007,S008,S011,S012,S014,S015 / S002,S004,S009,S010,S013",5,3,4,6,5,4,4,6,1,1,2,0,1,0,2,0
clone-2-0085-minimum,clone,minimum,2,0.3137830125203458,5,68.36776585048835,"S001,S003,S005,S006,S007,S008,S011,S012,S015 / S002,S004,S009,S010,S013,S014",5,4,4,6,6,4,4,5,1,2,2,0,2,0,2,0
clone-2-0086-minimum,clone,minimum,2,0.31115815201195784,5,68.07922576622934,"S001,S003,S005,S006,S007,S008,S011,S014,S015 / S002,S004,S009,S010,S012,S013",5,3,4,6,5,4,3,5,1,1,2,0,1,0,1,0
clone-2-0087-minimum,clone,minimum,2,0.21869540194700274,4,67.65241413197538,"S001,S003,S005,S006,S007,S008,S011,S015 / S002,S004,S009,S010,S012,S013,S014",5,4,4,6,6,4,3,4,1,2,2,0,2,0,1,0
clone-2-0088-minimum,clone,minimum,2,0.29209674622926346,5,68.36776585048835,"S001,S003,S005,S006,S007,S010,S011,S012,S014,S015 / S002,S004,S008,S009,S013",5,4,4,6,6,4,4,5,1,2,2,0,2,0,2,0
clone-2-0089-minimum,clone,minimum,2,0.1996339961643083,6,68.79457748474233,"S001,S003,S005,S006,S007,S010,S011,S012,S015 / S002,S004,S008,S009,S013,S014",5,4,4,6,5,4,4,6,1,2,2,0,1,0,2,0
clone-2-0090-minimum,clone,minimum,2,0.1970091356559204,4,67.65241413197538,"S001,S003,S005,S006,S007,S010,S011,S014,S015 / S002,S004,S008,S009,S012,S013",5,4,4,6,6,4,3,4,1,2,2,0,2,0,1,0
clone-2-0091-minimum,clone,minimum,2,0.10454638559096525,5,68.07922576622936,"S001,S003,S005,S006,S007,S010,S011,S015 / S002,S004,S008,S009,S012,S013,S014",5,3,4,6,5,4,3,5,1,1,2,0,1,0,1,0
clone-2-0092-minimum,clone,minimum,2,0.21517892262578428,6,68.79457748474233,"S001,S003,S005,S006,S007,S011,S012,S014,S015 / S002,S004,S008,S009,S010,S013",5,4,4,6,5,4,4,6,1,2,2,0,1,0,2,0
clone-2-0093-minimum,clone,minimum,2,0.12271617256082912,5,68.36776585048835,"S001,S003,S005,S006,S007,S011,S012,S015 / S002,S004,S008,S009,S010,S013,S014",5,4,4,6,4,4,4,5,1,2,2,0,0,0,2,0
clone-2-0094-minimum,clone,minimum,2,0.12009131205244122,5,68.07922576622934,"S001,S003,S005,S006,S007,S011,S014,S015 / S002,S004,S008,S009,S010,S012,S013",5,4,4,6,5,4,3,5,1,2,2,0,1,0,1,0
clone-2-0095-minimum,clone,minimum,2,0.027628561987486082,4,67.65241413197538,"S001,S003,S005,S006,S007,S011,S015 / S002,S004,S008,S009,S010,S012,S013,S014",5,3,4,6,4,4,3,4,1,1,2,0,0,0,1,0
clone-2-0096-minimum,clone,minimum,2,0.2731019027827903,5,68.36776585048835,"S001,S004,S008,S010,S012,S014 / S002,S003,S005,S006,S007,S009,S011,S013,S015",4,3,4,6,4,6,4,5,0,1,2,0,0,2,2,0
clone-2-0097-minimum,clone,minimum,2,0.3655646528477454,6,68.79457748474233,"S001,S004,S008,S010,S012 / S002,S003,S005,S006,S007,S009,S011,S013,S014,S015",4,4,4,6,5,6,4,6,0,2,2,0,1,2,2,0
clone-2-0098-minimum,clone,minimum,2,0.3681895133561333,5,68.36776585048835,"S001,S004,S008,S010,S014 / S002,S003,S005,S006,S007,S009,S011,S012,S013,S015",4,4,4,6,4,6,4,5,0,2,2,0,0,2,2,0
clone-2-0099-minimum,clone,minimum,2,0.46065226342108845,6,68.79457748474233,"S001,S004,S008,S010 / S002,S003,S005,S006,S007,S009,S011,S012,S013,S014,S015",4,4,4,6,5,6,4,6,0,2,2,0,1,2,2,0
clone-2-0100-minimum,clone,minimum,2,0.35001972638626944,6,68.79457748474233,"S001,S004,S008,S012,S014 / S002,S003,S005,S006,S007,S009,S010,S011,S013,S015",4,3,4,6,5,6,4,6,0,1,2,0,1,2,2,0
clone-2-0101-minimum,clone,minimum,2,0.44248247645122457,5,68.36776585048835,"S001,S004,S008,S012 / S002,S003,S005,S006,S007,S009,S010,S011,S013,S014,S015",4,4,4,6,6,6,4,5,0,2,2,0,2,2,2,0
clone-2-0102-minimum,clone,minimum,2,0.44510733695961247,6,68.79457748474233,"S001,S004,S008,S014 / S002,S003,S005,S006,S007,S009,S010,S011,S012,S013,S015",4,4,4,6,5,6,4,6,0,2,2,0,1,2,2,0
clone-2-0103-minimum,clone,minimum,2,0.5375700870245677,5,68.36776585048835,"S001,S004,S008 / S002,S003,S005,S006,S007,S009,S010,S011,S012,S013,S014,S015",4,4,4,6,6,6,4,5,0,2,2,0,2,2,2,0
clone-2-0104-minimum,clone,minimum,2,0.46416874274230696,4,67.16062500108146,"S001,S004,S010,S012,S014 / S002,S003,S005,S006,S007,S008,S009,S011,S013,S015",4,4,4,6,6,6,4,4,0,2,2,0,2,2,2,0
clone-2-0105-minimum,clone,minimum,2,0.5566314928072621,5,67.58743663533545,"S001,S004,S010,S012 / S002,S003,S005,S006,S007,S008,S009,S011,S013,S014,S015",4,3,4,6,5,6,4,5,0,1,2,0,1,2,2,0
clone-2-0106-minimum,clone,minimum,2,0.5592563533156499,4,67.16062500108146,"S001,S004,S010,S014 / S002,S003,S005,S006,S007,S008,S009,S011,S012,S013,S015",4,4,4,6,6,6,4,4,0,2,2,0,2,2,2,0
clone-2-0107-minimum,clone,minimum,2,0.6517191033806051,5,67.58743663533544,"S001,S004,S010 / S002,S003,S005,S006,S007,S008,S009,S011,S012,S013,S014,S015",4,3,4,6,5,6,4,5,0,1,2,0,1,2,2,0
clone-2-0108-minimum,clone,minimum,2,0.5410865663457861,5,67.58743663533545,"S001,S004,S012,S014 / S002,S003,S005,S006,S007,S008,S009,S010,S011,S013,S015",4,3,4,6,5,6,4,5,0,1,2,0,1,2,2,0
clone-2-0109-minimum,clone,minimum,2,0.6335493164107413,4,67.16062500108146,"S001,S004,S012 / S002,S003,S005,S006,S007,S008,S009,S010,S011,S013,S014,S015",4,3,4,6,4,6,3,4,0,1,2,0,0,2,1,0
clone-2-0110-minimum,clone,minimum,2,0.6361741769191291,5,67.58743663533544,"S001,S004,S014 / S002,S003,S005,S006,S007,S008,S009,S010,S011,S012,S013,S015",4,3,4,6,5,6,4,5,0,1,2,0,1,2,2,0
clone-2-0111-minimum,clone,minimum,2,0.7286369269840843,4,67.16062500108146,"S001,S004 / S002,S003,S005,S006,S007,S008,S009,S010,S011,S012,S013,S014,S015",4,2,4,6,4,6,3,4,0,0,2,0,0,2,1,0
clone-2-0112-minimum,clone,minimum,2,0.38689362873823424,5,68.36776585048835,"S001,S008,S010,S012,S014 / S002,S003,S004,S005,S006,S007,S009,S011,S013,S015",4,3,4,6,4,6,4,5,0,1,2,0,0,2,2,0
clone-2-0113-minimum,clone,minimum,2,0.47935637880318943,6,68.79457748474233,"S001,S008,S010,S012 / S002,S003,S004,S005,S006,S007,S009,S011,S013,S014,S015",4,4,4,6,5,6,4,6,0,2,2,0,1,2,2,0
clone-2-0114-minimum,clone,minimum,2,0.4819812393115773,4,67.65241413197538,"S001,S008,S010,S014 / S002,S003,S004,S005,S006,S007,S009,S011,S012,S013,S015",4,4,4,6,4,6,3,4,0,2,2,0,0,2,1,0
clone-2-0115-minimum,clone,minimum,2,0.5744439893765325,5,68.07922576622936,"S001,S008,S010 / S002,S003,S004,S005,S006,S007,S009,S011,S012,S013,S014,S015",4,4,4,6,5,6,3,5,0,2,2,0,1,2,1,0
clone-2-0116-minimum,clone,minimum,2,0.46381145234171345,6,68.79457748474233,"S001,S008,S012,S014 / S002,S003,S004,S005,S006,S007,S009,S010,S011,S013,S015",4,3,4,6,5,6,4,6,0,1,2,0,1,2,2,0
clone-2-0117-minimum,clone,minimum,2,0.5562742024066686,5,68.36776585048835,"S001,S008,S012 / S002,S003,S004,S005,S006,S007,S009,S010,S011,S013,S014,S015",4,4,4,6,6,6,4,5,0,2,2,0,2,2,2,0
clone-2-0118-minimum,clone,minimum,2,0.5588990629150564,5,68.07922576622936,"S001,S008,S014 / S002,S003,S004,S005,S006,S007,S009,S010,S011,S012,S013,S015",4,4,4,6,5,6,3,5,0,2,2,0,1,2,1,0
clone-2-0119-minimum,clone,minimum,2,0.6513618129800116,4,67.65241413197538,"S001,S008 / S002,S003,S004,S005,S006,S007,S009,S010,S011,S012,S013,S014,S015",4,4,4,6,6,6,3,4,0,2,2,0,2,2,1,0
clone-2-0120-minimum,clone,minimum,2,0.577960468697751,4,67.16062500108146,"S001,S010,S012,S014 / S002,S003,S004,S005,S006,S007,S008,S009,S011,S013,S015",4,4,4,6,6,6,4,4,0,2,2,0,2,2,2,0
clone-2-0121-minimum,clone,minimum,2,0.670423218762706,5,67.58743663533544,"S001,S010,S012 / S002,S003,S004,S005,S006,S007,S008,S009,S011,S013,S014,S015",4,3,4,6,5,6,4,5,0,1,2,0,1,2,2,0
clone-2-0122-minimum,clone,minimum,2,0.673048079271094,3,66.44527328256848,"S001,S010,S014 / S002,S003,S004,S005,S006,S007,S008,S009,S011,S012,S013,S015",4,4,4,6,6,6,3,3,0,2,2,0,2,2,1,0
clone-2-0123-minimum,clone,minimum,2,0.7655108293360491,4,66.87208491682246,"S001,S010 / S002,S003,S004,S005,S006,S007,S008,S009,S011,S012,S013,S014,S015",4,3,4,6,5,6,3,4,0,1,2,0,1,2,1,0
clone-2-0124-minimum,clone,minimum,2,0.6548782923012301,5,67.58743663533544,"S001,S012,S014 / S002,S003,S004,S005,S006,S007,S008,S009,S010,S011,S013,S015",4,3,4,6,5,6,4,5,0,1,2,0,1,2,2,0
clone-2-0125-minimum,clone,minimum,2,0.7473410423661851,4,67.16062500108146,"S001,S012 / S002,S003,S004,S005,S006,S007,S008,S009,S010,S011,S013,S014,S015",4,3,4,6,4,6,3,4,0,1,2,0,0,2,1,0
clone-2-0126-minimum,clone,minimum,2,0.7499659028745731,4,66.87208491682246,"S001,S014 / S002,S003,S004,S005,S006,S007,S008,S009,S010,S011,S012,S013,S015",4,3,4,6,5,6,3,4,0,1,2,0,1,2,1,0
clone-2-0127-minimum,clone,minimum,2,0.8424286529395283,3,66.44527328256848,"S001 / S002,S003,S004,S005,S006,S007,S008,S009,S010,S011,S012,S013,S014,S015",4,2,4,6,4,6,2,3,0,0,2,0,0,2,0,0
clone-2-0001-preserve_ids,clone,preserve_ids,2,0.9075372499350448,4,66.87208491682246,"S001,S002,S003,S004,S005,S006,S007,S008,S009,S010,S011,S012,S013,S015 / S014",4,3,2,6,5,4,3,4,0,1,0,0,1,0,1,0
clone-2-0002-preserve_ids,clone,preserve_ids,2,0.904912389426657,4,67.16062500108146,"S001,S002,S003,S004,S005,S006,S007,S008,S009,S010,S011,S013,S014,S015 / S012",4,3,2,6,4,4,3,4,0,1,0,0,0,0,1,0
clone-2-0003-preserve_ids,clone,preserve_ids,2,0.8124496393617018,5,67.58743663533545,"S001,S002,S003,S004,S005,S006,S007,S008,S009,S010,S011,S013,S015 / S012,S014",4,3,2,6,5,4,4,5,0,1,0,0,1,0,2,0
clone-2-0004-preserve_ids,clone,preserve_ids,2,0.9230821763965209,4,66.87208491682246,"S001,S002,S003,S004,S005,S006,S007,S008,S009,S011,S012,S013,S014,S015 / S010",4,3,2,6,5,4,3,4,0,1,0,0,1,0,1,0
clone-2-0005-preserve_ids,clone,preserve_ids,2,0.8306194263315657,3,66.44527328256848,"S001,S002,S003,S004,S005,S006,S007,S008,S009,S011,S012,S013,S015 / S010,S014",4,4,2,6,6,4,3,3,0,2,0,0,2,0,1,0
clone-2-0006-preserve_ids,clone,preserve_ids,2,0.8279945658231778,5,67.58743663533544,"S001,S002,S003,S004,S005,S006,S007,S008,S009,S011,S013,S014,S015 / S010,S012",4,4,2,6,5,4,4,5,0,2,0,0,1,0,2,0
clone-2-0007-preserve_ids,clone,preserve_ids,2,0.7355318157582227,4,67.16062500108146,"S001,S002,S003,S004,S005,S006,S007,S008,S009,S011,S013,S015 / S010,S012,S014",4,4,2,6,6,4,4,4,0,2,0,0,2,0,2,0
clone-2-0008-preserve_ids,clone,preserve_ids,2,0.8089331600404833,4,67.65241413197538,"S001,S002,S003,S004,S005,S006,S007,S009,S010,S011,S012,S013,S014,S015 / S008",4,4,2,6,6,4,3,4,0,2,0,0,2,0,1,0
clone-2-0009-preserve_ids,clone,preserve_ids,2,0.7164704099755281,5,68.07922576622936,"S001,S002,S003,S004,S005,S006,S007,S009,S010,S011,S012,S013,S015 / S008,S014",4,4,2,6,5,4,3,5,0,2,0,0,1,0,1,0
clone-2-0010-preserve_ids,clone,preserve_ids,2,0.7138455494671403,5,68.36776585048835,"S001,S002,S003,S004,S005,S006,S007,S009,S010,S011,S013,S014,S015 / S008,S012",4,4,2,6,6,4,4,5,0,2,0,0,2,0,2,0
clone-2-0011-preserve_ids,clone,preserve_ids,2,0.6213827994021852,6,68.79457748474235,"S001,S002,S003,S004,S005,S006,S007,S009,S010,S011,S013,S015 / S008,S012,S014",4,3,2,6,5,4,4,6,0,1,0,0,1,0,2,0
clone-2-0012-preserve_ids,clone,preserve_ids,2,0.7320153364370042,5,68.07922576622936,"S001,S002,S003,S004,S005,S006,S007,S009,S011,S012,S013,S014,S015 / S008,S010",4,4,2,6,5,4,3,5,0,2,0,0,1,0,1,0
clone-2-0013-preserve_ids,clone,preserve_ids,2,0.639552586372049,4,67.65241413197538,"S001,S002,S003,S004,S005,S006,S007,S009,S011,S012,S013,S015 / S008,S010,S014",4,4,2,6,4,4,3,4,0,2,0,0,0,0,1,0
clone-2-0014-preserve_ids,clone,preserve_ids,2,0.6369277258636611,6,68.79457748474233,"S001,S002,S003,S004,S005,S006,S007,S009,S011,S013,S014,S015 / S008,S010,S012",4,4,2,6,5,4,4,6,0,2,0,0,1,0,2,0
clone-2-0015-preserve_ids,clone,preserve_ids,2,0.544464975798706,5,68.36776585048835,"S001,S002,S003,S004,S005,S006,S007,S009,S011,S013,S015 / S008,S010,S012,S014",4,3,2,6,4,4,4,5,0,1,0,0,0,0,2,0
clone-2-0016-preserve_ids,clone,preserve_ids,2,0.886208274044556,4,67.16062500108146,"S001,S002,S003,S005,S006,S007,S008,S009,S010,S011,S012,S013,S014,S015 / S004",4,2,3,6,4,4,3,4,0,0,1,0,0,0,1,0
clone-2-0017-preserve_ids,clone,preserve_ids,2,0.7937455239796009,5,67.58743663533545,"S001,S002,S003,S005,S006,S007,S008,S009,S010,S011,S012,S013,S015 / S004,S014",4,3,3,6,5,4,4,5,0,1,1,0,1,0,2,0
clone-2-0018-preserve_ids,clone,preserve_ids,2,0.791120663471213,4,67.16062500108146,"S001,S002,S003,S005,S006,S007,S008,S009,S010,S011,S013,S014,S015 / S004,S012",4,3,3,6,4,4,3,4,0,1,1,0,0,0,1,0
clone-2-0019-preserve_ids,clone,preserve_ids,2,0.6986579134062578,5,67.58743663533544,"S001,S002,S003,S005,S006,S007,S008,S009,S010,S011,S013,S015 / S004,S012,S014",4,3,3,6,5,4,4,5,0,1,1,0,1,0,2,0
clone-2-0020-preserve_ids,clone,preserve_ids,2,0.8092904504410768,5,67.58743663533544,"S001,S002,S003,S005,S006,S007,S008,S009,S011,S012,S013,S014,S015 / S004,S010",4,3,3,6,5,4,4,5,0,1,1,0,1,0,2,0
clone-2-0021-preserve_ids,clone,preserve_ids,2,0.7168277003761218,4,67.16062500108146,"S001,S002,S003,S005,S006,S007,S008,S009,S011,S012,S013,S015 / S004,S010,S014",4,4,3,6,6,4,4,4,0,2,1,0,2,0,2,0
clone-2-0022-preserve_ids,clone,preserve_ids,2,0.7142028398677338,5,67.58743663533545,"S001,S002,S003,S005,S006,S007,S008,S009,S011,S013,S014,S015 / S004,S010,S012",4,4,3,6,5,4,4,5,0,2,1,0,1,0,2,0
clone-2-0023-preserve_ids,clone,preserve_ids,2,0.6217400898027787,4,67.16062500108146,"S001,S002,S003,S005,S006,S007,S008,S009,S011,S013,S015 / S004,S010,S012,S014",4,4,3,6,6,4,4,4,0,2,1,0,2,0,2,0
clone-2-0024-preserve_ids,clone,preserve_ids,2,0.6951414340850394,5,68.36776585048835,"S001,S002,S003,S005,S006,S007,S009,S010,S011,S012,S013,S014,S015 / S004,S008",4,4,3,6,6,4,4,5,0,2,1,0,2,0,2,0
clone-2-0025-preserve_ids,clone,preserve_ids,2,0.6026786840200842,6,68.79457748474235,"S001,S002,S003,S005,S006,S007,S009,S010,S011,S012,S013,S015 / S004,S008,S014",4,4,3,6,5,4,4,6,0,2,1,0,1,0,2,0
clone-2-0026-preserve_ids,clone,preserve_ids,2,0.6000538235116963,5,68.36776585048835,"S001,S002,S003,S005,S006,S007,S009,S010,S011,S013,S014,S015 / S004,S008,S012",4,4,3,6,6,4,4,5,0,2,1,0,2,0,2,0
clone-2-0027-preserve_ids,clone,preserve_ids,2,0.5075910734467411,6,68.79457748474233,"S001,S002,S003,S005,S006,S007,S009,S010,S011,S013,S015 / S004,S008,S012,S014",4,3,3,6,5,4,4,6,0,1,1,0,1,0,2,0
clone-2-0028-preserve_ids,clone,preserve_ids,2,0.6182236104815602,6,68.79457748474233,"S001,S002,S003,S005,S006,S007,S009,S011,S012,S013,S014,S015 / S004,S008,S010",4,4,3,6,5,4,4,6,0,2,1,0,1,0,2,0
clone-2-0029-preserve_ids,clone,preserve_ids,2,0.5257608604166051,5,68.36776585048835,"S001,S002,S003,S005,S006,S007,S009,S011,S012,S013,S015 / S004,S008,S010,S014",4,4,3,6,4,4,4,5,0,2,1,0,0,0,2,0
clone-2-0030-preserve_ids,clone,preserve_ids,2,0.5231359999082171,6,68.79457748474233,"S001,S002,S003,S005,S006,S007,S009,S011,S013,S014,S015 / S004,S008,S010,S012",4,4,3,6,5,4,4,6,0,2,1,0,1,0,2,0
clone-2-0031-preserve_ids,clone,preserve_ids,2,0.430673249843262,5,68.36776585048835,"S001,S002,S003,S005,S006,S007,S009,S011,S013,S015 / S004,S008,S010,S012,S014",4,3,3,6,4,4,4,5,0,1,1,0,0,0,2,0
clone-2-0032-preserve_ids,clone,preserve_ids,2,0.12994278507298565,4,67.65241413197538,"S001,S002,S004,S008,S009,S010,S012,S013,S014 / S003,S005,S006,S007,S011,S015",6,3,4,6,4,6,3,4,2,1,2,0,0,2,1,0
clone-2-0033-preserve_ids,clone,preserve_ids,2,0.0374800350080305,5,68.07922576622936,"S001,S002,S004,S008,S009,S010,S012,S013 / S003,S005,S006,S007,S011,S014,S015",6,4,4,6,5,6,3,5,2,2,2,0,1,2,1,0
clone-2-0034-preserve_ids,clone,preserve_ids,2,0.03485517449964261,5,68.36776585048835,"S001,S002,S004,S008,S009,S010,S013,S014 / S003,S005,S006,S007,S011,S012,S015",6,4,4,6,4,6,4,5,2,2,2,0,0,2,2,0
clone-2-0035-preserve_ids,clone,preserve_ids,2,0.05760757556531254,6,68.79457748474235,"S001,S002,S004,S008,S009,S010,S013 / S003,S005,S006,S007,S011,S012,S014,S015",6,4,4,6,5,6,4,6,2,2,2,0,1,2,2,0
clone-2-0036-preserve_ids,clone,preserve_ids,2,0.05302496146950649,5,68.07922576622936,"S001,S002,S004,S008,S009,S012,S013,S014 / S003,S005,S006,S007,S010,S011,S015",6,3,4,6,5,6,3,5,2,1,2,0,1,2,1,0
clone-2-0037-preserve_ids,clone,preserve_ids,2,0.03943778859544866,4,67.65241413197538,"S001,S002,S004,S008,S009,S012,S013 / S003,S005,S006,S007,S010,S011,S014,S015",6,4,4,6,6,6,3,4,2,2,2,0,2,2,1,0
clone-2-0038-preserve_ids,clone,preserve_ids,2,0.04206264910383655,6,68.79457748474233,"S001,S002,S004,S008,S009,S013,S014 / S003,S005,S006,S007,S010,S011,S012,S015",6,4,4,6,5,6,4,6,2,2,2,0,1,2,2,0
clone-2-0039-preserve_ids,clone,preserve_ids,2,0.1345253991687917,5,68.36776585048835,"S001,S002,S004,S008,S009,S013 / S003,S005,S006,S007,S010,S011,S012,S014,S015",6,4,4,6,6,6,4,5,2,2,2,0,2,2,2,0
clone-2-0040-preserve_ids,clone,preserve_ids,2,0.061124054886531,4,67.65241413197538,"S001,S002,S004,S009,S010,S012,S013,S014 / S003,S005,S006,S007,S008,S011,S015",6,4,4,6,6,6,3,4,2,2,2,0,2,2,1,0
clone-2-0041-preserve_ids,clone,preserve_ids,2,0.15358680495148613,5,68.07922576622934,"S001,S002,S004,S009,S010,S012,S013 / S003,S005,S006,S007,S008,S011,S014,S015",6,4,4,6,5,6,3,5,2,2,2,0,1,2,1,0
clone-2-0042-preserve_ids,clone,preserve_ids,2,0.15621166545987406,5,68.36776585048835,"S001,S002,S004,S009,S010,S013,S014 / S003,S005,S006,S007,S008,S011,S012,S015",6,4,4,6,6,6,4,5,2,2,2,0,2,2,2,0
clone-2-0043-preserve_ids,clone,preserve_ids,2,0.2486744155248292,6,68.79457748474233,"S001,S002,S004,S009,S010,S013 / S003,S005,S006,S007,S008,S011,S012,S014,S015",6,3,4,6,5,6,4,6,2,1,2,0,1,2,2,0
clone-2-0044-preserve_ids,clone,preserve_ids,2,0.13804187849001015,5,68.07922576622936,"S001,S002,S004,S009,S012,S013,S014 / S003,S005,S006,S007,S008,S010,S011,S015",6,3,4,6,5,6,3,5,2,1,2,0,1,2,1,0
clone-2-0045-preserve_ids,clone,preserve_ids,2,0.2305046285549653,4,67.65241413197538,"S001,S002,S004,S009,S012,S013 / S003,S005,S006,S007,S008,S010,S011,S014,S015",6,3,4,6,4,6,3,4,2,1,2,0,0,2,1,0
clone-2-0046-preserve_ids,clone,preserve_ids,2,0.2331294890633532,6,68.79457748474233,"S001,S002,S004,S009,S013,S014 / S003,S005,S006,S007,S008,S010,S011,S012,S015",6,3,4,6,5,6,4,6,2,1,2,0,1,2,2,0
clone-2-0047-preserve_ids,clone,preserve_ids,2,0.32559223912830837,5,68.36776585048835,"S001,S002,S004,S009,S013 / S003,S005,S006,S007,S008,S010,S011,S012,S014,S015",6,2,4,6,4,6,4,5,2,0,2,0,0,2,2,0
clone-2-0048-preserve_ids,clone,preserve_ids,2,0.01615105911754167,5,68.36776585048835,"S001,S002,S008,S009,S010,S012,S013,S014 / S003,S004,S005,S006,S007,S011,S015",6,3,4,6,4,6,4,5,2,1,2,0,0,2,2,0
clone-2-0049-preserve_ids,clone,preserve_ids,2,0.07631169094741348,6,68.79457748474233,"S001,S002,S008,S009,S010,S012,S013 / S003,S004,S005,S006,S007,S011,S014,S015",6,4,4,6,5,6,4,6,2,2,2,0,1,2,2,0
clone-2-0050-preserve_ids,clone,preserve_ids,2,0.07893655145580138,5,68.36776585048835,"S001,S002,S008,S009,S010,S013,S014 / S003,S004,S005,S006,S007,S011,S012,S015",6,4,4,6,4,6,4,5,2,2,2,0,0,2,2,0
clone-2-0051-preserve_ids,clone,preserve_ids,2,0.17139930152075653,6,68.79457748474233,"S001,S002,S008,S009,S010,S013 / S003,S004,S005,S006,S007,S011,S012,S014,S015",6,4,4,6,5,6,4,6,2,2,2,0,1,2,2,0
clone-2-0052-preserve_ids,clone,preserve_ids,2,0.0607667644859375,6,68.79457748474233,"S001,S002,S008,S009,S012,S013,S014 / S003,S004,S005,S006,S007,S010,S011,S015",6,3,4,6,5,6,4,6,2,1,2,0,1,2,2,0
clone-2-0053-preserve_ids,clone,preserve_ids,2,0.15322951455089265,5,68.36776585048835,"S001,S002,S008,S009,S012,S013 / S003,S004,S005,S006,S007,S010,S011,S014,S015",6,4,4,6,6,6,4,5,2,2,2,0,2,2,2,0
clone-2-0054-preserve_ids,clone,preserve_ids,2,0.15585437505928054,6,68.79457748474233,"S001,S002,S008,S009,S013,S014 / S003,S004,S005,S006,S007,S010,S011,S012,S015",6,4,4,6,5,6,4,6,2,2,2,0,1,2,2,0
clone-2-0055-preserve_ids,clone,preserve_ids,2,0.24831712512423568,5,68.36776585048835,"S001,S002,S008,S009,S013 / S003,S004,S005,S006,S007,S010,S011,S012,S014,S015",6,4,4,6,6,6,4,5,2,2,2,0,2,2,2,0
clone-2-0056-preserve_ids,clone,preserve_ids,2,0.17491578084197498,5,68.36776585048835,"S001,S002,S009,S010,S012,S013,S014 / S003,S004,S005,S006,S007,S008,S011,S015",6,4,4,6,6,6,4,5,2,2,2,0,2,2,2,0
clone-2-0057-preserve_ids,clone,preserve_ids,2,0.26737853090693015,6,68.79457748474233,"S001,S002,S009,S010,S012,S013 / S003,S004,S005,S006,S007,S008,S011,S014,S015",6,4,4,6,5,6,4,6,2,2,2,0,1,2,2,0
clone-2-0058-preserve_ids,clone,preserve_ids,2,0.27000339141531804,5,68.36776585048835,"S001,S002,S009,S010,S013,S014 / S003,S004,S005,S006,S007,S008,S011,S012,S015",6,4,4,6,6,6,4,5,2,2,2,0,2,2,2,0
clone-2-0059-preserve_ids,clone,preserve_ids,2,0.3624661414802732,6,68.79457748474233,"S001,S002,S009,S010,S013 / S003,S004,S005,S006,S007,S008,S011,S012,S014,S015",6,3,4,6,5,6,4,6,2,1,2,0,1,2,2,0
clone-2-0060-preserve_ids,clone,preserve_ids,2,0.2518336044454541,6,68.79457748474233,"S001,S002,S009,S012,S013,S014 / S003,S004,S005,S006,S007,S008,S010,S011,S015",6,3,4,6,5,6,4,6,2,1,2,0,1,2,2,0
clone-2-0061-preserve_ids,clone,preserve_ids,2,0.3442963545104093,5,68.36776585048835,"S001,S002,S009,S012,S013 / S003,S004,S005,S006,S007,S008,S010,S011,S014,S015",6,3,4,6,4,6,4,5,2,1,2,0,0,2,2,0
clone-2-0062-preserve_ids,clone,preserve_ids,2,0.3469212150187972,6,68.79457748474233,"S001,S002,S009,S013,S014 / S003,S004,S005,S006,S007,S008,S010,S011,S012,S015",6,3,4,6,5,6,4,6,2,1,2,0,1,2,2,0
clone-2-0063-preserve_ids,clone,preserve_ids,2,0.4393839650837523,5,68.36776585048835,"S001,S002,S009,S013 / S003,S004,S005,S006,S007,S008,S010,S011,S012,S014,S015",6,2,4,6,4,6,4,5,2,0,2,0,0,2,2,0
clone-2-0064-preserve_ids,clone,preserve_ids,2,0.596955312144224,5,68.36776585048835,"S001,S003,S004,S005,S006,S007,S008,S010,S011,S012,S014,S015 / S002,S009,S013",6,2,3,6,4,4,4,5,2,0,1,0,0,0,2,0
clone-2-0065-preserve_ids,clone,preserve_ids,2,0.504492562079269,6,68.79457748474233,"S001,S003,S004,S005,S006,S007,S008,S010,S011,S012,S015 / S002,S009,S013,S014",6,3,3,6,5,4,4,6,2,1,1,0,1,0,2,0
clone-2-0066-preserve_ids,clone,preserve_ids,2,0.501867701570881,5,68.36776585048835,"S001,S003,S004,S005,S006,S007,S008,S010,S011,S014,S015 / S002,S009,S012,S013",6,3,3,6,4,4,4,5,2,1,1,0,0,0,2,0
clone-2-0067-preserve_ids,clone,preserve_ids,2,0.4094049515059259,6,68.79457748474233,"S001,S003,S004,S005,S006,S007,S008,S010,S011,S015 / S002,S009,S012,S013,S014",6,3,3,6,5,4,4,6,2,1,1,0,1,0,2,0
clone-2-0068-preserve_ids,clone,preserve_ids,2,0.5200374885407449,6,68.79457748474233,"S001,S003,S004,S005,S006,S007,S008,S011,S012,S014,S015 / S002,S009,S010,S013",6,3,3,6,5,4,4,6,2,1,1,0,1,0,2,0
clone-2-0069-preserve_ids,clone,preserve_ids,2,0.42757473847578975,5,68.36776585048835,"S001,S003,S004,S005,S006,S007,S008,S011,S012,S015 / S002,S009,S010,S013,S014",6,4,3,6,6,4,4,5,2,2,1,0,2,0,2,0
clone-2-0070-preserve_ids,clone,preserve_ids,2,0.42494987796740186,6,68.79457748474233,"S001,S003,S004,S005,S006,S007,S008,S011,S014,S015 / S002,S009,S010,S012,S013",6,4,3,6,5,4,4,6,2,2,1,0,1,0,2,0
clone-2-0071-preserve_ids,clone,preserve_ids,2,0.3324871279024467,5,68.36776585048835,"S001,S003,S004,S005,S006,S007,S008,S011,S015 / S002,S009,S010,S012,S013,S014",6,4,3,6,6,4,4,5,2,2,1,0,2,0,2,0
clone-2-0072-preserve_ids,clone,preserve_ids,2,0.4058884721847074,5,68.36776585048835,"S001,S003,S004,S005,S006,S007,S010,S011,S012,S014,S015 / S002,S008,S009,S013",6,4,3,6,6,4,4,5,2,2,1,0,2,0,2,0
clone-2-0073-preserve_ids,clone,preserve_ids,2,0.3134257221197523,6,68.79457748474233,"S001,S003,S004,S005,S006,S007,S010,S011,S012,S015 / S002,S008,S009,S013,S014",6,4,3,6,5,4,4,6,2,2,1,0,1,0,2,0
clone-2-0074-preserve_ids,clone,preserve_ids,2,0.3108008616113644,5,68.36776585048835,"S001,S003,S004,S005,S006,S007,S010,S011,S014,S015 / S002,S008,S009,S012,S013",6,4,3,6,6,4,4,5,2,2,1,0,2,0,2,0
clone-2-0075-preserve_ids,clone,preserve_ids,2,0.21833811154640922,6,68.79457748474233,"S001,S003,S004,S005,S006,S007,S010,S011,S015 / S002,S008,S009,S012,S013,S014",6,3,3,6,5,4,4,6,2,1,1,0,1,0,2,0
clone-2-0076-preserve_ids,clone,preserve_ids,2,0.32897064858122826,6,68.79457748474233,"S001,S003,S004,S005,S006,S007,S011,S012,S014,S015 / S002,S008,S009,S010,S013",6,4,3,6,5,4,4,6,2,2,1,0,1,0,2,0
clone-2-0077-preserve_ids,clone,preserve_ids,2,0.2365078985162731,5,68.36776585048835,"S001,S003,S004,S005,S006,S007,S011,S012,S015 / S002,S008,S009,S010,S013,S014",6,4,3,6,4,4,4,5,2,2,1,0,0,0,2,0
clone-2-0078-preserve_ids,clone,preserve_ids,2,0.2338830380078852,6,68.79457748474233,"S001,S003,S004,S005,S006,S007,S011,S014,S015 / S002,S008,S009,S010,S012,S013",6,4,3,6,5,4,4,6,2,2,1,0,1,0,2,0
clone-2-0079-preserve_ids,clone,preserve_ids,2,0.14142028794293007,5,68.36776585048835,"S001,S003,S004,S005,S006,S007,S011,S015 / S002,S008,S009,S010,S012,S013,S014",6,3,3,6,4,4,4,5,2,1,1,0,0,0,2,0
clone-2-0080-preserve_ids,clone,preserve_ids,2,0.4831635861887801,5,68.36776585048835,"S001,S003,S005,S006,S007,S008,S010,S011,S012,S014,S015 / S002,S004,S009,S013",6,2,4,6,4,4,4,5,2,0,2,0,0,0,2,0
clone-2-0081-preserve_ids,clone,preserve_ids,2,0.39070083612382495,6,68.79457748474233,"S001,S003,S005,S006,S007,S008,S010,S011,S012,S015 / S002,S004,S009,S013,S014",6,3,4,6,5,4,4,6,2,1,2,0,1,0,2,0
clone-2-0082-preserve_ids,clone,preserve_ids,2,0.38807597561543705,4,67.65241413197538,"S001,S003,S005,S006,S007,S008,S010,S011,S014,S015 / S002,S004,S009,S012,S013",6,3,4,6,4,4,3,4,2,1,2,0,0,0,1,0
clone-2-0083-preserve_ids,clone,preserve_ids,2,0.29561322555048186,5,68.07922576622936,"S001,S003,S005,S006,S007,S008,S010,S011,S015 / S002,S004,S009,S012,S013,S014",6,3,4,6,5,4,3,5,2,1,2,0,1,0,1,0
clone-2-0084-preserve_ids,clone,preserve_ids,2,0.40624576258530093,6,68.79457748474233,"S001,S003,S005,S006,S007,S008,S011,S012,S014,S015 / S002,S004,S009,S010,S013",6,3,4,6,5,4,4,6,2,1,2,0,1,0,2,0
clone-2-0085-preserve_ids,clone,preserve_ids,2,0.3137830125203458,5,68.36776585048835,"S001,S003,S005,S006,S007,S008,S011,S012,S015 / S002,S004,S009,S010,S013,S014",6,4,4,6,6,4,4,5,2,2,2,0,2,0,2,0
clone-2-0086-preserve_ids,clone,preserve_ids,2,0.31115815201195784,5,68.07922576622934,"S001,S003,S005,S006,S007,S008,S011,S014,S015 / S002,S004,S009,S010,S012,S013",6,4,4,6,5,4,3,5,2,2,2,0,1,0,1,0
clone-2-0087-preserve_ids,clone,preserve_ids,2,0.21869540194700274,4,67.65241413197538,"S001,S003,S005,S006,S007,S008,S011,S015 / S002,S004,S009,S010,S012,S013,S014",6,4,4,6,6,4,3,4,2,2,2,0,2,0,1,0
clone-2-0088-preserve_ids,clone,preserve_ids,2,0.29209674622926346,5,68.36776585048835,"S001,S003,S005,S006,S007,S010,S011,S012,S014,S015 / S002,S004,S008,S009,S013",6,4,4,6,6,4,4,5,2,2,2,0,2,0,2,0
clone-2-0089-preserve_ids,clone,preserve_ids,2,0.1996339961643083,6,68.79457748474233,"S001,S003,S005,S006,S007,S010,S011,S012,S015 / S002,S004,S008,S009,S013,S014",6,4,4,6,5,4,4,6,2,2,2,0,1,0,2,0
clone-2-0090-preserve_ids,clone,preserve_ids,2,0.1970091356559204,4,67.65241413197538,"S001,S003,S005,S006,S007,S010,S011,S014,S015 / S002,S004,S008,S009,S012,S013",6,4,4,6,6,4,3,4,2,2,2,0,2,0,1,0
clone-2-0091-preserve_ids,clone,preserve_ids,2,0.10454638559096525,5,68.07922576622936,"S001,S003,S005,S006,S007,S010,S011,S015 / S002,S004,S008,S009,S012,S013,S014",6,3,4,6,5,4,3,5,2,1,2,0,1,0,1,0
clone-2-0092-preserve_ids,clone,preserve_ids,2,0.21517892262578428,6,68.79457748474233,"S001,S003,S005,S006,S007,S011,S012,S014,S015 / S002,S004,S008,S009,S010,S013",6,4,4,6,5,4,4,6,2,2,2,0,1,0,2,0
clone-2-0093-preserve_ids,clone,preserve_ids,2,0.12271617256082912,5,68.36776585048835,"S001,S003,S005,S006,S007,S011,S012,S015 / S002,S004,S008,S009,S010,S013,S014",6,4,4,6,4,4,4,5,2,2,2,0,0,0,2,0
clone-2-0094-preserve_ids,clone,preserve_ids,2,0.12009131205244122,5,68.07922576622934,"S001,S003,S005,S006,S007,S011,S014,S015 / S002,S004,S008,S009,S010,S012,S013",6,4,4,6,5,4,3,5,2,2,2,0,1,0,1,0
clone-2-0095-preserve_ids,clone,preserve_ids,2,0.027628561987486082,4,67.65241413197538,"S001,S003,S005,S006,S007,S011,S015 / S002,S004,S008,S009,S010,S012,S013,S014",6,3,4,6,4,4,3,4,2,1,2,0,0,0,1,0
clone-2-0096-preserve_ids,clone,preserve_ids,2,0.2731019027827903,5,68.36776585048835,"S001,S004,S008,S010,S012,S014 / S002,S003,S005,S006,S007,S009,S011,S013,S015",4,3,4,6,4,6,4,5,0,1,2,0,0,2,2,0
clone-2-0097-preserve_ids,clone,preserve_ids,2,0.3655646528477454,6,68.79457748474233,"S001,S004,S008,S010,S012 / S002,S003,S005,S006,S007,S009,S011,S013,S014,S015",4,4,4,6,5,6,4,6,0,2,2,0,1,2,2,0
clone-2-0098-preserve_ids,clone,preserve_ids,2,0.3681895133561333,5,68.36776585048835,"S001,S004,S008,S010,S014 / S002,S003,S005,S006,S007,S009,S011,S012,S013,S015",4,4,4,6,4,6,4,5,0,2,2,0,0,2,2,0
clone-2-0099-preserve_ids,clone,preserve_ids,2,0.46065226342108845,6,68.79457748474233,"S001,S004,S008,S010 / S002,S003,S005,S006,S007,S009,S011,S012,S013,S014,S015",4,4,4,6,5,6,4,6,0,2,2,0,1,2,2,0
clone-2-0100-preserve_ids,clone,preserve_ids,2,0.35001972638626944,6,68.79457748474233,"S001,S004,S008,S012,S014 / S002,S003,S005,S006,S007,S009,S010,S011,S013,S015",4,3,4,6,5,6,4,6,0,1,2,0,1,2,2,0
clone-2-0101-preserve_ids,clone,preserve_ids,2,0.44248247645122457,5,68.36776585048835,"S001,S004,S008,S012 / S002,S003,S005,S006,S007,S009,S010,S011,S013,S014,S015",4,4,4,6,6,6,4,5,0,2,2,0,2,2,2,0
clone-2-0102-preserve_ids,clone,preserve_ids,2,0.44510733695961247,6,68.79457748474233,"S001,S004,S008,S014 / S002,S003,S005,S006,S007,S009,S010,S011,S012,S013,S015",4,4,4,6,5,6,4,6,0,2,2,0,1,2,2,0
clone-2-0103-preserve_ids,clone,preserve_ids,2,0.5375700870245677,5,68.36776585048835,"S001,S004,S008 / S002,S003,S005,S006,S007,S009,S010,S011,S012,S013,S014,S015",4,4,4,6,6,6,4,5,0,2,2,0,2,2,2,0
clone-2-0104-preserve_ids,clone,preserve_ids,2,0.46416874274230696,4,67.16062500108146,"S001,S004,S010,S012,S014 / S002,S003,S005,S006,S007,S008,S009,S011,S013,S015",4,4,4,6,6,6,4,4,0,2,2,0,2,2,2,0
clone-2-0105-preserve_ids,clone,preserve_ids,2,0.5566314928072621,5,67.58743663533545,"S001,S004,S010,S012 / S002,S003,S005,S006,S007,S008,S009,S011,S013,S014,S015",4,4,4,6,5,6,4,5,0,2,2,0,1,2,2,0
clone-2-0106-preserve_ids,clone,preserve_ids,2,0.5592563533156499,4,67.16062500108146,"S001,S004,S010,S014 / S002,S003,S005,S006,S007,S008,S009,S011,S012,S013,S015",4,4,4,6,6,6,4,4,0,2,2,0,2,2,2,0
clone-2-0107-preserve_ids,clone,preserve_ids,2,0.6517191033806051,5,67.58743663533544,"S001,S004,S010 / S002,S003,S005,S006,S007,S008,S009,S011,S012,S013,S014,S015",4,3,4,6,5,6,4,5,0,1,2,0,1,2,2,0
clone-2-0108-preserve_ids,clone,preserve_ids,2,0.5410865663457861,5,67.58743663533545,"S001,S004,S012,S014 / S002,S003,S005,S006,S007,S008,S009,S010,S011,S013,S015",4,3,4,6,5,6,4,5,0,1,2,0,1,2,2,0
clone-2-0109-preserve_ids,clone,preserve_ids,2,0.6335493164107413,4,67.16062500108146,"S001,S004,S012 / S002,S003,S005,S006,S007,S008,S009,S010,S011,S013,S014,S015",4,3,4,6,4,6,3,4,0,1,2,0,0,2,1,0
clone-2-0110-preserve_ids,clone,preserve_ids,2,0.6361741769191291,5,67.58743663533544,"S001,S004,S014 / S002,S003,S005,S006,S007,S008,S009,S010,S011,S012,S013,S015",4,3,4,6,5,6,4,5,0,1,2,0,1,2,2,0
clone-2-0111-preserve_ids,clone,preserve_ids,2,0.7286369269840843,4,67.16062500108146,"S001,S004 / S002,S003,S005,S006,S007,S008,S009,S010,S011,S012,S013,S014,S015",4,2,4,6,4,6,3,4,0,0,2,0,0,2,1,0
clone-2-0112-preserve_ids,clone,preserve_ids,2,0.38689362873823424,5,68.36776585048835,"S001,S008,S010,S012,S014 / S002,S003,S004,S005,S006,S007,S009,S011,S013,S015",4,3,4,6,4,6,4,5,0,1,2,0,0,2,2,0
clone-2-0113-preserve_ids,clone,preserve_ids,2,0.47935637880318943,6,68.79457748474233,"S001,S008,S010,S012 / S002,S003,S004,S005,S006,S007,S009,S011,S013,S014,S015",4,4,4,6,5,6,4,6,0,2,2,0,1,2,2,0
clone-2-0114-preserve_ids,clone,preserve_ids,2,0.4819812393115773,4,67.65241413197538,"S001,S008,S010,S014 / S002,S003,S004,S005,S006,S007,S009,S011,S012,S013,S015",4,4,4,6,4,6,3,4,0,2,2,0,0,2,1,0
clone-2-0115-preserve_ids,clone,preserve_ids,2,0.5744439893765325,5,68.07922576622936,"S001,S008,S010 / S002,S003,S004,S005,S006,S007,S009,S011,S012,S013,S014,S015",4,4,4,6,5,6,3,5,0,2,2,0,1,2,1,0
clone-2-0116-preserve_ids,clone,preserve_ids,2,0.46381145234171345,6,68.79457748474233,"S001,S008,S012,S014 / S002,S003,S004,S005,S006,S007,S009,S010,S011,S013,S015",4,3,4,6,5,6,4,6,0,1,2,0,1,2,2,0
clone-2-0117-preserve_ids,clone,preserve_ids,2,0.5562742024066686,5,68.36776585048835,"S001,S008,S012 / S002,S003,S004,S005,S006,S007,S009,S010,S011,S013,S014,S015",4,4,4,6,6,6,4,5,0,2,2,0,2,2,2,0
clone-2-0118-preserve_ids,clone,preserve_ids,2,0.5588990629150564,5,68.07922576622936,"S001,S008,S014 / S002,S003,S004,S005,S006,S007,S009,S010,S011,S012,S013,S015",4,4,4,6,5,6,3,5,0,2,2,0,1,2,1,0
clone-2-0119-preserve_ids,clone,preserve_ids,2,0.6513618129800116,4,67.65241413197538,"S001,S008 / S002,S003,S004,S005,S006,S007,S009,S010,S011,S012,S013,S014,S015",4,4,4,6,6,6,3,4,0,2,2,0,2,2,1,0
clone-2-0120-preserve_ids,clone,preserve_ids,2,0.577960468697751,4,67.16062500108146,"S001,S010,S012,S014 / S002,S003,S004,S005,S006,S007,S008,S009,S011,S013,S015",4,4,4,6,6,6,4,4,0,2,2,0,2,2,2,0
clone-2-0121-preserve_ids,clone,preserve_ids,2,0.670423218762706,5,67.58743663533544,"S001,S010,S012 / S002,S003,S004,S005,S006,S007,S008,S009,S011,S013,S014,S015",4,4,4,6,5,6,4,5,0,2,2,0,1,2,2,0
clone-2-0122-preserve_ids,clone,preserve_ids,2,0.673048079271094,3,66.44527328256848,"S001,S010,S014 / S002,S003,S004,S005,S006,S007,S008,S009,S011,S012,S013,S015",4,4,4,6,6,6,3,3,0,2,2,0,2,2,1,0
clone-2-0123-preserve_ids,clone,preserve_ids,2,0.7655108293360491,4,66.87208491682246,"S001,S010 / S002,S003,S004,S005,S006,S007,S008,S009,S011,S012,S013,S014,S015",4,3,4,6,5,6,3,4,0,1,2,0,1,2,1,0
clone-2-0124-preserve_ids,clone,preserve_ids,2,0.6548782923012301,5,67.58743663533544,"S001,S012,S014 / S002,S003,S004,S005,S006,S007,S008,S009,S010,S011,S013,S015",4,3,4,6,5,6,4,5,0,1,2,0,1,2,2,0
clone-2-0125-preserve_ids,clone,preserve_ids,2,0.7473410423661851,4,67.16062500108146,"S001,S012 / S002,S003,S004,S005,S006,S007,S008,S009,S010,S011,S013,S014,S015",4,3,4,6,4,6,3,4,0,1,2,0,0,2,1,0
clone-2-0126-preserve_ids,clone,preserve_ids,2,0.7499659028745731,4,66.87208491682246,"S001,S014 / S002,S003,S004,S005,S006,S007,S008,S009,S010,S011,S012,S013,S015",4,3,4,6,5,6,3,4,0,1,2,0,1,2,1,0
clone-2-0127-preserve_ids,clone,preserve_ids,2,0.8424286529395283,3,66.44527328256848,"S001 / S002,S003,S004,S005,S006,S007,S008,S009,S010,S011,S012,S013,S014,S015",4,2,4,6,4,6,2,3,0,0,2,0,0,2,0,0
clone-3-0001-minimum,clone,minimum,3,1.215287427645149,5,67.58743663533545,"S001,S002,S003,S004,S005,S006,S007,S008,S009,S010,S011,S013,S015 / S012 / S014",4,4,2,6,5,4,4,5,0,2,0,0,1,0,2,0
clone-3-0002-minimum,clone,minimum,3,1.2345950335433824,4,66.87208491682246,"S001,S002,S003,S004,S005,S006,S007,S008,S009,S011,S012,S013,S015 / S010 / S014",4,4,2,6,6,4,4,4,0,2,0,0,2,0,2,0
clone-3-0003-minimum,clone,minimum,3,1.1347486218470255,5,67.58743663533544,"S001,S002,S003,S004,S005,S006,S007,S008,S009,S011,S013,S015 / S010,S012 / S014",4,4,2,6,6,4,5,5,0,2,0,0,2,0,3,0
clone-3-0004-minimum,clone,minimum,3,1.2318245018928768,5,67.58743663533544,"S001,S002,S003,S004,S005,S006,S007,S008,S009,S011,S013,S014,S015 / S010 / S012",4,4,2,6,5,4,4,5,0,2,0,0,1,0,2,0
clone-3-0005-minimum,clone,minimum,3,1.1346151713014292,4,67.16062500108146,"S001,S002,S003,S004,S005,S006,S007,S008,S009,S011,S013,S015 / S010,S014 / S012",4,5,2,6,6,4,4,4,0,3,0,0,2,0,2,0
clone-3-0006-minimum,clone,minimum,3,1.135725155860503,5,67.58743663533544,"S001,S002,S003,S004,S005,S006,S007,S008,S009,S011,S013,S015 / S010 / S012,S014",4,4,2,6,6,4,5,5,0,2,0,0,2,0,3,0
clone-3-0007-minimum,clone,minimum,3,1.1151210357411592,5,68.07922576622936,"S001,S002,S003,S004,S005,S006,S007,S009,S010,S011,S012,S013,S015 / S008 / S014",4,5,2,6,6,4,4,5,0,3,0,0,2,0,2,0
clone-3-0008-minimum,clone,minimum,3,1.0195523203494525,6,68.79457748474233,"S001,S002,S003,S004,S005,S006,S007,S009,S010,S011,S013,S015 / S008,S012 / S014",4,4,2,6,6,4,5,6,0,2,0,0,2,0,3,0
clone-3-0009-minimum,clone,minimum,3,1.112254947767705,5,68.36776585048835,"S001,S002,S003,S004,S005,S006,S007,S009,S010,S011,S013,S014,S015 / S008 / S012",4,5,2,6,6,4,4,5,0,3,0,0,2,0,2,0
clone-3-0010-minimum,clone,minimum,3,1.0191833241502455,6,68.79457748474233,"S001,S002,S003,S004,S005,S006,S007,S009,S010,S011,S013,S015 / S008,S014 / S012",4,4,2,6,5,4,4,6,0,2,0,0,1,0,2,0
clone-3-0011-minimum,clone,minimum,3,1.012631666983955,6,68.79457748474233,"S001,S002,S003,S004,S005,S006,S007,S009,S010,S011,S013,S015 / S008 / S012,S014",4,4,2,6,6,4,5,6,0,2,0,0,2,0,3,0
clone-3-0012-minimum,clone,minimum,3,1.0374841529634882,5,68.07922576622936,"S001,S002,S003,S004,S005,S006,S007,S009,S011,S012,S013,S015 / S008,S010 / S014",4,5,2,6,5,4,4,5,0,3,0,0,1,0,2,0
clone-3-0013-minimum,clone,minimum,3,0.945678155293202,6,68.79457748474233,"S001,S002,S003,S004,S005,S006,S007,S009,S011,S013,S015 / S008,S010,S012 / S014",4,4,2,6,5,4,5,6,0,2,0,0,1,0,3,0
clone-3-0014-minimum,clone,minimum,3,1.034549351151516,6,68.79457748474233,"S001,S002,S003,S004,S005,S006,S007,S009,S011,S013,S014,S015 / S008,S010 / S012",4,5,2,6,5,4,4,6,0,3,0,0,1,0,2,0
clone-3-0015-minimum,clone,minimum,3,0.9451201192750016,5,68.36776585048835,"S001,S002,S003,S004,S005,S006,S007,S009,S011,S013,S015 / S008,S010,S014 / S012",4,4,2,6,4,4,4,5,0,2,0,0,0,0,2,0
clone-3-0016-minimum,clone,minimum,3,0.9323477003575806,6,68.79457748474233,"S001,S002,S003,S004,S005,S006,S007,S009,S011,S013,S015 / S008,S010 / S012,S014",4,4,2,6,5,4,5,6,0,2,0,0,1,0,3,0
clone-3-0017-minimum,clone,minimum,3,1.132132947550662,5,68.07922576622936,"S001,S002,S003,S004,S005,S006,S007,S009,S011,S012,S013,S014,S015 / S008 / S010",4,5,2,6,6,4,4,5,0,3,0,0,2,0,2,0
clone-3-0018-minimum,clone,minimum,3,1.0396290432721482,5,68.07922576622936,"S001,S002,S003,S004,S005,S006,S007,S009,S011,S012,S013,S015 / S008,S014 / S010",4,5,2,6,5,4,4,5,0,3,0,0,1,0,2,0
clone-3-0019-minimum,clone,minimum,3,1.0319867972317907,4,67.65241413197538,"S001,S002,S003,S004,S005,S006,S007,S009,S011,S012,S013,S015 / S008 / S010,S014",4,6,2,6,6,4,4,4,0,4,0,0,2,0,2,0
clone-3-0020-minimum,clone,minimum,3,1.0370630769806757,6,68.79457748474233,"S001,S002,S003,S004,S005,S006,S007,S009,S011,S013,S014,S015 / S008,S012 / S010",4,5,2,6,6,4,5,6,0,3,0,0,2,0,3,0
clone-3-0021-minimum,clone,minimum,3,0.9491994249018431,6,68.79457748474233,"S001,S002,S003,S004,S005,S006,S007,S009,S011,S013,S015 / S008,S012,S014 / S010",4,4,2,6,5,4,5,6,0,2,0,0,1,0,3,0
clone-3-0022-minimum,clone,minimum,3,0.9337878010145995,5,68.36776585048835,"S001,S002,S003,S004,S005,S006,S007,S009,S011,S013,S015 / S008,S012 / S010,S014",4,5,2,6,6,4,5,5,0,3,0,0,2,0,3,0
clone-3-0023-minimum,clone,minimum,3,1.0291834578027075,6,68.79457748474233,"S001,S002,S003,S004,S005,S006,S007,S009,S011,S013,S014,S015 / S008 / S010,S012",4,5,2,6,6,4,5,6,0,3,0,0,2,0,3,0
clone-3-0024-minimum,clone,minimum,3,0.9335471168912819,6,68.79457748474233,"S001,S002,S003,S004,S005,S006,S007,S009,S011,S013,S015 / S008,S014 / S010,S012",4,4,2,6,5,4,5,6,0,2,0,0,1,0,3,0
clone-3-0025-minimum,clone,minimum,3,0.9321300952430764,5,68.36776585048835,"S001,S002,S003,S004,S005,S006,S007,S009,S011,S013,S015 / S008 / S010,S012,S014",4,5,2,6,6,4,5,5,0,3,0,0,2,0,3,0
clone-3-0026-minimum,clone,minimum,3,1.1955190050274231,5,67.58743663533545,"S001,S002,S003,S005,S006,S007,S008,S009,S010,S011,S012,S013,S015 / S004 / S014",4,3,3,6,5,4,4,5,0,1,1,0,1,0,2,0
clone-3-0027-minimum,clone,minimum,3,1.0969111099432747,5,67.58743663533544,"S001,S002,S003,S005,S006,S007,S008,S009,S010,S011,S013,S015 / S004,S012 / S014",4,4,3,6,5,4,4,5,0,2,1,0,1,0,2,0
clone-3-0028-minimum,clone,minimum,3,1.192718567504723,5,67.87597671959443,"S001,S002,S003,S005,S006,S007,S008,S009,S010,S011,S013,S014,S015 / S004 / S012",4,3,3,6,4,4,4,5,0,1,1,0,0,0,2,0
clone-3-0029-minimum,clone,minimum,3,1.09670686694555,6,68.30278835384843,"S001,S002,S003,S005,S006,S007,S008,S009,S010,S011,S013,S015 / S004,S014 / S012",4,4,3,6,5,4,5,6,0,2,1,0,1,0,3,0
clone-3-0030-minimum,clone,minimum,3,1.09552352831278,6,68.30278835384843,"S001,S002,S003,S005,S006,S007,S008,S009,S010,S011,S013,S015 / S004 / S012,S014",4,3,3,6,5,4,5,6,0,1,1,0,1,0,3,0
clone-3-0031-minimum,clone,minimum,3,1.1154876215879663,5,67.58743663533544,"S001,S002,S003,S005,S006,S007,S008,S009,S011,S012,S013,S015 / S004,S010 / S014",4,4,3,6,6,4,5,5,0,2,1,0,2,0,3,0
clone-3-0032-minimum,clone,minimum,3,1.019903290426144,5,67.58743663533544,"S001,S002,S003,S005,S006,S007,S008,S009,S011,S013,S015 / S004,S010,S012 / S014",4,4,3,6,6,4,5,5,0,2,1,0,2,0,3,0
clone-3-0033-minimum,clone,minimum,3,1.112621845750428,6,68.30278835384843,"S001,S002,S003,S005,S006,S007,S008,S009,S011,S013,S014,S015 / S004,S010 / S012",4,4,3,6,5,4,5,6,0,2,1,0,1,0,3,0
clone-3-0034-minimum,clone,minimum,3,1.0195351111532456,5,67.87597671959443,"S001,S002,S003,S005,S006,S007,S008,S009,S011,S013,S015 / S004,S010,S014 / S012",4,5,3,6,6,4,5,5,0,3,1,0,2,0,3,0
clone-3-0035-minimum,clone,minimum,3,1.0130101883527804,6,68.30278835384841,"S001,S002,S003,S005,S006,S007,S008,S009,S011,S013,S015 / S004,S010 / S012,S014",4,4,3,6,6,4,6,6,0,2,1,0,2,0,4,0
clone-3-0036-minimum,clone,minimum,3,1.2121458789707686,5,67.58743663533544,"S001,S002,S003,S005,S006,S007,S008,S009,S011,S012,S013,S014,S015 / S004 / S010",4,3,3,6,5,4,4,5,0,1,1,0,1,0,2,0
clone-3-0037-minimum,clone,minimum,3,1.116676300426328,5,67.58743663533544,"S001,S002,S003,S005,S006,S007,S008,S009,S011,S012,S013,S015 / S004,S014 / S010",4,4,3,6,6,4,5,5,0,2,1,0,2,0,3,0
clone-3-0038-minimum,clone,minimum,3,1.1143840299951344,4,67.16062500108146,"S001,S002,S003,S005,S006,S007,S008,S009,S011,S012,S013,S015 / S004 / S010,S014",4,4,3,6,6,4,4,4,0,2,1,0,2,0,2,0
clone-3-0039-minimum,clone,minimum,3,1.1140146896564713,5,67.58743663533545,"S001,S002,S003,S005,S006,S007,S008,S009,S011,S013,S014,S015 / S004,S012 / S010",4,4,3,6,5,4,4,5,0,2,1,0,1,0,2,0
clone-3-0040-minimum,clone,minimum,3,1.0222882385660945,5,67.58743663533544,"S001,S002,S003,S005,S006,S007,S008,S009,S011,S013,S015 / S004,S012,S014 / S010",4,4,3,6,6,4,5,5,0,2,1,0,2,0,3,0
clone-3-0041-minimum,clone,minimum,3,1.0132970720025096,4,67.16062500108146,"S001,S002,S003,S005,S006,S007,S008,S009,S011,S013,S015 / S004,S012 / S010,S014",4,5,3,6,6,4,4,4,0,3,1,0,2,0,2,0
clone-3-0042-minimum,clone,minimum,3,1.1116516324234222,6,68.30278835384843,"S001,S002,S003,S005,S006,S007,S008,S009,S011,S013,S014,S015 / S004 / S010,S012",4,3,3,6,5,4,5,6,0,1,1,0,1,0,3,0
clone-3-0043-minimum,clone,minimum,3,1.0132254304219512,6,68.30278835384841,"S001,S002,S003,S005,S006,S007,S008,S009,S011,S013,S015 / S004,S014 / S010,S012",4,4,3,6,6,4,6,6,0,2,1,0,2,0,4,0
clone-3-0044-minimum,clone,minimum,3,1.0172018836908383,5,67.87597671959443,"S001,S002,S003,S005,S006,S007,S008,S009,S011,S013,S015 / S004 / S010,S012,S014",4,4,3,6,6,4,5,5,0,2,1,0,2,0,3,0
clone-3-0045-minimum,clone,minimum,3,1.0012743391200223,6,68.79457748474233,"S001,S002,S003,S005,S006,S007,S009,S010,S011,S012,S013,S015 / S004,S008 / S014",4,5,3,6,6,4,5,6,0,3,1,0,2,0,3,0
clone-3-0046-minimum,clone,minimum,3,0.9115935836380782,6,68.79457748474233,"S001,S002,S003,S005,S006,S007,S009,S010,S011,S013,S015 / S004,S008,S012 / S014",4,4,3,6,6,4,5,6,0,2,1,0,2,0,3,0
clone-3-0047-minimum,clone,minimum,3,0.9983058037360119,6,69.08311756900133,"S001,S002,S003,S005,S006,S007,S009,S010,S011,S013,S014,S015 / S004,S008 / S012",4,5,3,6,6,4,5,6,0,3,1,0,2,0,3,0
clone-3-0048-minimum,clone,minimum,3,0.9109349839119381,7,69.50992920325533,"S001,S002,S003,S005,S006,S007,S009,S010,S011,S013,S015 / S004,S008,S014 / S012",4,4,3,6,5,4,5,7,0,2,1,0,1,0,3,1
clone-3-0049-minimum,clone,minimum,3,0.894823192475857,7,69.50992920325533,"S001,S002,S003,S005,S006,S007,S009,S010,S011,S013,S015 / S004,S008 / S012,S014",4,4,3,6,6,4,6,7,0,2,1,0,2,0,4,1
clone-3-0050-minimum,clone,minimum,3,0.9282707477842316,6,68.79457748474233,"S001,S002,S003,S005,S006,S007,S009,S011,S012,S013,S015 / S004,S008,S010 / S014",4,5,3,6,5,4,5,6,0,3,1,0,1,0,3,0
clone-3-0051-minimum,clone,minimum,3,0.8438488827465752,6,68.79457748474233,"S001,S002,S003,S005,S006,S007,S009,S011,S013,S015 / S004,S008,S010,S012 / S014",4,4,3,6,5,4,5,6,0,2,1,0,1,0,3,0
clone-3-0052-minimum,clone,minimum,3,0.9252316491673941,7,69.50992920325533,"S001,S002,S003,S005,S006,S007,S009,S011,S013,S014,S015 / S004,S008,S010 / S012",4,5,3,6,5,4,5,7,0,3,1,0,1,0,3,1
clone-3-0053-minimum,clone,minimum,3,0.842957752358219,6,69.08311756900133,"S001,S002,S003,S005,S006,S007,S009,S011,S013,S015 / S004,S008,S010,S014 / S012",4,4,3,6,4,4,5,6,0,2,1,0,0,0,3,0
clone-3-0054-minimum,clone,minimum,3,0.8190334076762553,7,69.50992920325531,"S001,S002,S003,S005,S006,S007,S009,S011,S013,S015 / S004,S008,S010 / S012,S014",4,4,3,6,5,4,6,7,0,2,1,0,1,0,4,1
clone-3-0055-minimum,clone,minimum,3,1.018885205869483,6,68.79457748474233,"S001,S002,S003,S005,S006,S007,S009,S011,S012,S013,S014,S015 / S004,S008 / S010",4,5,3,6,6,4,5,6,0,3,1,0,2,0,3,0
clone-3-0056-minimum,clone,minimum,3,0.9320917804456519,6,68.79457748474233,"S001,S002,S003,S005,S006,S007,S009,S011,S012,S013,S015 / S004,S008,S014 / S010",4,5,3,6,5,4,5,6,0,3,1,0,1,0,3,0
clone-3-0057-minimum,clone,minimum,3,0.9149759807477981,5,68.36776585048835,"S001,S002,S003,S005,S006,S007,S009,S011,S012,S013,S015 / S004,S008 / S010,S014",4,6,3,6,6,4,5,5,0,4,1,0,2,0,3,0
clone-3-0058-minimum,clone,minimum,3,0.9297109375601297,6,68.79457748474233,"S001,S002,S003,S005,S006,S007,S009,S011,S013,S014,S015 / S004,S008,S012 / S010",4,5,3,6,6,4,5,6,0,3,1,0,2,0,3,0
clone-3-0059-minimum,clone,minimum,3,0.849356602238266,6,68.79457748474233,"S001,S002,S003,S005,S006,S007,S009,S011,S013,S015 / S004,S008,S012,S014 / S010",4,4,3,6,5,4,5,6,0,2,1,0,1,0,3,0
clone-3-0060-minimum,clone,minimum,3,0.8225597260872347,5,68.36776585048835,"S001,S002,S003,S005,S006,S007,S009,S011,S013,S015 / S004,S008,S012 / S010,S014",4,5,3,6,6,4,5,5,0,3,1,0,2,0,3,0
clone-3-0061-minimum,clone,minimum,3,0.912058614679378,7,69.50992920325533,"S001,S002,S003,S005,S006,S007,S009,S011,S013,S014,S015 / S004,S008 / S010,S012",4,5,3,6,6,4,6,7,0,3,1,0,2,0,4,1
clone-3-0062-minimum,clone,minimum,3,0.8220140108304648,7,69.50992920325531,"S001,S002,S003,S005,S006,S007,S009,S011,S013,S015 / S004,S008,S014 / S010,S012",4,4,3,6,5,4,6,7,0,2,1,0,1,0,4,1
clone-3-0063-minimum,clone,minimum,3,0.8107287370808515,6,69.08311756900133,"S001,S002,S003,S005,S006,S007,S009,S011,S013,S015 / S004,S008 / S010,S012,S014",4,5,3,6,6,4,6,6,0,3,1,0,2,0,4,0
clone-3-0064-minimum,clone,minimum,3,1.0918881269777314,5,68.36776585048835,"S001,S002,S003,S005,S006,S007,S009,S010,S011,S012,S013,S014,S015 / S004 / S008",4,4,3,6,6,4,4,5,0,2,1,0,2,0,2,0
clone-3-0065-minimum,clone,minimum,3,0.9928342297771493,6,68.79457748474233,"S001,S002,S003,S005,S006,S007,S009,S010,S011,S012,S013,S015 / S004,S014 / S008",4,5,3,6,6,4,5,6,0,3,1,0,2,0,3,0
clone-3-0066-minimum,clone,minimum,3,0.9982171167365267,6,68.79457748474233,"S001,S002,S003,S005,S006,S007,S009,S010,S011,S012,S013,S015 / S004 / S008,S014",4,4,3,6,5,4,4,6,0,2,1,0,1,0,2,0
clone-3-0067-minimum,clone,minimum,3,0.9900666717557032,5,68.36776585048835,"S001,S002,S003,S005,S006,S007,S009,S010,S011,S013,S014,S015 / S004,S012 / S008",4,5,3,6,6,4,4,5,0,3,1,0,2,0,2,0
clone-3-0068-minimum,clone,minimum,3,0.8944877452574812,6,68.79457748474233,"S001,S002,S003,S005,S006,S007,S009,S010,S011,S013,S015 / S004,S012,S014 / S008",4,4,3,6,6,4,5,6,0,2,1,0,2,0,3,0
clone-3-0069-minimum,clone,minimum,3,0.8931057259856396,6,68.79457748474233,"S001,S002,S003,S005,S006,S007,S009,S010,S011,S013,S015 / S004,S012 / S008,S014",4,4,3,6,5,4,4,6,0,2,1,0,1,0,2,0
clone-3-0070-minimum,clone,minimum,3,0.995617332835543,6,69.08311756900133,"S001,S002,S003,S005,S006,S007,S009,S010,S011,S013,S014,S015 / S004 / S008,S012",4,4,3,6,6,4,5,6,0,2,1,0,2,0,3,0
clone-3-0071-minimum,clone,minimum,3,0.8932760448936724,7,69.50992920325533,"S001,S002,S003,S005,S006,S007,S009,S010,S011,S013,S015 / S004,S014 / S008,S012",4,4,3,6,6,4,6,7,0,2,1,0,2,0,4,1
clone-3-0072-minimum,clone,minimum,3,0.9065582108533112,7,69.50992920325533,"S001,S002,S003,S005,S006,S007,S009,S010,S011,S013,S015 / S004 / S008,S012,S014",4,3,3,6,5,4,5,7,0,1,1,0,1,0,3,1
clone-3-0073-minimum,clone,minimum,3,1.0092785752005213,6,68.79457748474233,"S001,S002,S003,S005,S006,S007,S009,S011,S012,S013,S014,S015 / S004,S010 / S008",4,5,3,6,6,4,5,6,0,3,1,0,2,0,3,0
clone-3-0074-minimum,clone,minimum,3,0.9129509673795234,5,68.36776585048835,"S001,S002,S003,S005,S006,S007,S009,S011,S012,S013,S015 / S004,S010,S014 / S008",4,6,3,6,6,4,5,5,0,4,1,0,2,0,3,0
clone-3-0075-minimum,clone,minimum,3,0.9129781064837883,6,68.79457748474233,"S001,S002,S003,S005,S006,S007,S009,S011,S012,S013,S015 / S004,S010 / S008,S014",4,5,3,6,5,4,5,6,0,3,1,0,1,0,3,0
clone-3-0076-minimum,clone,minimum,3,0.9102732398659983,6,68.79457748474233,"S001,S002,S003,S005,S006,S007,S009,S011,S013,S014,S015 / S004,S010,S012 / S008",4,5,3,6,6,4,5,6,0,3,1,0,2,0,3,0
clone-3-0077-minimum,clone,minimum,3,0.8184190757849579,5,68.36776585048835,"S001,S002,S003,S005,S006,S007,S009,S011,S013,S015 / S004,S010,S012,S014 / S008",4,5,3,6,6,4,5,5,0,3,1,0,2,0,3,0
clone-3-0078-minimum,clone,minimum,3,0.8103525434847142,6,68.79457748474233,"S001,S002,S003,S005,S006,S007,S009,S011,S013,S015 / S004,S010,S012 / S008,S014",4,4,3,6,5,4,5,6,0,2,1,0,1,0,3,0
clone-3-0079-minimum,clone,minimum,3,0.9103012314898026,7,69.50992920325533,"S001,S002,S003,S005,S006,S007,S009,S011,S013,S014,S015 / S004,S010 / S008,S012",4,5,3,6,6,4,6,7,0,3,1,0,2,0,4,1
clone-3-0080-minimum,clone,minimum,3,0.8103534114744871,6,69.08311756900133,"S001,S002,S003,S005,S006,S007,S009,S011,S013,S015 / S004,S010,S014 / S008,S012",4,5,3,6,6,4,6,6,0,3,1,0,2,0,4,0
clone-3-0081-minimum,clone,minimum,3,0.8184804814556854,7,69.50992920325531,"S001,S002,S003,S005,S006,S007,S009,S011,S013,S015 / S004,S010 / S008,S012,S014",4,4,3,6,5,4,6,7,0,2,1,0,1,0,4,1
clone-3-0082-minimum,clone,minimum,3,1.0136858451910287,6,68.79457748474233,"S001,S002,S003,S005,S006,S007,S009,S011,S012,S013,S014,S015 / S004 / S008,S010",4,4,3,6,5,4,4,6,0,2,1,0,1,0,2,0
clone-3-0083-minimum,clone,minimum,3,0.9119907724160263,6,68.79457748474233,"S001,S002,S003,S005,S006,S007,S009,S011,S012,S013,S015 / S004,S014 / S008,S010",4,5,3,6,5,4,5,6,0,3,1,0,1,0,3,0
clone-3-0084-minimum,clone,minimum,3,0.9236410685702876,5,68.36776585048835,"S001,S002,S003,S005,S006,S007,S009,S011,S012,S013,S015 / S004 / S008,S010,S014",4,4,3,6,4,4,4,5,0,2,1,0,0,0,2,0
clone-3-0085-minimum,clone,minimum,3,0.9091436759459761,6,68.79457748474235,"S001,S002,S003,S005,S006,S007,S009,S011,S013,S014,S015 / S004,S012 / S008,S010",4,5,3,6,5,4,4,6,0,3,1,0,1,0,2,0
clone-3-0086-minimum,clone,minimum,3,0.8106087747218399,6,68.79457748474233,"S001,S002,S003,S005,S006,S007,S009,S011,S013,S015 / S004,S012,S014 / S008,S010",4,4,3,6,5,4,5,6,0,2,1,0,1,0,3,0
clone-3-0087-minimum,clone,minimum,3,0.8156495247823355,5,68.36776585048835,"S001,S002,S003,S005,S006,S007,S009,S011,S013,S015 / S004,S012 / S008,S010,S014",4,4,3,6,4,4,4,5,0,2,1,0,0,0,2,0
clone-3-0088-minimum,clone,minimum,3,0.9211595847187077,7,69.50992920325533,"S001,S002,S003,S005,S006,S007,S009,S011,S013,S014,S015 / S004 / S008,S010,S012",4,4,3,6,5,4,5,7,0,2,1,0,1,0,3,1
clone-3-0089-minimum,clone,minimum,3,0.8160215987990436,7,69.50992920325531,"S001,S002,S003,S005,S006,S007,S009,S011,S013,S015 / S004,S014 / S008,S010,S012",4,4,3,6,5,4,6,7,0,2,1,0,1,0,4,1
clone-3-0090-minimum,clone,minimum,3,0.8369378694026844,6,69.08311756900133,"S001,S002,S003,S005,S006,S007,S009,S011,S013,S015 / S004 / S008,S010,S012,S014",4,3,3,6,4,4,5,6,0,1,1,0,0,0,3,0
clone-3-0091-minimum,clone,minimum,3,0.6176044894002095,5,68.07922576622936,"S001,S002,S004,S008,S009,S010,S012,S013 / S003,S005,S006,S007,S011,S015 / S014",5,4,4,6,5,6,4,5,1,2,2,0,1,2,2,0
clone-3-0092-minimum,clone,minimum,3,0.6091945764521245,6,68.79457748474233,"S001,S002,S004,S008,S009,S010,S013 / S003,S005,S006,S007,S011,S012,S015 / S014",5,5,4,6,5,6,5,6,1,3,2,0,1,2,3,0
clone-3-0093-minimum,clone,minimum,3,0.6145932251008303,5,68.36776585048835,"S001,S002,S004,S008,S009,S010,S013,S014 / S003,S005,S006,S007,S011,S015 / S012",5,4,4,6,4,6,4,5,1,2,2,0,0,2,2,0
clone-3-0094-minimum,clone,minimum,3,0.6063764208339846,6,68.79457748474233,"S001,S002,S004,S008,S009,S010,S013 / S003,S005,S006,S007,S011,S014,S015 / S012",5,5,4,6,5,6,4,6,1,3,2,0,1,2,2,0
clone-3-0095-minimum,clone,minimum,3,0.5101064913236231,6,68.79457748474235,"S001,S002,S004,S008,S009,S010,S013 / S003,S005,S006,S007,S011,S015 / S012,S014",5,4,4,6,5,6,5,6,1,2,2,0,1,2,3,0
clone-3-0096-minimum,clone,minimum,3,0.6090920573245513,5,68.07922576622936,"S001,S002,S004,S008,S009,S012,S013 / S003,S005,S006,S007,S010,S011,S015 / S014",5,4,4,6,6,6,4,5,1,2,2,0,2,2,2,0
clone-3-0097-minimum,clone,minimum,3,0.6185609566713005,6,68.79457748474233,"S001,S002,S004,S008,S009,S013 / S003,S005,S006,S007,S010,S011,S012,S015 / S014",5,5,4,6,6,6,5,6,1,3,2,0,2,2,3,0
clone-3-0098-minimum,clone,minimum,3,0.6062883053009951,6,68.79457748474233,"S001,S002,S004,S008,S009,S013,S014 / S003,S005,S006,S007,S010,S011,S015 / S012",5,4,4,6,5,6,4,6,1,2,2,0,1,2,2,0
clone-3-0099-minimum,clone,minimum,3,0.6155397152471258,5,68.36776585048835,"S001,S002,S004,S008,S009,S013 / S003,S005,S006,S007,S010,S011,S014,S015 / S012",5,5,4,6,6,6,4,5,1,3,2,0,2,2,2,0
clone-3-0100-minimum,clone,minimum,3,0.5106244799698635,6,68.79457748474233,"S001,S002,S004,S008,S009,S013 / S003,S005,S006,S007,S010,S011,S015 / S012,S014",5,4,4,6,6,6,5,6,1,2,2,0,2,2,3,0
clone-3-0101-minimum,clone,minimum,3,0.6354786453801797,5,68.07922576622936,"S001,S002,S004,S008,S009,S012,S013,S014 / S003,S005,S006,S007,S011,S015 / S010",5,4,4,6,5,6,4,5,1,2,2,0,1,2,2,0
clone-3-0102-minimum,clone,minimum,3,0.625524258067447,5,68.07922576622936,"S001,S002,S004,S008,S009,S012,S013 / S003,S005,S006,S007,S011,S014,S015 / S010",5,5,4,6,6,6,4,5,1,3,2,0,2,2,2,0
clone-3-0103-minimum,clone,minimum,3,0.5303553746978549,4,67.65241413197538,"S001,S002,S004,S008,S009,S012,S013 / S003,S005,S006,S007,S011,S015 / S010,S014",5,5,4,6,6,6,4,4,1,3,2,0,2,2,2,0
clone-3-0104-minimum,clone,minimum,3,0.625538680270835,6,68.79457748474233,"S001,S002,S004,S008,S009,S013,S014 / S003,S005,S006,S007,S011,S012,S015 / S010",5,5,4,6,5,6,5,6,1,3,2,0,1,2,3,0
clone-3-0105-minimum,clone,minimum,3,0.6364921956502925,6,68.79457748474233,"S001,S002,S004,S008,S009,S013 / S003,S005,S006,S007,S011,S012,S014,S015 / S010",5,5,4,6,6,6,5,6,1,3,2,0,2,2,3,0
clone-3-0106-minimum,clone,minimum,3,0.5309712310546844,5,68.36776585048835,"S001,S002,S004,S008,S009,S013 / S003,S005,S006,S007,S011,S012,S015 / S010,S014",5,6,4,6,6,6,5,5,1,4,2,0,2,2,3,0
clone-3-0107-minimum,clone,minimum,3,0.5274201798909025,6,68.79457748474233,"S001,S002,S004,S008,S009,S013,S014 / S003,S005,S006,S007,S011,S015 / S010,S012",5,4,4,6,5,6,5,6,1,2,2,0,1,2,3,0
clone-3-0108-minimum,clone,minimum,3,0.5280223743449031,6,68.79457748474233,"S001,S002,S004,S008,S009,S013 / S003,S005,S006,S007,S011,S014,S015 / S010,S012",5,5,4,6,6,6,5,6,1,3,2,0,2,2,3,0
clone-3-0109-minimum,clone,minimum,3,0.4266051415594708,5,68.36776585048835,"S001,S002,S004,S008,S009,S013 / S003,S005,S006,S007,S011,S015 / S010,S012,S014",5,5,4,6,6,6,5,5,1,3,2,0,2,2,3,0
clone-3-0110-minimum,clone,minimum,3,0.6230663588820063,5,68.07922576622936,"S001,S002,S004,S009,S010,S012,S013 / S003,S005,S006,S007,S008,S011,S015 / S014",5,4,4,6,6,6,4,5,1,2,2,0,2,2,2,0
clone-3-0111-minimum,clone,minimum,3,0.6575702867652403,6,68.79457748474233,"S001,S002,S004,S009,S010,S013 / S003,S005,S006,S007,S008,S011,S012,S015 / S014",5,4,4,6,6,6,5,6,1,2,2,0,2,2,3,0
clone-3-0112-minimum,clone,minimum,3,0.620687925037241,5,68.36776585048835,"S001,S002,S004,S009,S010,S013,S014 / S003,S005,S006,S007,S008,S011,S015 / S012",5,5,4,6,6,6,4,5,1,3,2,0,2,2,2,0
clone-3-0113-minimum,clone,minimum,3,0.6543857639781463,6,68.79457748474233,"S001,S002,S004,S009,S010,S013 / S003,S005,S006,S007,S008,S011,S014,S015 / S012",5,4,4,6,5,6,4,6,1,2,2,0,1,2,2,0
clone-3-0114-minimum,clone,minimum,3,0.5424363083727064,6,68.79457748474233,"S001,S002,S004,S009,S010,S013 / S003,S005,S006,S007,S008,S011,S015 / S012,S014",5,4,4,6,6,6,5,6,1,2,2,0,2,2,3,0
clone-3-0115-minimum,clone,minimum,3,0.6495066227656828,5,68.07922576622936,"S001,S002,S004,S009,S012,S013 / S003,S005,S006,S007,S008,S010,S011,S015 / S014",5,4,4,6,5,6,4,5,1,2,2,0,1,2,2,0
clone-3-0116-minimum,clone,minimum,3,0.6985611237775777,6,68.79457748474233,"S001,S002,S004,S009,S013 / S003,S005,S006,S007,S008,S010,S011,S012,S015 / S014",5,3,4,6,5,6,5,6,1,1,2,0,1,2,3,0
clone-3-0117-minimum,clone,minimum,3,0.6474592756068828,6,68.79457748474233,"S001,S002,S004,S009,S013,S014 / S003,S005,S006,S007,S008,S010,S011,S015 / S012",5,4,4,6,5,6,4,6,1,2,2,0,1,2,2,0
clone-3-0118-minimum,clone,minimum,3,0.6953465624260915,5,68.36776585048835,"S001,S002,S004,S009,S013 / S003,S005,S006,S007,S008,S010,S011,S014,S015 / S012",5,3,4,6,4,6,4,5,1,1,2,0,0,2,2,0
clone-3-0119-minimum,clone,minimum,3,0.5821127143195265,6,68.79457748474233,"S001,S002,S004,S009,S013 / S003,S005,S006,S007,S008,S010,S011,S015 / S012,S014",5,3,4,6,5,6,5,6,1,1,2,0,1,2,3,0
clone-3-0120-minimum,clone,minimum,3,0.6373023701609936,5,68.07922576622936,"S001,S002,S004,S009,S012,S013,S014 / S003,S005,S006,S007,S008,S011,S015 / S010",5,4,4,6,6,6,4,5,1,2,2,0,2,2,2,0
clone-3-0121-minimum,clone,minimum,3,0.6682824972390452,5,68.07922576622934,"S001,S002,S004,S009,S012,S013 / S003,S005,S006,S007,S008,S011,S014,S015 / S010",5,4,4,6,5,6,4,5,1,2,2,0,1,2,2,0
clone-3-0122-minimum,clone,minimum,3,0.5568643227508924,4,67.65241413197538,"S001,S002,S004,S009,S012,S013 / S003,S005,S006,S007,S008,S011,S015 / S010,S014",5,5,4,6,6,6,4,4,1,3,2,0,2,2,2,0
clone-3-0123-minimum,clone,minimum,3,0.6694207276505703,6,68.79457748474233,"S001,S002,S004,S009,S013,S014 / S003,S005,S006,S007,S008,S011,S012,S015 / S010",5,4,4,6,6,6,5,6,1,2,2,0,2,2,3,0
clone-3-0124-minimum,clone,minimum,3,0.7175984125007552,6,68.79457748474233,"S001,S002,S004,S009,S013 / S003,S005,S006,S007,S008,S011,S012,S014,S015 / S010",5,3,4,6,5,6,5,6,1,1,2,0,1,2,3,0
clone-3-0125-minimum,clone,minimum,3,0.6043639354762033,5,68.36776585048835,"S001,S002,S004,S009,S013 / S003,S005,S006,S007,S008,S011,S012,S015 / S010,S014",5,4,4,6,6,6,5,5,1,2,2,0,2,2,3,0
clone-3-0126-minimum,clone,minimum,3,0.5547480350051439,6,68.79457748474233,"S001,S002,S004,S009,S013,S014 / S003,S005,S006,S007,S008,S011,S015 / S010,S012",5,4,4,6,6,6,5,6,1,2,2,0,2,2,3,0
clone-3-0127-minimum,clone,minimum,3,0.6011494493063918,6,68.79457748474233,"S001,S002,S004,S009,S013 / S003,S005,S006,S007,S008,S011,S014,S015 / S010,S012",5,3,4,6,5,6,5,6,1,1,2,0,1,2,3,0
clone-3-0128-minimum,clone,minimum,3,0.4879191851056985,5,68.36776585048835,"S001,S002,S004,S009,S013 / S003,S005,S006,S007,S008,S011,S015 / S010,S012,S014",5,4,4,6,6,6,5,5,1,2,2,0,2,2,3,0
clone-3-0129-minimum,clone,minimum,3,0.5062070734082382,5,68.85955498138227,"S001,S002,S004,S009,S010,S012,S013,S014 / S003,S005,S006,S007,S011,S015 / S008",5,5,4,6,6,6,4,5,1,3,2,0,2,2,2,0
clone-3-0130-minimum,clone,minimum,3,0.5094358525068376,6,69.28636661563625,"S001,S002,S004,S009,S010,S012,S013 / S003,S005,S006,S007,S011,S014,S015 / S008",5,5,4,6,6,6,4,6,1,3,2,0,2,2,2,0
clone-3-0131-minimum,clone,minimum,3,0.40663609261067024,6,69.28636661563625,"S001,S002,S004,S009,S010,S012,S013 / S003,S005,S006,S007,S011,S015 / S008,S014",5,4,4,6,5,6,4,6,1,2,2,0,1,2,2,0
clone-3-0132-minimum,clone,minimum,3,0.5098944682688495,6,69.57490669989525,"S001,S002,S004,S009,S010,S013,S014 / S003,S005,S006,S007,S011,S012,S015 / S008",5,6,4,6,6,6,5,6,1,4,2,0,2,2,3,0
clone-3-0133-minimum,clone,minimum,3,0.5381894102768635,7,70.00171833414923,"S001,S002,S004,S009,S010,S013 / S003,S005,S006,S007,S011,S012,S014,S015 / S008",5,5,4,6,6,6,5,7,1,3,2,0,2,2,3,1
clone-3-0134-minimum,clone,minimum,3,0.42695172136014164,7,70.00171833414923,"S001,S002,S004,S009,S010,S013 / S003,S005,S006,S007,S011,S012,S015 / S008,S014",5,5,4,6,5,6,5,7,1,3,2,0,1,2,3,1
clone-3-0135-minimum,clone,minimum,3,0.40391460760194897,6,69.57490669989525,"S001,S002,S004,S009,S010,S013,S014 / S003,S005,S006,S007,S011,S015 / S008,S012",5,5,4,6,6,6,5,6,1,3,2,0,2,2,3,0
clone-3-0136-minimum,clone,minimum,3,0.42380937913305616,7,70.00171833414923,"S001,S002,S004,S009,S010,S013 / S003,S005,S006,S007,S011,S014,S015 / S008,S012",5,5,4,6,6,6,5,7,1,3,2,0,2,2,3,1
clone-3-0137-minimum,clone,minimum,3,0.3140549423134858,7,70.00171833414923,"S001,S002,S004,S009,S010,S013 / S003,S005,S006,S007,S011,S015 / S008,S012,S014",5,4,4,6,5,6,5,7,1,2,2,0,1,2,3,1
clone-3-0138-minimum,clone,minimum,3,0.5071292223159022,6,69.28636661563625,"S001,S002,S004,S009,S012,S013,S014 / S003,S005,S006,S007,S010,S011,S015 / S008",5,4,4,6,6,6,4,6,1,2,2,0,2,2,2,0
clone-3-0139-minimum,clone,minimum,3,0.5308440781206221,5,68.85955498138226,"S001,S002,S004,S009,S012,S013 / S003,S005,S006,S007,S010,S011,S014,S015 / S008",5,5,4,6,6,6,4,5,1,3,2,0,2,2,2,0
clone-3-0140-minimum,clone,minimum,3,0.42066068157239866,6,69.28636661563624,"S001,S002,S004,S009,S012,S013 / S003,S005,S006,S007,S010,S011,S015 / S008,S014",5,4,4,6,5,6,4,6,1,2,2,0,1,2,2,0
clone-3-0141-minimum,clone,minimum,3,0.5318539385021428,7,70.00171833414923,"S001,S002,S004,S009,S013,S014 / S003,S005,S006,S007,S010,S011,S012,S015 / S008",5,5,4,6,6,6,5,7,1,3,2,0,2,2,3,1
clone-3-0142-minimum,clone,minimum,3,0.5778063559371711,6,69.57490669989525,"S001,S002,S004,S009,S013 / S003,S005,S006,S007,S010,S011,S012,S014,S015 / S008",5,4,4,6,6,6,5,6,1,2,2,0,2,2,3,0
clone-3-0143-minimum,clone,minimum,3,0.46457729792849284,7,70.00171833414923,"S001,S002,S004,S009,S013 / S003,S005,S006,S007,S010,S011,S012,S015 / S008,S014",5,4,4,6,5,6,5,7,1,2,2,0,1,2,3,1
clone-3-0144-minimum,clone,minimum,3,0.4183925851133952,7,70.00171833414923,"S001,S002,S004,S009,S013,S014 / S003,S005,S006,S007,S010,S011,S015 / S008,S012",5,4,4,6,6,6,5,7,1,2,2,0,2,2,3,1
clone-3-0145-minimum,clone,minimum,3,0.4613630190890317,6,69.57490669989525,"S001,S002,S004,S009,S013 / S003,S005,S006,S007,S010,S011,S014,S015 / S008,S012",5,4,4,6,6,6,5,6,1,2,2,0,2,2,3,0
clone-3-0146-minimum,clone,minimum,3,0.3481435078875425,7,70.00171833414923,"S001,S002,S004,S009,S013 / S003,S005,S006,S007,S010,S011,S015 / S008,S012,S014",5,3,4,6,5,6,5,7,1,1,2,0,1,2,3,1
clone-3-0147-minimum,clone,minimum,3,0.4228952060397664,6,69.28636661563625,"S001,S002,S004,S009,S012,S013,S014 / S003,S005,S006,S007,S011,S015 / S008,S010",5,4,4,6,5,6,4,6,1,2,2,0,1,2,2,0
clone-3-0148-minimum,clone,minimum,3,0.4390759526452509,6,69.28636661563625,"S001,S002,S004,S009,S012,S013 / S003,S005,S006,S007,S011,S014,S015 / S008,S010",5,5,4,6,5,6,4,6,1,3,2,0,1,2,2,0
clone-3-0149-minimum,clone,minimum,3,0.33058095292185685,5,68.85955498138227,"S001,S002,S004,S009,S012,S013 / S003,S005,S006,S007,S011,S015 / S008,S010,S014",5,4,4,6,4,6,4,5,1,2,2,0,0,2,2,0
clone-3-0150-minimum,clone,minimum,3,0.43995229398139385,7,70.00171833414923,"S001,S002,S004,S009,S013,S014 / S003,S005,S006,S007,S011,S012,S015 / S008,S010",5,5,4,6,5,6,5,7,1,3,2,0,1,2,3,1
clone-3-0151-minimum,clone,minimum,3,0.48361301036216897,7,70.00171833414923,"S001,S002,S004,S009,S013 / S003,S005,S006,S007,S011,S012,S014,S015 / S008,S010",5,4,4,6,5,6,5,7,1,2,2,0,1,2,3,1
clone-3-0152-minimum,clone,minimum,3,0.3703910434647043,6,69.57490669989525,"S001,S002,S004,S009,S013 / S003,S005,S006,S007,S011,S012,S015 / S008,S010,S014",5,4,4,6,4,6,5,6,1,2,2,0,0,2,3,0
clone-3-0153-minimum,clone,minimum,3,0.3281517340011927,7,70.00171833414923,"S001,S002,S004,S009,S013,S014 / S003,S005,S006,S007,S011,S015 / S008,S010,S012",5,4,4,6,5,6,5,7,1,2,2,0,1,2,3,1
clone-3-0154-minimum,clone,minimum,3,0.36717705590625194,7,70.00171833414923,"S001,S002,S004,S009,S013 / S003,S005,S006,S007,S011,S014,S015 / S008,S010,S012",5,4,4,6,5,6,5,7,1,2,2,0,1,2,3,1
clone-3-0155-minimum,clone,minimum,3,0.25397471839426533,6,69.57490669989525,"S001,S002,S004,S009,S013 / S003,S005,S006,S007,S011,S015 / S008,S010,S012,S014",5,3,4,6,4,6,5,6,1,1,2,0,0,2,3,0
clone-3-0156-minimum,clone,minimum,3,0.6101484599498321,6,68.79457748474233,"S001,S002,S008,S009,S010,S012,S013 / S003,S004,S005,S006,S007,S011,S015 / S014",5,4,4,6,5,6,5,6,1,2,2,0,1,2,3,0
clone-3-0157-minimum,clone,minimum,3,0.6280321805472242,6,68.79457748474233,"S001,S002,S008,S009,S010,S013 / S003,S004,S005,S006,S007,S011,S012,S015 / S014",5,5,4,6,5,6,5,6,1,3,2,0,1,2,3,0
clone-3-0158-minimum,clone,minimum,3,0.6074690949366567,6,69.08311756900133,"S001,S002,S008,S009,S010,S013,S014 / S003,S004,S005,S006,S007,S011,S015 / S012",5,4,4,6,4,6,5,6,1,2,2,0,0,2,3,0
clone-3-0159-minimum,clone,minimum,3,0.6249405735397477,7,69.50992920325531,"S001,S002,S008,S009,S010,S013 / S003,S004,S005,S006,S007,S011,S014,S015 / S012",5,5,4,6,5,6,5,7,1,3,2,0,1,2,3,1
clone-3-0160-minimum,clone,minimum,3,0.5169958852143174,7,69.50992920325531,"S001,S002,S008,S009,S010,S013 / S003,S004,S005,S006,S007,S011,S015 / S012,S014",5,4,4,6,5,6,6,7,1,2,2,0,1,2,4,1
clone-3-0161-minimum,clone,minimum,3,0.6229741630769624,6,68.79457748474233,"S001,S002,S008,S009,S012,S013 / S003,S004,S005,S006,S007,S010,S011,S015 / S014",5,4,4,6,6,6,5,6,1,2,2,0,2,2,3,0
clone-3-0162-minimum,clone,minimum,3,0.6574054157489587,6,68.79457748474233,"S001,S002,S008,S009,S013 / S003,S004,S005,S006,S007,S010,S011,S012,S015 / S014",5,5,4,6,6,6,5,6,1,3,2,0,2,2,3,0
clone-3-0163-minimum,clone,minimum,3,0.6205942424981096,7,69.50992920325531,"S001,S002,S008,S009,S013,S014 / S003,S004,S005,S006,S007,S010,S011,S015 / S012",5,4,4,6,5,6,5,7,1,2,2,0,1,2,3,1
clone-3-0164-minimum,clone,minimum,3,0.654221165564824,6,69.08311756900133,"S001,S002,S008,S009,S013 / S003,S004,S005,S006,S007,S010,S011,S014,S015 / S012",5,5,4,6,6,6,5,6,1,3,2,0,2,2,3,0
clone-3-0165-minimum,clone,minimum,3,0.542283420451207,7,69.50992920325531,"S001,S002,S008,S009,S013 / S003,S004,S005,S006,S007,S010,S011,S015 / S012,S014",5,4,4,6,6,6,6,7,1,2,2,0,2,2,4,1
clone-3-0166-minimum,clone,minimum,3,0.6261194938414184,6,68.79457748474233,"S001,S002,S008,S009,S012,S013,S014 / S003,S004,S005,S006,S007,S011,S015 / S010",5,4,4,6,5,6,5,6,1,2,2,0,1,2,3,0
clone-3-0167-minimum,clone,minimum,3,0.641122138920713,6,68.79457748474233,"S001,S002,S008,S009,S012,S013 / S003,S004,S005,S006,S007,S011,S014,S015 / S010",5,5,4,6,6,6,5,6,1,3,2,0,2,2,3,0
clone-3-0168-minimum,clone,minimum,3,0.5340894861159737,5,68.36776585048835,"S001,S002,S008,S009,S012,S013 / S003,S004,S005,S006,S007,S011,S015 / S010,S014",5,5,4,6,6,6,5,5,1,3,2,0,2,2,3,0
clone-3-0169-minimum,clone,minimum,3,0.6418346378323183,6,68.79457748474232,"S001,S002,S008,S009,S013,S014 / S003,S004,S005,S006,S007,S011,S012,S015 / S010",5,5,4,6,5,6,5,6,1,3,2,0,1,2,3,0
clone-3-0170-minimum,clone,minimum,3,0.6762690771279799,6,68.79457748474233,"S001,S002,S008,S009,S013 / S003,S004,S005,S006,S007,S011,S012,S014,S015 / S010",5,5,4,6,6,6,5,6,1,3,2,0,2,2,3,0
clone-3-0171-minimum,clone,minimum,3,0.5642390928399141,5,68.36776585048834,"S001,S002,S008,S009,S013 / S003,S004,S005,S006,S007,S011,S012,S015 / S010,S014",5,6,4,6,6,6,5,5,1,4,2,0,2,2,3,0
clone-3-0172-minimum,clone,minimum,3,0.5315964945109565,7,69.50992920325531,"S001,S002,S008,S009,S013,S014 / S003,S004,S005,S006,S007,S011,S015 / S010,S012",5,4,4,6,5,6,6,7,1,2,2,0,1,2,4,1
clone-3-0173-minimum,clone,minimum,3,0.5610658627812324,7,69.50992920325531,"S001,S002,S008,S009,S013 / S003,S004,S005,S006,S007,S011,S014,S015 / S010,S012",5,5,4,6,6,6,6,7,1,3,2,0,2,2,4,1
clone-3-0174-minimum,clone,minimum,3,0.4496631822818928,6,69.08311756900133,"S001,S002,S008,S009,S013 / S003,S004,S005,S006,S007,S011,S015 / S010,S012,S014",5,5,4,6,6,6,6,6,1,3,2,0,2,2,4,0
clone-3-0175-minimum,clone,minimum,3,0.6665455737591223,6,68.79457748474233,"S001,S002,S009,S010,S012,S013 / S003,S004,S005,S006,S007,S008,S011,S015 / S014",5,4,4,6,6,6,5,6,1,2,2,0,2,2,3,0
clone-3-0176-minimum,clone,minimum,3,0.7217551844886715,6,68.79457748474233,"S001,S002,S009,S010,S013 / S003,S004,S005,S006,S007,S008,S011,S012,S015 / S014",5,4,4,6,6,6,5,6,1,2,2,0,2,2,3,0
clone-3-0177-minimum,clone,minimum,3,0.6646599474362019,6,69.08311756900133,"S001,S002,S009,S010,S013,S014 / S003,S004,S005,S006,S007,S008,S011,S015 / S012",5,5,4,6,6,6,5,6,1,3,2,0,2,2,3,0
clone-3-0178-minimum,clone,minimum,3,0.7185433607553239,7,69.50992920325531,"S001,S002,S009,S010,S013 / S003,S004,S005,S006,S007,S008,S011,S014,S015 / S012",5,4,4,6,5,6,5,7,1,2,2,0,1,2,3,1
clone-3-0179-minimum,clone,minimum,3,0.6054244279466975,7,69.50992920325531,"S001,S002,S009,S010,S013 / S003,S004,S005,S006,S007,S008,S011,S015 / S012,S014",5,4,4,6,6,6,6,7,1,2,2,0,2,2,4,1
clone-3-0180-minimum,clone,minimum,3,0.7100619712796963,6,68.79457748474233,"S001,S002,S009,S012,S013 / S003,S004,S005,S006,S007,S008,S010,S011,S015 / S014",5,4,4,6,5,6,5,6,1,2,2,0,1,2,3,0
clone-3-0181-minimum,clone,minimum,3,0.7763873670191169,6,68.79457748474233,"S001,S002,S009,S013 / S003,S004,S005,S006,S007,S008,S010,S011,S012,S015 / S014",5,3,4,6,5,6,5,6,1,1,2,0,1,2,3,0
clone-3-0182-minimum,clone,minimum,3,0.7085059595529012,7,69.50992920325531,"S001,S002,S009,S013,S014 / S003,S004,S005,S006,S007,S008,S010,S011,S015 / S012",5,4,4,6,5,6,5,7,1,2,2,0,1,2,3,1
clone-3-0183-minimum,clone,minimum,3,0.7732066417069918,6,69.08311756900133,"S001,S002,S009,S013 / S003,S004,S005,S006,S007,S008,S010,S011,S014,S015 / S012",5,3,4,6,4,6,5,6,1,1,2,0,0,2,3,0
clone-3-0184-minimum,clone,minimum,3,0.6613732964066146,7,69.50992920325531,"S001,S002,S009,S013 / S003,S004,S005,S006,S007,S008,S010,S011,S015 / S012,S014",5,3,4,6,5,6,6,7,1,1,2,0,1,2,4,1
clone-3-0185-minimum,clone,minimum,3,0.677917619864216,6,68.79457748474233,"S001,S002,S009,S012,S013,S014 / S003,S004,S005,S006,S007,S008,S011,S015 / S010",5,4,4,6,6,6,5,6,1,2,2,0,2,2,3,0
clone-3-0186-minimum,clone,minimum,3,0.7290980538823515,6,68.79457748474233,"S001,S002,S009,S012,S013 / S003,S004,S005,S006,S007,S008,S011,S014,S015 / S010",5,4,4,6,5,6,5,6,1,2,2,0,1,2,3,0
clone-3-0187-minimum,clone,minimum,3,0.6158718260621043,5,68.36776585048835,"S001,S002,S009,S012,S013 / S003,S004,S005,S006,S007,S008,S011,S015 / S010,S014",5,5,4,6,6,6,5,5,1,3,2,0,2,2,3,0
clone-3-0188-minimum,clone,minimum,3,0.7307548486942267,6,68.79457748474232,"S001,S002,S009,S013,S014 / S003,S004,S005,S006,S007,S008,S011,S012,S015 / S010",5,4,4,6,6,6,5,6,1,2,2,0,2,2,3,0
clone-3-0189-minimum,clone,minimum,3,0.7952298458024204,6,68.79457748474233,"S001,S002,S009,S013 / S003,S004,S005,S006,S007,S008,S011,S012,S014,S015 / S010",5,3,4,6,5,6,5,6,1,1,2,0,1,2,3,0
clone-3-0190-minimum,clone,minimum,3,0.6833129214795405,5,68.36776585048834,"S001,S002,S009,S013 / S003,S004,S005,S006,S007,S008,S011,S012,S015 / S010,S014",5,4,4,6,6,6,5,5,1,2,2,0,2,2,3,0
clone-3-0191-minimum,clone,minimum,3,0.6143237303228581,7,69.50992920325531,"S001,S002,S009,S013,S014 / S003,S004,S005,S006,S007,S008,S011,S015 / S010,S012",5,4,4,6,6,6,6,7,1,2,2,0,2,2,4,1
clone-3-0192-minimum,clone,minimum,3,0.6801421994307777,7,69.50992920325531,"S001,S002,S009,S013 / S003,S004,S005,S006,S007,S008,S011,S014,S015 / S010,S012",5,3,4,6,5,6,6,7,1,1,2,0,1,2,4,1
clone-3-0193-minimum,clone,minimum,3,0.5687667697436705,6,69.08311756900133,"S001,S002,S009,S013 / S003,S004,S005,S006,S007,S008,S011,S015 / S010,S012,S014",5,4,4,6,6,6,6,6,1,2,2,0,2,2,4,0
clone-3-0194-minimum,clone,minimum,3,0.5137333290564705,6,69.57490669989525,"S001,S002,S009,S010,S012,S013,S014 / S003,S004,S005,S006,S007,S011,S015 / S008",5,5,4,6,6,6,5,6,1,3,2,0,2,2,3,0
clone-3-0195-minimum,clone,minimum,3,0.5465946466840972,7,70.00171833414923,"S001,S002,S009,S010,S012,S013 / S003,S004,S005,S006,S007,S011,S014,S015 / S008",5,5,4,6,6,6,5,7,1,3,2,0,2,2,3,1
clone-3-0196-minimum,clone,minimum,3,0.43452443878716535,7,70.00171833414923,"S001,S002,S009,S010,S012,S013 / S003,S004,S005,S006,S007,S011,S015 / S008,S014",5,4,4,6,5,6,5,7,1,2,2,0,1,2,3,1
clone-3-0197-minimum,clone,minimum,3,0.5478405342418928,6,69.57490669989524,"S001,S002,S009,S010,S013,S014 / S003,S004,S005,S006,S007,S011,S012,S015 / S008",5,6,4,6,6,6,5,6,1,4,2,0,2,2,3,0
clone-3-0198-minimum,clone,minimum,3,0.6011232912397108,7,70.00171833414923,"S001,S002,S009,S010,S013 / S003,S004,S005,S006,S007,S011,S012,S014,S015 / S008",5,5,4,6,6,6,5,7,1,3,2,0,2,2,3,1
clone-3-0199-minimum,clone,minimum,3,0.48806444086244893,7,70.00171833414922,"S001,S002,S009,S010,S013 / S003,S004,S005,S006,S007,S011,S012,S015 / S008,S014",5,5,4,6,5,6,5,7,1,3,2,0,1,2,3,1
clone-3-0200-minimum,clone,minimum,3,0.4324969565619236,7,70.29025841840823,"S001,S002,S009,S010,S013,S014 / S003,S004,S005,S006,S007,S011,S015 / S008,S012",5,5,4,6,6,6,6,7,1,3,2,0,2,2,4,1
clone-3-0201-minimum,clone,minimum,3,0.4848561485550852,8,70.71707005266221,"S001,S002,S009,S010,S013 / S003,S004,S005,S006,S007,S011,S014,S015 / S008,S012",5,5,4,6,6,6,6,8,1,3,2,0,2,2,4,2
clone-3-0202-minimum,clone,minimum,3,0.3719131052642996,8,70.71707005266221,"S001,S002,S009,S010,S013 / S003,S004,S005,S006,S007,S011,S015 / S008,S012,S014",5,4,4,6,5,6,6,8,1,2,2,0,1,2,4,2
clone-3-0203-minimum,clone,minimum,3,0.5395500125617373,7,70.00171833414923,"S001,S002,S009,S012,S013,S014 / S003,S004,S005,S006,S007,S010,S011,S015 / S008",5,4,4,6,6,6,5,7,1,2,2,0,2,2,3,1
clone-3-0204-minimum,clone,minimum,3,0.5893166304744899,6,69.57490669989525,"S001,S002,S009,S012,S013 / S003,S004,S005,S006,S007,S010,S011,S014,S015 / S008",5,5,4,6,6,6,5,6,1,3,2,0,2,2,3,0
clone-3-0205-minimum,clone,minimum,3,0.4761006414869772,7,70.00171833414923,"S001,S002,S009,S012,S013 / S003,S004,S005,S006,S007,S010,S011,S015 / S008,S014",5,4,4,6,5,6,5,7,1,2,2,0,1,2,3,1
clone-3-0206-minimum,clone,minimum,3,0.5909850504041873,7,70.00171833414923,"S001,S002,S009,S013,S014 / S003,S004,S005,S006,S007,S010,S011,S012,S015 / S008",5,5,4,6,6,6,5,7,1,3,2,0,2,2,3,1
clone-3-0207-minimum,clone,minimum,3,0.6571296604261793,6,69.57490669989525,"S001,S002,S009,S013 / S003,S004,S005,S006,S007,S010,S011,S012,S014,S015 / S008",5,4,4,6,6,6,5,6,1,2,2,0,2,2,3,0
clone-3-0208-minimum,clone,minimum,3,0.5459020310699122,7,70.00171833414923,"S001,S002,S009,S013 / S003,S004,S005,S006,S007,S010,S011,S012,S015 / S008,S014",5,4,4,6,5,6,5,7,1,2,2,0,1,2,3,1
clone-3-0209-minimum,clone,minimum,3,0.474570119363502,8,70.71707005266221,"S001,S002,S009,S013,S014 / S003,S004,S005,S006,S007,S010,S011,S015 / S008,S012",5,4,4,6,6,6,6,8,1,2,2,0,2,2,4,2
clone-3-0210-minimum,clone,minimum,3,0.5427566361153029,7,70.29025841840823,"S001,S002,S009,S013 / S003,S004,S005,S006,S007,S010,S011,S014,S015 / S008,S012",5,4,4,6,6,6,6,7,1,2,2,0,2,2,4,1
clone-3-0211-minimum,clone,minimum,3,0.4326090485343312,8,70.71707005266221,"S001,S002,S009,S013 / S003,S004,S005,S006,S007,S010,S011,S015 / S008,S012,S014",5,3,4,6,5,6,6,8,1,1,2,0,1,2,4,2
clone-3-0212-minimum,clone,minimum,3,0.44681719456976043,7,70.00171833414923,"S001,S002,S009,S012,S013,S014 / S003,S004,S005,S006,S007,S011,S015 / S008,S010",5,4,4,6,5,6,5,7,1,2,2,0,1,2,3,1
clone-3-0213-minimum,clone,minimum,3,0.49513374961978057,7,70.00171833414923,"S001,S002,S009,S012,S013 / S003,S004,S005,S006,S007,S011,S014,S015 / S008,S010",5,5,4,6,5,6,5,7,1,3,2,0,1,2,3,1
clone-3-0214-minimum,clone,minimum,3,0.38193096284697153,6,69.57490669989525,"S001,S002,S009,S012,S013 / S003,S004,S005,S006,S007,S011,S015 / S008,S010,S014",5,4,4,6,4,6,5,6,1,2,2,0,0,2,3,0
clone-3-0215-minimum,clone,minimum,3,0.49681366831401186,7,70.00171833414922,"S001,S002,S009,S013,S014 / S003,S004,S005,S006,S007,S011,S012,S015 / S008,S010",5,5,4,6,5,6,5,7,1,3,2,0,1,2,3,1
clone-3-0216-minimum,clone,minimum,3,0.5645456860034693,7,70.00171833414923,"S001,S002,S009,S013 / S003,S004,S005,S006,S007,S011,S012,S014,S015 / S008,S010",5,4,4,6,5,6,5,7,1,2,2,0,1,2,3,1
clone-3-0217-minimum,clone,minimum,3,0.4541338668253269,6,69.57490669989524,"S001,S002,S009,S013 / S003,S004,S005,S006,S007,S011,S012,S015 / S008,S010,S014",5,4,4,6,4,6,5,6,1,2,2,0,0,2,3,0
clone-3-0218-minimum,clone,minimum,3,0.3804196177721963,8,70.71707005266221,"S001,S002,S009,S013,S014 / S003,S004,S005,S006,S007,S011,S015 / S008,S010,S012",5,4,4,6,5,6,6,8,1,2,2,0,1,2,4,2
clone-3-0219-minimum,clone,minimum,3,0.4510199587505763,8,70.71707005266221,"S001,S002,S009,S013 / S003,S004,S005,S006,S007,S011,S014,S015 / S008,S010,S012",5,4,4,6,5,6,6,8,1,2,2,0,1,2,4,2
clone-3-0220-minimum,clone,minimum,3,0.3425214249008636,7,70.29025841840823,"S001,S002,S009,S013 / S003,S004,S005,S006,S007,S011,S015 / S008,S010,S012,S014",5,3,4,6,4,6,6,7,1,1,2,0,0,2,4,1
clone-3-0221-minimum,clone,minimum,3,0.5931975360840013,5,68.36776585048835,"S001,S002,S008,S009,S010,S012,S013,S014 / S003,S005,S006,S007,S011,S015 / S004",5,3,5,6,4,6,4,5,1,1,3,0,0,2,2,0
clone-3-0222-minimum,clone,minimum,3,0.5868943679559089,6,68.79457748474233,"S001,S002,S008,S009,S010,S012,S013 / S003,S005,S006,S007,S011,S014,S015 / S004",5,4,5,6,5,6,4,6,1,2,3,0,1,2,2,0
clone-3-0223-minimum,clone,minimum,3,0.4894439894452394,6,68.79457748474233,"S001,S002,S008,S009,S010,S012,S013 / S003,S005,S006,S007,S011,S015 / S004,S014",5,4,5,6,5,6,5,6,1,2,3,0,1,2,3,0
clone-3-0224-minimum,clone,minimum,3,0.5870334108869991,6,69.08311756900133,"S001,S002,S008,S009,S010,S013,S014 / S003,S005,S006,S007,S011,S012,S015 / S004",5,4,5,6,4,6,5,6,1,2,3,0,0,2,3,0
clone-3-0225-minimum,clone,minimum,3,0.6029478366592009,7,69.50992920325531,"S001,S002,S008,S009,S010,S013 / S003,S005,S006,S007,S011,S012,S014,S015 / S004",5,4,5,6,5,6,5,7,1,2,3,0,1,2,3,1
clone-3-0226-minimum,clone,minimum,3,0.4954476969788447,7,69.50992920325531,"S001,S002,S008,S009,S010,S013 / S003,S005,S006,S007,S011,S012,S015 / S004,S014",5,5,5,6,5,6,6,7,1,3,3,0,1,2,4,1
clone-3-0227-minimum,clone,minimum,3,0.4865603847823444,5,68.36776585048835,"S001,S002,S008,S009,S010,S013,S014 / S003,S005,S006,S007,S011,S015 / S004,S012",5,4,5,6,4,6,4,5,1,2,3,0,0,2,2,0
clone-3-0228-minimum,clone,minimum,3,0.4924335318780129,6,68.79457748474233,"S001,S002,S008,S009,S010,S013 / S003,S005,S006,S007,S011,S014,S015 / S004,S012",5,5,5,6,5,6,4,6,1,3,3,0,1,2,2,0
clone-3-0229-minimum,clone,minimum,3,0.38831597435546616,6,68.79457748474233,"S001,S002,S008,S009,S010,S013 / S003,S005,S006,S007,S011,S015 / S004,S012,S014",5,4,5,6,5,6,5,6,1,2,3,0,1,2,3,0
clone-3-0230-minimum,clone,minimum,3,0.5864315931056855,6,68.79457748474233,"S001,S002,S008,S009,S012,S013,S014 / S003,S005,S006,S007,S010,S011,S015 / S004",5,3,5,6,5,6,4,6,1,1,3,0,1,2,2,0
clone-3-0231-minimum,clone,minimum,3,0.5981636868056054,5,68.36776585048835,"S001,S002,S008,S009,S012,S013 / S003,S005,S006,S007,S010,S011,S014,S015 / S004",5,4,5,6,6,6,4,5,1,2,3,0,2,2,2,0
clone-3-0232-minimum,clone,minimum,3,0.49218102932711355,6,68.79457748474233,"S001,S002,S008,S009,S012,S013 / S003,S005,S006,S007,S010,S011,S015 / S004,S014",5,4,5,6,6,6,5,6,1,2,3,0,2,2,3,0
clone-3-0233-minimum,clone,minimum,3,0.5988060773279081,7,69.50992920325531,"S001,S002,S008,S009,S013,S014 / S003,S005,S006,S007,S010,S011,S012,S015 / S004",5,4,5,6,5,6,5,7,1,2,3,0,1,2,3,1
clone-3-0234-minimum,clone,minimum,3,0.6315399330029647,6,69.08311756900133,"S001,S002,S008,S009,S013 / S003,S005,S006,S007,S010,S011,S012,S014,S015 / S004",5,4,5,6,6,6,5,6,1,2,3,0,2,2,3,0
clone-3-0235-minimum,clone,minimum,3,0.5197085370069812,7,69.50992920325531,"S001,S002,S008,S009,S013 / S003,S005,S006,S007,S010,S011,S012,S015 / S004,S014",5,5,5,6,6,6,6,7,1,3,3,0,2,2,4,1
clone-3-0236-minimum,clone,minimum,3,0.48962291888893467,6,68.79457748474233,"S001,S002,S008,S009,S013,S014 / S003,S005,S006,S007,S010,S011,S015 / S004,S012",5,4,5,6,5,6,4,6,1,2,3,0,1,2,2,0
clone-3-0237-minimum,clone,minimum,3,0.5165428137897163,5,68.36776585048835,"S001,S002,S008,S009,S013 / S003,S005,S006,S007,S010,S011,S014,S015 / S004,S012",5,5,5,6,6,6,4,5,1,3,3,0,2,2,2,0
clone-3-0238-minimum,clone,minimum,3,0.4055205800578998,6,68.79457748474233,"S001,S002,S008,S009,S013 / S003,S005,S006,S007,S010,S011,S015 / S004,S012,S014",5,4,5,6,6,6,5,6,1,2,3,0,2,2,3,0
clone-3-0239-minimum,clone,minimum,3,0.5066029709499352,6,68.79457748474233,"S001,S002,S008,S009,S012,S013,S014 / S003,S005,S006,S007,S011,S015 / S004,S010",5,4,5,6,5,6,5,6,1,2,3,0,1,2,3,0
clone-3-0240-minimum,clone,minimum,3,0.509780641792742,6,68.79457748474233,"S001,S002,S008,S009,S012,S013 / S003,S005,S006,S007,S011,S014,S015 / S004,S010",5,5,5,6,6,6,5,6,1,3,3,0,2,2,3,0
clone-3-0241-minimum,clone,minimum,3,0.4070070916598493,5,68.36776585048835,"S001,S002,S008,S009,S012,S013 / S003,S005,S006,S007,S011,S015 / S004,S010,S014",5,5,5,6,6,6,5,5,1,3,3,0,2,2,3,0
clone-3-0242-minimum,clone,minimum,3,0.5102375691207287,7,69.50992920325531,"S001,S002,S008,S009,S013,S014 / S003,S005,S006,S007,S011,S012,S015 / S004,S010",5,5,5,6,5,6,6,7,1,3,3,0,1,2,4,1
clone-3-0243-minimum,clone,minimum,3,0.5384684720814207,7,69.50992920325531,"S001,S002,S008,S009,S013 / S003,S005,S006,S007,S011,S012,S014,S015 / S004,S010",5,5,5,6,6,6,6,7,1,3,3,0,2,2,4,1
clone-3-0244-minimum,clone,minimum,3,0.4272454474706706,6,69.08311756900133,"S001,S002,S008,S009,S013 / S003,S005,S006,S007,S011,S012,S015 / S004,S010,S014",5,6,5,6,6,6,6,6,1,4,3,0,2,2,4,0
clone-3-0245-minimum,clone,minimum,3,0.40428462445359475,6,68.79457748474233,"S001,S002,S008,S009,S013,S014 / S003,S005,S006,S007,S011,S015 / S004,S010,S012",5,4,5,6,5,6,5,6,1,2,3,0,1,2,3,0
clone-3-0246-minimum,clone,minimum,3,0.4241036230651399,6,68.79457748474233,"S001,S002,S008,S009,S013 / S003,S005,S006,S007,S011,S014,S015 / S004,S010,S012",5,5,5,6,6,6,5,6,1,3,3,0,2,2,3,0
clone-3-0247-minimum,clone,minimum,3,0.3143730999431131,5,68.36776585048835,"S001,S002,S008,S009,S013 / S003,S005,S006,S007,S011,S015 / S004,S010,S012,S014",5,5,5,6,6,6,5,5,1,3,3,0,2,2,3,0
clone-3-0248-minimum,clone,minimum,3,0.6039640627502354,5,68.36776585048835,"S001,S002,S009,S010,S012,S013,S014 / S003,S005,S006,S007,S008,S011,S015 / S004",5,4,5,6,6,6,4,5,1,2,3,0,2,2,2,0
clone-3-0249-minimum,clone,minimum,3,0.6405731557149728,6,68.79457748474233,"S001,S002,S009,S010,S012,S013 / S003,S005,S006,S007,S008,S011,S014,S015 / S004",5,3,5,6,5,6,4,6,1,1,3,0,1,2,2,0
clone-3-0250-minimum,clone,minimum,3,0.5281520039581675,6,68.79457748474233,"S001,S002,S009,S010,S012,S013 / S003,S005,S006,S007,S008,S011,S015 / S004,S014",5,4,5,6,6,6,5,6,1,2,3,0,2,2,3,0
clone-3-0251-minimum,clone,minimum,3,0.6418736367774532,6,69.08311756900133,"S001,S002,S009,S010,S013,S014 / S003,S005,S006,S007,S008,S011,S012,S015 / S004",5,4,5,6,6,6,5,6,1,2,3,0,2,2,3,0
clone-3-0252-minimum,clone,minimum,3,0.6956574805397645,7,69.50992920325531,"S001,S002,S009,S010,S013 / S003,S005,S006,S007,S008,S011,S012,S014,S015 / S004",5,3,5,6,5,6,5,7,1,1,3,0,1,2,3,1
clone-3-0253-minimum,clone,minimum,3,0.5825476879511643,7,69.50992920325531,"S001,S002,S009,S010,S013 / S003,S005,S006,S007,S008,S011,S012,S015 / S004,S014",5,4,5,6,6,6,6,7,1,2,3,0,2,2,4,1
clone-3-0254-minimum,clone,minimum,3,0.5261961746578058,5,68.36776585048835,"S001,S002,S009,S010,S013,S014 / S003,S005,S006,S007,S008,S011,S015 / S004,S012",5,5,5,6,6,6,4,5,1,3,3,0,2,2,2,0
clone-3-0255-minimum,clone,minimum,3,0.5793374542608579,6,68.79457748474233,"S001,S002,S009,S010,S013 / S003,S005,S006,S007,S008,S011,S014,S015 / S004,S012",5,4,5,6,5,6,4,6,1,2,3,0,1,2,2,0
clone-3-0256-minimum,clone,minimum,3,0.46629448884574687,6,68.79457748474233,"S001,S002,S009,S010,S013 / S003,S005,S006,S007,S008,S011,S015 / S004,S012,S014",5,4,5,6,6,6,5,6,1,2,3,0,2,2,3,0
clone-3-0257-minimum,clone,minimum,3,0.6331513422141292,6,68.79457748474233,"S001,S002,S009,S012,S013,S014 / S003,S005,S006,S007,S008,S010,S011,S015 / S004",5,3,5,6,5,6,4,6,1,1,3,0,1,2,2,0
clone-3-0258-minimum,clone,minimum,3,0.6839430541898851,5,68.36776585048835,"S001,S002,S009,S012,S013 / S003,S005,S006,S007,S008,S010,S011,S014,S015 / S004",5,3,5,6,4,6,4,5,1,1,3,0,0,2,2,0
clone-3-0259-minimum,clone,minimum,3,0.5707193904081886,6,68.79457748474233,"S001,S002,S009,S012,S013 / S003,S005,S006,S007,S008,S010,S011,S015 / S004,S014",5,4,5,6,5,6,5,6,1,2,3,0,1,2,3,0
clone-3-0260-minimum,clone,minimum,3,0.6856030883933992,7,69.50992920325531,"S001,S002,S009,S013,S014 / S003,S005,S006,S007,S008,S010,S011,S012,S015 / S004",5,3,5,6,5,6,5,7,1,1,3,0,1,2,3,1
clone-3-0261-minimum,clone,minimum,3,0.7505499716566195,6,69.08311756900133,"S001,S002,S009,S013 / S003,S005,S006,S007,S008,S010,S011,S012,S014,S015 / S004",5,2,5,6,4,6,5,6,1,0,3,0,0,2,3,0
clone-3-0262-minimum,clone,minimum,3,0.6388111522280928,7,69.50992920325531,"S001,S002,S009,S013 / S003,S005,S006,S007,S008,S010,S011,S012,S015 / S004,S014",5,3,5,6,5,6,6,7,1,1,3,0,1,2,4,1
clone-3-0263-minimum,clone,minimum,3,0.569176023180638,6,68.79457748474233,"S001,S002,S009,S013,S014 / S003,S005,S006,S007,S008,S010,S011,S015 / S004,S012",5,4,5,6,5,6,4,6,1,2,3,0,1,2,2,0
clone-3-0264-minimum,clone,minimum,3,0.6356468497104631,5,68.36776585048835,"S001,S002,S009,S013 / S003,S005,S006,S007,S008,S010,S011,S014,S015 / S004,S012",5,3,5,6,4,6,4,5,1,1,3,0,0,2,2,0
clone-3-0265-minimum,clone,minimum,3,0.5245736666248294,6,68.79457748474233,"S001,S002,S009,S013 / S003,S005,S006,S007,S008,S010,S011,S015 / S004,S012,S014",5,3,5,6,5,6,5,6,1,1,3,0,1,2,3,0
clone-3-0266-minimum,clone,minimum,3,0.5399819540425973,6,68.79457748474233,"S001,S002,S009,S012,S013,S014 / S003,S005,S006,S007,S008,S011,S015 / S004,S010",5,4,5,6,6,6,5,6,1,2,3,0,2,2,3,0
clone-3-0267-minimum,clone,minimum,3,0.5897541349321879,6,68.79457748474233,"S001,S002,S009,S012,S013 / S003,S005,S006,S007,S008,S011,S014,S015 / S004,S010",5,4,5,6,5,6,5,6,1,2,3,0,1,2,3,0
clone-3-0268-minimum,clone,minimum,3,0.47653810066046765,5,68.36776585048835,"S001,S002,S009,S012,S013 / S003,S005,S006,S007,S008,S011,S015 / S004,S010,S014",5,5,5,6,6,6,5,5,1,3,3,0,2,2,3,0
clone-3-0269-minimum,clone,minimum,3,0.5914225099480408,7,69.50992920325531,"S001,S002,S009,S013,S014 / S003,S005,S006,S007,S008,S011,S012,S015 / S004,S010",5,4,5,6,6,6,6,7,1,2,3,0,2,2,4,1
clone-3-0270-minimum,clone,minimum,3,0.6575607957925582,7,69.50992920325531,"S001,S002,S009,S013 / S003,S005,S006,S007,S008,S011,S012,S014,S015 / S004,S010",5,3,5,6,5,6,6,7,1,1,3,0,1,2,4,1
clone-3-0271-minimum,clone,minimum,3,0.5463302379685202,6,69.08311756900133,"S001,S002,S009,S013 / S003,S005,S006,S007,S008,S011,S012,S015 / S004,S010,S014",5,4,5,6,6,6,6,6,1,2,3,0,2,2,4,0
clone-3-0272-minimum,clone,minimum,3,0.4750075073020104,6,68.79457748474233,"S001,S002,S009,S013,S014 / S003,S005,S006,S007,S008,S011,S015 / S004,S010,S012",5,4,5,6,6,6,5,6,1,2,3,0,2,2,3,0
clone-3-0273-minimum,clone,minimum,3,0.543184732781856,6,68.79457748474233,"S001,S002,S009,S013 / S003,S005,S006,S007,S008,S011,S014,S015 / S004,S010,S012",5,3,5,6,5,6,5,6,1,1,3,0,1,2,3,0
clone-3-0274-minimum,clone,minimum,3,0.4330316023050099,5,68.36776585048835,"S001,S002,S009,S013 / S003,S005,S006,S007,S008,S011,S015 / S004,S010,S012,S014",5,4,5,6,6,6,5,5,1,2,3,0,2,2,3,0
clone-3-0275-minimum,clone,minimum,3,0.38474238572246666,6,69.57490669989525,"S001,S002,S009,S010,S012,S013,S014 / S003,S005,S006,S007,S011,S015 / S004,S008",5,5,5,6,6,6,5,6,1,3,3,0,2,2,3,0
clone-3-0276-minimum,clone,minimum,3,0.4087642766888606,7,70.00171833414923,"S001,S002,S009,S010,S012,S013 / S003,S005,S006,S007,S011,S014,S015 / S004,S008",5,5,5,6,6,6,5,7,1,3,3,0,2,2,3,1
clone-3-0277-minimum,clone,minimum,3,0.29782293693735146,7,70.00171833414923,"S001,S002,S009,S010,S012,S013 / S003,S005,S006,S007,S011,S015 / S004,S008,S014",5,4,5,6,5,6,5,7,1,2,3,0,1,2,3,1
clone-3-0278-minimum,clone,minimum,3,0.4098826002164941,7,70.29025841840823,"S001,S002,S009,S010,S013,S014 / S003,S005,S006,S007,S011,S012,S015 / S004,S008",5,6,5,6,6,6,6,7,1,4,3,0,2,2,4,1
clone-3-0279-minimum,clone,minimum,3,0.4619972536692581,8,70.71707005266221,"S001,S002,S009,S010,S013 / S003,S005,S006,S007,S011,S012,S014,S015 / S004,S008",5,5,5,6,6,6,6,8,1,3,3,0,2,2,4,2
clone-3-0280-minimum,clone,minimum,3,0.34908972673352023,8,70.71707005266221,"S001,S002,S009,S010,S013 / S003,S005,S006,S007,S011,S012,S015 / S004,S008,S014",5,5,5,6,5,6,6,8,1,3,3,0,1,2,4,2
clone-3-0281-minimum,clone,minimum,3,0.29561573437399724,6,69.57490669989525,"S001,S002,S009,S010,S013,S014 / S003,S005,S006,S007,S011,S015 / S004,S008,S012",5,5,5,6,6,6,5,6,1,3,3,0,2,2,3,0
clone-3-0282-minimum,clone,minimum,3,0.34588767814292687,7,70.00171833414923,"S001,S002,S009,S010,S013 / S003,S005,S006,S007,S011,S014,S015 / S004,S008,S012",5,5,5,6,6,6,5,7,1,3,3,0,2,2,3,1
clone-3-0283-minimum,clone,minimum,3,0.23331662331733333,7,70.00171833414923,"S001,S002,S009,S010,S013 / S003,S005,S006,S007,S011,S015 / S004,S008,S012,S014",5,4,5,6,5,6,5,7,1,2,3,0,1,2,3,1
clone-3-0284-minimum,clone,minimum,3,0.40260410850670403,7,70.00171833414923,"S001,S002,S009,S012,S013,S014 / S003,S005,S006,S007,S010,S011,S015 / S004,S008",5,4,5,6,6,6,5,7,1,2,3,0,2,2,3,1
clone-3-0285-minimum,clone,minimum,3,0.44998633224820994,6,69.57490669989525,"S001,S002,S009,S012,S013 / S003,S005,S006,S007,S010,S011,S014,S015 / S004,S008",5,5,5,6,6,6,5,6,1,3,3,0,2,2,3,0
clone-3-0286-minimum,clone,minimum,3,0.33679358193132997,7,70.00171833414923,"S001,S002,S009,S012,S013 / S003,S005,S006,S007,S010,S011,S015 / S004,S008,S014",5,4,5,6,5,6,5,7,1,2,3,0,1,2,3,1
clone-3-0287-minimum,clone,minimum,3,0.45167345167296147,8,70.71707005266221,"S001,S002,S009,S013,S014 / S003,S005,S006,S007,S010,S011,S012,S015 / S004,S008",5,5,5,6,6,6,6,8,1,3,3,0,2,2,4,2
clone-3-0288-minimum,clone,minimum,3,0.5203678736067744,7,70.29025841840823,"S001,S002,S009,S013 / S003,S005,S006,S007,S010,S011,S012,S014,S015 / S004,S008",5,4,5,6,6,6,6,7,1,2,3,0,2,2,4,1
clone-3-0289-minimum,clone,minimum,3,0.4105323964632996,8,70.71707005266221,"S001,S002,S009,S013 / S003,S005,S006,S007,S010,S011,S012,S015 / S004,S008,S014",5,4,5,6,5,6,6,8,1,2,3,0,1,2,4,2
clone-3-0290-minimum,clone,minimum,3,0.33529528077498405,7,70.00171833414923,"S001,S002,S009,S013,S014 / S003,S005,S006,S007,S010,S011,S015 / S004,S008,S012",5,4,5,6,6,6,5,7,1,2,3,0,2,2,3,1
clone-3-0291-minimum,clone,minimum,3,0.407441590034411,6,69.57490669989525,"S001,S002,S009,S013 / S003,S005,S006,S007,S010,S011,S014,S015 / S004,S008,S012",5,4,5,6,6,6,5,6,1,2,3,0,2,2,3,0
clone-3-0292-minimum,clone,minimum,3,0.3002315104478264,7,70.00171833414923,"S001,S002,S009,S013 / S003,S005,S006,S007,S010,S011,S015 / S004,S008,S012,S014",5,3,5,6,5,6,5,7,1,1,3,0,1,2,3,1
clone-3-0293-minimum,clone,minimum,3,0.3112543866486497,7,70.00171833414923,"S001,S002,S009,S012,S013,S014 / S003,S005,S006,S007,S011,S015 / S004,S008,S010",5,4,5,6,5,6,5,7,1,2,3,0,1,2,3,1
clone-3-0294-minimum,clone,minimum,3,0.3558214074260603,7,70.00171833414923,"S001,S002,S009,S012,S013 / S003,S005,S006,S007,S011,S014,S015 / S004,S008,S010",5,5,5,6,5,6,5,7,1,3,3,0,1,2,3,1
clone-3-0295-minimum,clone,minimum,3,0.242666833540902,6,69.57490669989525,"S001,S002,S009,S012,S013 / S003,S005,S006,S007,S011,S015 / S004,S008,S010,S014",5,4,5,6,4,6,5,6,1,2,3,0,0,2,3,0
clone-3-0296-minimum,clone,minimum,3,0.35752934688257576,8,70.71707005266221,"S001,S002,S009,S013,S014 / S003,S005,S006,S007,S011,S012,S015 / S004,S008,S010",5,5,5,6,5,6,6,8,1,3,3,0,1,2,4,2
clone-3-0297-minimum,clone,minimum,3,0.4288741080656034,8,70.71707005266221,"S001,S002,S009,S013 / S003,S005,S006,S007,S011,S012,S014,S015 / S004,S008,S010",5,4,5,6,5,6,6,8,1,2,3,0,1,2,4,2
clone-3-0298-minimum,clone,minimum,3,0.320972313028861,7,70.29025841840823,"S001,S002,S009,S013 / S003,S005,S006,S007,S011,S012,S015 / S004,S008,S010,S014",5,4,5,6,4,6,6,7,1,2,3,0,0,2,4,1
clone-3-0299-minimum,clone,minimum,3,0.2412116257914606,7,70.00171833414923,"S001,S002,S009,S013,S014 / S003,S005,S006,S007,S011,S015 / S004,S008,S010,S012",5,4,5,6,5,6,5,7,1,2,3,0,1,2,3,1
clone-3-0300-minimum,clone,minimum,3,0.31796339749674035,7,70.00171833414923,"S001,S002,S009,S013 / S003,S005,S006,S007,S011,S014,S015 / S004,S008,S010,S012",5,4,5,6,5,6,5,7,1,2,3,0,1,2,3,1
clone-3-0301-minimum,clone,minimum,3,0.21579419181676499,6,69.57490669989525,"S001,S002,S009,S013 / S003,S005,S006,S007,S011,S015 / S004,S008,S010,S012,S014",5,3,5,6,4,6,5,6,1,1,3,0,0,2,3,0
clone-3-0302-minimum,clone,minimum,3,0.9087734522050217,6,68.79457748474233,"S001,S003,S004,S005,S006,S007,S008,S010,S011,S012,S015 / S002,S009,S013 / S014",5,3,3,6,5,4,5,6,1,1,1,0,1,0,3,0
clone-3-0303-minimum,clone,minimum,3,0.8260330490742815,6,68.79457748474233,"S001,S003,S004,S005,S006,S007,S008,S010,S011,S015 / S002,S009,S012,S013 / S014",5,4,3,6,5,4,5,6,1,2,1,0,1,0,3,0
clone-3-0304-minimum,clone,minimum,3,0.9057151596039074,6,69.08311756900135,"S001,S003,S004,S005,S006,S007,S008,S010,S011,S014,S015 / S002,S009,S013 / S012",5,3,3,6,4,4,5,6,1,1,1,0,0,0,3,0
clone-3-0305-minimum,clone,minimum,3,0.825071932643786,7,69.50992920325531,"S001,S003,S004,S005,S006,S007,S008,S010,S011,S015 / S002,S009,S013,S014 / S012",5,4,3,6,5,4,5,7,1,2,1,0,1,0,3,1
clone-3-0306-minimum,clone,minimum,3,0.7987689632398737,7,69.50992920325531,"S001,S003,S004,S005,S006,S007,S008,S010,S011,S015 / S002,S009,S013 / S012,S014",5,3,3,6,5,4,6,7,1,1,1,0,1,0,4,1
clone-3-0307-minimum,clone,minimum,3,0.8412266370411436,6,68.79457748474233,"S001,S003,S004,S005,S006,S007,S008,S011,S012,S015 / S002,S009,S010,S013 / S014",5,4,3,6,6,4,5,6,1,2,1,0,2,0,3,0
clone-3-0308-minimum,clone,minimum,3,0.7655491243341239,6,68.79457748474233,"S001,S003,S004,S005,S006,S007,S008,S011,S015 / S002,S009,S010,S012,S013 / S014",5,4,3,6,6,4,5,6,1,2,1,0,2,0,3,0
clone-3-0309-minimum,clone,minimum,3,0.8381025388385377,7,69.50992920325531,"S001,S003,S004,S005,S006,S007,S008,S011,S014,S015 / S002,S009,S010,S013 / S012",5,4,3,6,5,4,5,7,1,2,1,0,1,0,3,1
clone-3-0310-minimum,clone,minimum,3,0.7643138817305295,6,69.08311756900133,"S001,S003,S004,S005,S006,S007,S008,S011,S015 / S002,S009,S010,S013,S014 / S012",5,5,3,6,6,4,5,6,1,3,1,0,2,0,3,0
clone-3-0311-minimum,clone,minimum,3,0.728557356805665,7,69.50992920325531,"S001,S003,S004,S005,S006,S007,S008,S011,S015 / S002,S009,S010,S013 / S012,S014",5,4,3,6,6,4,6,7,1,2,1,0,2,0,4,1
clone-3-0312-minimum,clone,minimum,3,0.9269069553760146,6,68.79457748474233,"S001,S003,S004,S005,S006,S007,S008,S011,S012,S014,S015 / S002,S009,S013 / S010",5,3,3,6,5,4,5,6,1,1,1,0,1,0,3,0
clone-3-0313-minimum,clone,minimum,3,0.8467940746826598,6,68.79457748474233,"S001,S003,S004,S005,S006,S007,S008,S011,S012,S015 / S002,S009,S013,S014 / S010",5,4,3,6,6,4,5,6,1,2,1,0,2,0,3,0
clone-3-0314-minimum,clone,minimum,3,0.8196513434439185,5,68.36776585048835,"S001,S003,S004,S005,S006,S007,S008,S011,S012,S015 / S002,S009,S013 / S010,S014",5,4,3,6,6,4,5,5,1,2,1,0,2,0,3,0
clone-3-0315-minimum,clone,minimum,3,0.8446305226453249,6,68.79457748474233,"S001,S003,S004,S005,S006,S007,S008,S011,S014,S015 / S002,S009,S012,S013 / S010",5,4,3,6,5,4,5,6,1,2,1,0,1,0,3,0
clone-3-0316-minimum,clone,minimum,3,0.7730980576159107,6,68.79457748474233,"S001,S003,S004,S005,S006,S007,S008,S011,S015 / S002,S009,S012,S013,S014 / S010",5,4,3,6,6,4,5,6,1,2,1,0,2,0,3,0
clone-3-0317-minimum,clone,minimum,3,0.7343436754171558,5,68.36776585048835,"S001,S003,S004,S005,S006,S007,S008,S011,S015 / S002,S009,S012,S013 / S010,S014",5,5,3,6,6,4,5,5,1,3,1,0,2,0,3,0
clone-3-0318-minimum,clone,minimum,3,0.8166301386710038,7,69.50992920325533,"S001,S003,S004,S005,S006,S007,S008,S011,S014,S015 / S002,S009,S013 / S010,S012",5,3,3,6,5,4,6,7,1,1,1,0,1,0,4,1
clone-3-0319-minimum,clone,minimum,3,0.7334688659616894,7,69.50992920325531,"S001,S003,S004,S005,S006,S007,S008,S011,S015 / S002,S009,S013,S014 / S010,S012",5,4,3,6,6,4,6,7,1,2,1,0,2,0,4,1
clone-3-0320-minimum,clone,minimum,3,0.7112895262710962,6,69.08311756900133,"S001,S003,S004,S005,S006,S007,S008,S011,S015 / S002,S009,S013 / S010,S012,S014",5,4,3,6,6,4,6,6,1,2,1,0,2,0,4,0
clone-3-0321-minimum,clone,minimum,3,0.751634050831115,6,68.79457748474233,"S001,S003,S004,S005,S006,S007,S010,S011,S012,S015 / S002,S008,S009,S013 / S014",5,5,3,6,6,4,5,6,1,3,1,0,2,0,3,0
clone-3-0322-minimum,clone,minimum,3,0.6898691360785479,6,68.79457748474233,"S001,S003,S004,S005,S006,S007,S010,S011,S015 / S002,S008,S009,S012,S013 / S014",5,4,3,6,6,4,5,6,1,2,1,0,2,0,3,0
clone-3-0323-minimum,clone,minimum,3,0.7484362330729973,6,69.08311756900133,"S001,S003,S004,S005,S006,S007,S010,S011,S014,S015 / S002,S008,S009,S013 / S012",5,5,3,6,6,4,5,6,1,3,1,0,2,0,3,0
clone-3-0324-minimum,clone,minimum,3,0.688171661058018,7,69.50992920325531,"S001,S003,S004,S005,S006,S007,S010,S011,S015 / S002,S008,S009,S013,S014 / S012",5,4,3,6,5,4,5,7,1,2,1,0,1,0,3,1
clone-3-0325-minimum,clone,minimum,3,0.6358997951554833,7,69.50992920325531,"S001,S003,S004,S005,S006,S007,S010,S011,S015 / S002,S008,S009,S013 / S012,S014",5,4,3,6,6,4,6,7,1,2,1,0,2,0,4,1
clone-3-0326-minimum,clone,minimum,3,0.7005969956266951,6,68.79457748474233,"S001,S003,S004,S005,S006,S007,S011,S012,S015 / S002,S008,S009,S010,S013 / S014",5,5,3,6,5,4,5,6,1,3,1,0,1,0,3,0
clone-3-0327-minimum,clone,minimum,3,0.6509559316858495,6,68.79457748474233,"S001,S003,S004,S005,S006,S007,S011,S015 / S002,S008,S009,S010,S012,S013 / S014",5,4,3,6,5,4,5,6,1,2,1,0,1,0,3,0
clone-3-0328-minimum,clone,minimum,3,0.6973822816255157,7,69.50992920325531,"S001,S003,S004,S005,S006,S007,S011,S014,S015 / S002,S008,S009,S010,S013 / S012",5,5,3,6,5,4,5,7,1,3,1,0,1,0,3,1
clone-3-0329-minimum,clone,minimum,3,0.6489234063664447,6,69.08311756900133,"S001,S003,S004,S005,S006,S007,S011,S015 / S002,S008,S009,S010,S013,S014 / S012",5,4,3,6,4,4,5,6,1,2,1,0,0,0,3,0
clone-3-0330-minimum,clone,minimum,3,0.5841419788686488,7,69.50992920325531,"S001,S003,S004,S005,S006,S007,S011,S015 / S002,S008,S009,S010,S013 / S012,S014",5,4,3,6,5,4,6,7,1,2,1,0,1,0,4,1
clone-3-0331-minimum,clone,minimum,3,0.7705750339168767,6,68.79457748474233,"S001,S003,S004,S005,S006,S007,S011,S012,S014,S015 / S002,S008,S009,S013 / S010",5,5,3,6,6,4,5,6,1,3,1,0,2,0,3,0
clone-3-0332-minimum,clone,minimum,3,0.7104148649175756,6,68.79457748474233,"S001,S003,S004,S005,S006,S007,S011,S012,S015 / S002,S008,S009,S013,S014 / S010",5,5,3,6,5,4,5,6,1,3,1,0,1,0,3,0
clone-3-0333-minimum,clone,minimum,3,0.657995100273778,5,68.36776585048834,"S001,S003,S004,S005,S006,S007,S011,S012,S015 / S002,S008,S009,S013 / S010,S014",5,6,3,6,6,4,5,5,1,4,1,0,2,0,3,0
clone-3-0334-minimum,clone,minimum,3,0.7088965838331615,6,68.79457748474233,"S001,S003,S004,S005,S006,S007,S011,S014,S015 / S002,S008,S009,S012,S013 / S010",5,5,3,6,6,4,5,6,1,3,1,0,2,0,3,0
clone-3-0335-minimum,clone,minimum,3,0.6631847026902372,6,68.79457748474233,"S001,S003,S004,S005,S006,S007,S011,S015 / S002,S008,S009,S012,S013,S014 / S010",5,4,3,6,5,4,5,6,1,2,1,0,1,0,3,0
clone-3-0336-minimum,clone,minimum,3,0.5957299124726786,5,68.36776585048835,"S001,S003,S004,S005,S006,S007,S011,S015 / S002,S008,S009,S012,S013 / S010,S014",5,5,3,6,6,4,5,5,1,3,1,0,2,0,3,0
clone-3-0337-minimum,clone,minimum,3,0.6548024864527546,7,69.50992920325531,"S001,S003,S004,S005,S006,S007,S011,S014,S015 / S002,S008,S009,S013 / S010,S012",5,5,3,6,6,4,6,7,1,3,1,0,2,0,4,1
clone-3-0338-minimum,clone,minimum,3,0.5940183386231831,7,69.50992920325531,"S001,S003,S004,S005,S006,S007,S011,S015 / S002,S008,S009,S013,S014 / S010,S012",5,4,3,6,5,4,6,7,1,2,1,0,1,0,4,1
clone-3-0339-minimum,clone,minimum,3,0.5425072822231641,6,69.08311756900133,"S001,S003,S004,S005,S006,S007,S011,S015 / S002,S008,S009,S013 / S010,S012,S014",5,5,3,6,6,4,6,6,1,3,1,0,2,0,4,0
clone-3-0340-minimum,clone,minimum,3,0.7947360980048941,6,69.57490669989525,"S001,S003,S004,S005,S006,S007,S010,S011,S012,S014,S015 / S002,S009,S013 / S008",5,4,3,6,6,4,5,6,1,2,1,0,2,0,3,0
clone-3-0341-minimum,clone,minimum,3,0.7108733814256282,7,70.00171833414923,"S001,S003,S004,S005,S006,S007,S010,S011,S012,S015 / S002,S009,S013,S014 / S008",5,5,3,6,6,4,5,7,1,3,1,0,2,0,3,1
clone-3-0342-minimum,clone,minimum,3,0.6898846876583783,7,70.00171833414923,"S001,S003,S004,S005,S006,S007,S010,S011,S012,S015 / S002,S009,S013 / S008,S014",5,4,3,6,5,4,5,7,1,2,1,0,1,0,3,1
clone-3-0343-minimum,clone,minimum,3,0.7086119651499089,6,69.57490669989525,"S001,S003,S004,S005,S006,S007,S010,S011,S014,S015 / S002,S009,S012,S013 / S008",5,5,3,6,6,4,5,6,1,3,1,0,2,0,3,0
clone-3-0344-minimum,clone,minimum,3,0.6342259865483502,7,70.00171833414923,"S001,S003,S004,S005,S006,S007,S010,S011,S015 / S002,S009,S012,S013,S014 / S008",5,4,3,6,6,4,5,7,1,2,1,0,2,0,3,1
clone-3-0345-minimum,clone,minimum,3,0.5997119532768581,7,70.00171833414923,"S001,S003,S004,S005,S006,S007,S010,S011,S015 / S002,S009,S012,S013 / S008,S014",5,4,3,6,5,4,5,7,1,2,1,0,1,0,3,1
clone-3-0346-minimum,clone,minimum,3,0.6869470260341866,7,70.29025841840823,"S001,S003,S004,S005,S006,S007,S010,S011,S014,S015 / S002,S009,S013 / S008,S012",5,4,3,6,6,4,6,7,1,2,1,0,2,0,4,1
clone-3-0347-minimum,clone,minimum,3,0.5990156996947162,8,70.71707005266221,"S001,S003,S004,S005,S006,S007,S010,S011,S015 / S002,S009,S013,S014 / S008,S012",5,4,3,6,6,4,6,8,1,2,1,0,2,0,4,2
clone-3-0348-minimum,clone,minimum,3,0.5853271045174804,8,70.71707005266221,"S001,S003,S004,S005,S006,S007,S010,S011,S015 / S002,S009,S013 / S008,S012,S014",5,3,3,6,5,4,6,8,1,1,1,0,1,0,4,2
clone-3-0349-minimum,clone,minimum,3,0.7244136600704056,7,70.00171833414923,"S001,S003,S004,S005,S006,S007,S011,S012,S014,S015 / S002,S009,S010,S013 / S008",5,5,3,6,6,4,5,7,1,3,1,0,2,0,3,1
clone-3-0350-minimum,clone,minimum,3,0.6479558243755739,6,69.57490669989524,"S001,S003,S004,S005,S006,S007,S011,S012,S015 / S002,S009,S010,S013,S014 / S008",5,6,3,6,6,4,5,6,1,4,1,0,2,0,3,0
clone-3-0351-minimum,clone,minimum,3,0.6162618095737703,7,70.00171833414922,"S001,S003,S004,S005,S006,S007,S011,S012,S015 / S002,S009,S010,S013 / S008,S014",5,5,3,6,5,4,5,7,1,3,1,0,1,0,3,1
clone-3-0352-minimum,clone,minimum,3,0.6459430305754853,7,70.00171833414923,"S001,S003,S004,S005,S006,S007,S011,S014,S015 / S002,S009,S010,S012,S013 / S008",5,5,3,6,6,4,5,7,1,3,1,0,2,0,3,1
clone-3-0353-minimum,clone,minimum,3,0.581970947820268,6,69.57490669989525,"S001,S003,S004,S005,S006,S007,S011,S015 / S002,S009,S010,S012,S013,S014 / S008",5,5,3,6,6,4,5,6,1,3,1,0,2,0,3,0
clone-3-0354-minimum,clone,minimum,3,0.5342601976075462,7,70.00171833414923,"S001,S003,S004,S005,S006,S007,S011,S015 / S002,S009,S010,S012,S013 / S008,S014",5,4,3,6,5,4,5,7,1,2,1,0,1,0,3,1
clone-3-0355-minimum,clone,minimum,3,0.6132183950985204,8,70.71707005266221,"S001,S003,S004,S005,S006,S007,S011,S014,S015 / S002,S009,S010,S013 / S008,S012",5,5,3,6,6,4,6,8,1,3,1,0,2,0,4,2
clone-3-0356-minimum,clone,minimum,3,0.5331946103337022,7,70.29025841840823,"S001,S003,S004,S005,S006,S007,S011,S015 / S002,S009,S010,S013,S014 / S008,S012",5,5,3,6,6,4,6,7,1,3,1,0,2,0,4,1
clone-3-0357-minimum,clone,minimum,3,0.5073622503122323,8,70.71707005266221,"S001,S003,S004,S005,S006,S007,S011,S015 / S002,S009,S010,S013 / S008,S012,S014",5,4,3,6,5,4,6,8,1,2,1,0,1,0,4,2
clone-3-0358-minimum,clone,minimum,3,0.7073314914720726,7,70.00171833414923,"S001,S003,S004,S005,S006,S007,S011,S012,S014,S015 / S002,S009,S013 / S008,S010",5,4,3,6,5,4,5,7,1,2,1,0,1,0,3,1
clone-3-0359-minimum,clone,minimum,3,0.6202591297390566,7,70.00171833414923,"S001,S003,S004,S005,S006,S007,S011,S012,S015 / S002,S009,S013,S014 / S008,S010",5,5,3,6,5,4,5,7,1,3,1,0,1,0,3,1
clone-3-0360-minimum,clone,minimum,3,0.6049705415305168,6,69.57490669989525,"S001,S003,S004,S005,S006,S007,S011,S012,S015 / S002,S009,S013 / S008,S010,S014",5,4,3,6,4,4,5,6,1,2,1,0,0,0,3,0
clone-3-0361-minimum,clone,minimum,3,0.6179111494342151,7,70.00171833414923,"S001,S003,S004,S005,S006,S007,S011,S014,S015 / S002,S009,S012,S013 / S008,S010",5,5,3,6,5,4,5,7,1,3,1,0,1,0,3,1
clone-3-0362-minimum,clone,minimum,3,0.5409195168449816,7,70.00171833414923,"S001,S003,S004,S005,S006,S007,S011,S015 / S002,S009,S012,S013,S014 / S008,S010",5,4,3,6,5,4,5,7,1,2,1,0,1,0,3,1
clone-3-0363-minimum,clone,minimum,3,0.5105622379718344,6,69.57490669989525,"S001,S003,S004,S005,S006,S007,S011,S015 / S002,S009,S012,S013 / S008,S010,S014",5,4,3,6,4,4,5,6,1,2,1,0,0,0,3,0
clone-3-0364-minimum,clone,minimum,3,0.6021215708676659,8,70.71707005266221,"S001,S003,S004,S005,S006,S007,S011,S014,S015 / S002,S009,S013 / S008,S010,S012",5,4,3,6,5,4,6,8,1,2,1,0,1,0,4,2
clone-3-0365-minimum,clone,minimum,3,0.5100412025089405,8,70.71707005266221,"S001,S003,S004,S005,S006,S007,S011,S015 / S002,S009,S013,S014 / S008,S010,S012",5,4,3,6,5,4,6,8,1,2,1,0,1,0,4,2
clone-3-0366-minimum,clone,minimum,3,0.5045771391055247,7,70.29025841840823,"S001,S003,S004,S005,S006,S007,S011,S015 / S002,S009,S013 / S008,S010,S012,S014",5,3,3,6,4,4,6,7,1,1,1,0,0,0,4,1
clone-3-0367-minimum,clone,minimum,3,0.8107333351908887,6,68.79457748474233,"S001,S003,S005,S006,S007,S008,S010,S011,S012,S015 / S002,S004,S009,S013 / S014",5,3,4,6,5,4,5,6,1,1,2,0,1,0,3,0
clone-3-0368-minimum,clone,minimum,3,0.7390605533326908,5,68.07922576622936,"S001,S003,S005,S006,S007,S008,S010,S011,S015 / S002,S004,S009,S012,S013 / S014",5,4,4,6,5,4,4,5,1,2,2,0,1,0,2,0
clone-3-0369-minimum,clone,minimum,3,0.8075811629829557,5,68.36776585048835,"S001,S003,S005,S006,S007,S008,S010,S011,S014,S015 / S002,S004,S009,S013 / S012",5,3,4,6,4,4,4,5,1,1,2,0,0,0,2,0
clone-3-0370-minimum,clone,minimum,3,0.7376825646947054,6,68.79457748474233,"S001,S003,S005,S006,S007,S008,S010,S011,S015 / S002,S004,S009,S013,S014 / S012",5,4,4,6,5,4,4,6,1,2,2,0,1,0,2,0
clone-3-0371-minimum,clone,minimum,3,0.6969085198062882,6,68.79457748474233,"S001,S003,S005,S006,S007,S008,S010,S011,S015 / S002,S004,S009,S013 / S012,S014",5,3,4,6,5,4,5,6,1,1,2,0,1,0,3,0
clone-3-0372-minimum,clone,minimum,3,0.7518905797643631,6,68.79457748474233,"S001,S003,S005,S006,S007,S008,S011,S012,S015 / S002,S004,S009,S010,S013 / S014",5,4,4,6,6,4,5,6,1,2,2,0,2,0,3,0
clone-3-0373-minimum,clone,minimum,3,0.6900747791449426,5,68.07922576622936,"S001,S003,S005,S006,S007,S008,S011,S015 / S002,S004,S009,S010,S012,S013 / S014",5,4,4,6,6,4,4,5,1,2,2,0,2,0,2,0
clone-3-0374-minimum,clone,minimum,3,0.748692918218079,6,68.79457748474233,"S001,S003,S005,S006,S007,S008,S011,S014,S015 / S002,S004,S009,S010,S013 / S012",5,4,4,6,5,4,4,6,1,2,2,0,1,0,2,0
clone-3-0375-minimum,clone,minimum,3,0.6883788330111006,5,68.36776585048835,"S001,S003,S005,S006,S007,S008,S011,S015 / S002,S004,S009,S010,S013,S014 / S012",5,5,4,6,6,4,4,5,1,3,2,0,2,0,2,0
clone-3-0376-minimum,clone,minimum,3,0.6361629399868204,6,68.79457748474233,"S001,S003,S005,S006,S007,S008,S011,S015 / S002,S004,S009,S010,S013 / S012,S014",5,4,4,6,6,4,5,6,1,2,2,0,2,0,3,0
clone-3-0377-minimum,clone,minimum,3,0.8294109543909399,6,68.79457748474233,"S001,S003,S005,S006,S007,S008,S011,S012,S014,S015 / S002,S004,S009,S013 / S010",5,3,4,6,5,4,5,6,1,1,2,0,1,0,3,0
clone-3-0378-minimum,clone,minimum,3,0.7598623033197217,6,68.79457748474233,"S001,S003,S005,S006,S007,S008,S011,S012,S015 / S002,S004,S009,S013,S014 / S010",5,4,4,6,6,4,5,6,1,2,2,0,2,0,3,0
clone-3-0379-minimum,clone,minimum,3,0.7185934845400382,5,68.36776585048835,"S001,S003,S005,S006,S007,S008,S011,S012,S015 / S002,S004,S009,S013 / S010,S014",5,4,4,6,6,4,5,5,1,2,2,0,2,0,3,0
clone-3-0380-minimum,clone,minimum,3,0.7580417515518064,5,68.07922576622936,"S001,S003,S005,S006,S007,S008,S011,S014,S015 / S002,S004,S009,S012,S013 / S010",5,4,4,6,5,4,4,5,1,2,2,0,1,0,2,0
clone-3-0381-minimum,clone,minimum,3,0.7003368273556261,5,68.07922576622936,"S001,S003,S005,S006,S007,S008,S011,S015 / S002,S004,S009,S012,S013,S014 / S010",5,4,4,6,6,4,4,5,1,2,2,0,2,0,2,0
clone-3-0382-minimum,clone,minimum,3,0.6451894720246993,4,67.65241413197538,"S001,S003,S005,S006,S007,S008,S011,S015 / S002,S004,S009,S012,S013 / S010,S014",5,5,4,6,6,4,4,4,1,3,2,0,2,0,2,0
clone-3-0383-minimum,clone,minimum,3,0.7154586540892905,6,68.79457748474233,"S001,S003,S005,S006,S007,S008,S011,S014,S015 / S002,S004,S009,S013 / S010,S012",5,3,4,6,5,4,5,6,1,1,2,0,1,0,3,0
clone-3-0384-minimum,clone,minimum,3,0.6438457636810211,6,68.79457748474233,"S001,S003,S005,S006,S007,S008,S011,S015 / S002,S004,S009,S013,S014 / S010,S012",5,4,4,6,6,4,5,6,1,2,2,0,2,0,3,0
clone-3-0385-minimum,clone,minimum,3,0.6055669545005853,5,68.36776585048835,"S001,S003,S005,S006,S007,S008,S011,S015 / S002,S004,S009,S013 / S010,S012,S014",5,4,4,6,6,4,5,5,1,2,2,0,2,0,3,0
clone-3-0386-minimum,clone,minimum,3,0.6794104622401972,6,68.79457748474233,"S001,S003,S005,S006,S007,S010,S011,S012,S015 / S002,S004,S008,S009,S013 / S014",5,5,4,6,6,4,5,6,1,3,2,0,2,0,3,0
clone-3-0387-minimum,clone,minimum,3,0.6364155911971113,5,68.07922576622936,"S001,S003,S005,S006,S007,S010,S011,S015 / S002,S004,S008,S009,S012,S013 / S014",5,4,4,6,6,4,4,5,1,2,2,0,2,0,2,0
clone-3-0388-minimum,clone,minimum,3,0.6762023779317904,5,68.36776585048835,"S001,S003,S005,S006,S007,S010,S011,S014,S015 / S002,S004,S008,S009,S013 / S012",5,5,4,6,6,4,4,5,1,3,2,0,2,0,2,0
clone-3-0389-minimum,clone,minimum,3,0.6342220303465463,6,68.79457748474233,"S001,S003,S005,S006,S007,S010,S011,S015 / S002,S004,S008,S009,S013,S014 / S012",5,4,4,6,5,4,4,6,1,2,2,0,1,0,2,0
clone-3-0390-minimum,clone,minimum,3,0.5632438675188685,6,68.79457748474233,"S001,S003,S005,S006,S007,S010,S011,S015 / S002,S004,S008,S009,S013 / S012,S014",5,4,4,6,6,4,5,6,1,2,2,0,2,0,3,0
clone-3-0391-minimum,clone,minimum,3,0.643225322750533,6,68.79457748474233,"S001,S003,S005,S006,S007,S011,S012,S015 / S002,S004,S008,S009,S010,S013 / S014",5,5,4,6,5,4,5,6,1,3,2,0,1,0,3,0
clone-3-0392-minimum,clone,minimum,3,0.6157165261024979,5,68.07922576622936,"S001,S003,S005,S006,S007,S011,S015 / S002,S004,S008,S009,S010,S012,S013 / S014",5,4,4,6,5,4,4,5,1,2,2,0,1,0,2,0
clone-3-0393-minimum,clone,minimum,3,0.640072451667035,6,68.79457748474233,"S001,S003,S005,S006,S007,S011,S014,S015 / S002,S004,S008,S009,S010,S013 / S012",5,5,4,6,5,4,4,6,1,3,2,0,1,0,2,0
clone-3-0394-minimum,clone,minimum,3,0.6132020643617427,5,68.36776585048835,"S001,S003,S005,S006,S007,S011,S015 / S002,S004,S008,S009,S010,S013,S014 / S012",5,4,4,6,4,4,4,5,1,2,2,0,0,0,2,0
clone-3-0395-minimum,clone,minimum,3,0.5294854030180026,6,68.79457748474233,"S001,S003,S005,S006,S007,S011,S015 / S002,S004,S008,S009,S010,S013 / S012,S014",5,4,4,6,5,4,5,6,1,2,2,0,1,0,3,0
clone-3-0396-minimum,clone,minimum,3,0.6984106146893747,6,68.79457748474233,"S001,S003,S005,S006,S007,S011,S012,S014,S015 / S002,S004,S008,S009,S013 / S010",5,5,4,6,6,4,5,6,1,3,2,0,2,0,3,0
clone-3-0397-minimum,clone,minimum,3,0.6559308438090755,6,68.79457748474233,"S001,S003,S005,S006,S007,S011,S012,S015 / S002,S004,S008,S009,S013,S014 / S010",5,5,4,6,5,4,5,6,1,3,2,0,1,0,3,0
clone-3-0398-minimum,clone,minimum,3,0.5854325748314753,5,68.36776585048835,"S001,S003,S005,S006,S007,S011,S012,S015 / S002,S004,S008,S009,S013 / S010,S014",5,6,4,6,6,4,5,5,1,4,2,0,2,0,3,0
clone-3-0399-minimum,clone,minimum,3,0.6549705492291088,5,68.07922576622936,"S001,S003,S005,S006,S007,S011,S014,S015 / S002,S004,S008,S009,S012,S013 / S010",5,5,4,6,6,4,4,5,1,3,2,0,2,0,2,0
clone-3-0400-minimum,clone,minimum,3,0.6307380529339629,5,68.07922576622936,"S001,S003,S005,S006,S007,S011,S015 / S002,S004,S008,S009,S012,S013,S014 / S010",5,4,4,6,5,4,4,5,1,2,2,0,1,0,2,0
clone-3-0401-minimum,clone,minimum,3,0.5450948782336671,4,67.65241413197538,"S001,S003,S005,S006,S007,S011,S015 / S002,S004,S008,S009,S012,S013 / S010,S014",5,5,4,6,6,4,4,4,1,3,2,0,2,0,2,0
clone-3-0402-minimum,clone,minimum,3,0.582226824412689,6,68.79457748474233,"S001,S003,S005,S006,S007,S011,S014,S015 / S002,S004,S008,S009,S013 / S010,S012",5,5,4,6,6,4,5,6,1,3,2,0,2,0,3,0
clone-3-0403-minimum,clone,minimum,3,0.5428112500409835,6,68.79457748474233,"S001,S003,S005,S006,S007,S011,S015 / S002,S004,S008,S009,S013,S014 / S010,S012",5,4,4,6,5,4,5,6,1,2,2,0,1,0,3,0
clone-3-0404-minimum,clone,minimum,3,0.4693806279991275,5,68.36776585048835,"S001,S003,S005,S006,S007,S011,S015 / S002,S004,S008,S009,S013 / S010,S012,S014",5,5,4,6,6,4,5,5,1,3,2,0,2,0,3,0
clone-3-0405-minimum,clone,minimum,3,0.6927158964483244,6,69.57490669989525,"S001,S003,S005,S006,S007,S010,S011,S012,S014,S015 / S002,S004,S009,S013 / S008",5,4,4,6,6,4,5,6,1,2,2,0,2,0,3,0
clone-3-0406-minimum,clone,minimum,3,0.6206088138989825,7,70.00171833414923,"S001,S003,S005,S006,S007,S010,S011,S012,S015 / S002,S004,S009,S013,S014 / S008",5,5,4,6,6,4,5,7,1,3,2,0,2,0,3,1
clone-3-0407-minimum,clone,minimum,3,0.5830720143004434,7,70.00171833414923,"S001,S003,S005,S006,S007,S010,S011,S012,S015 / S002,S004,S009,S013 / S008,S014",5,4,4,6,5,4,5,7,1,2,2,0,1,0,3,1
clone-3-0408-minimum,clone,minimum,3,0.6187417190121709,5,68.85955498138227,"S001,S003,S005,S006,S007,S010,S011,S014,S015 / S002,S004,S009,S012,S013 / S008",5,5,4,6,6,4,4,5,1,3,2,0,2,0,2,0
clone-3-0409-minimum,clone,minimum,3,0.5608185869380425,6,69.28636661563625,"S001,S003,S005,S006,S007,S010,S011,S015 / S002,S004,S009,S012,S013,S014 / S008",5,4,4,6,6,4,4,6,1,2,2,0,2,0,2,0
clone-3-0410-minimum,clone,minimum,3,0.5061097395529769,6,69.28636661563625,"S001,S003,S005,S006,S007,S010,S011,S015 / S002,S004,S009,S012,S013 / S008,S014",5,4,4,6,5,4,4,6,1,2,2,0,1,0,2,0
clone-3-0411-minimum,clone,minimum,3,0.5799796024719786,6,69.57490669989525,"S001,S003,S005,S006,S007,S010,S011,S014,S015 / S002,S004,S009,S013 / S008,S012",5,4,4,6,6,4,5,6,1,2,2,0,2,0,3,0
clone-3-0412-minimum,clone,minimum,3,0.5048409838122551,7,70.00171833414923,"S001,S003,S005,S006,S007,S010,S011,S015 / S002,S004,S009,S013,S014 / S008,S012",5,4,4,6,6,4,5,7,1,2,2,0,2,0,3,1
clone-3-0413-minimum,clone,minimum,3,0.47209128975641496,7,70.00171833414923,"S001,S003,S005,S006,S007,S010,S011,S015 / S002,S004,S009,S013 / S008,S012,S014",5,3,4,6,5,4,5,7,1,1,2,0,1,0,3,1
clone-3-0414-minimum,clone,minimum,3,0.6318883084299718,7,70.00171833414923,"S001,S003,S005,S006,S007,S011,S012,S014,S015 / S002,S004,S009,S010,S013 / S008",5,5,4,6,6,4,5,7,1,3,2,0,2,0,3,1
clone-3-0415-minimum,clone,minimum,3,0.5708930911524098,6,69.57490669989525,"S001,S003,S005,S006,S007,S011,S012,S015 / S002,S004,S009,S010,S013,S014 / S008",5,6,4,6,6,4,5,6,1,4,2,0,2,0,3,0
clone-3-0416-minimum,clone,minimum,3,0.5196811957803986,7,70.00171833414923,"S001,S003,S005,S006,S007,S011,S012,S015 / S002,S004,S009,S010,S013 / S008,S014",5,5,4,6,5,4,5,7,1,3,2,0,1,0,3,1
clone-3-0417-minimum,clone,minimum,3,0.5693949702581608,6,69.28636661563624,"S001,S003,S005,S006,S007,S011,S014,S015 / S002,S004,S009,S010,S012,S013 / S008",5,5,4,6,6,4,4,6,1,3,2,0,2,0,2,0
clone-3-0418-minimum,clone,minimum,3,0.5265196152685148,5,68.85955498138227,"S001,S003,S005,S006,S007,S011,S015 / S002,S004,S009,S010,S012,S013,S014 / S008",5,5,4,6,6,4,4,5,1,3,2,0,2,0,2,0
clone-3-0419-minimum,clone,minimum,3,0.45627232660837636,6,69.28636661563625,"S001,S003,S005,S006,S007,S011,S015 / S002,S004,S009,S010,S012,S013 / S008,S014",5,4,4,6,5,4,4,6,1,2,2,0,1,0,2,0
clone-3-0420-minimum,clone,minimum,3,0.5165024283653221,7,70.00171833414923,"S001,S003,S005,S006,S007,S011,S014,S015 / S002,S004,S009,S010,S013 / S008,S012",5,5,4,6,6,4,5,7,1,3,2,0,2,0,3,1
clone-3-0421-minimum,clone,minimum,3,0.45453155958460406,6,69.57490669989525,"S001,S003,S005,S006,S007,S011,S015 / S002,S004,S009,S010,S013,S014 / S008,S012",5,5,4,6,6,4,5,6,1,3,2,0,2,0,3,0
clone-3-0422-minimum,clone,minimum,3,0.40489091782439257,7,70.00171833414923,"S001,S003,S005,S006,S007,S011,S015 / S002,S004,S009,S010,S013 / S008,S012,S014",5,4,4,6,5,4,5,7,1,2,2,0,1,0,3,1
clone-3-0423-minimum,clone,minimum,3,0.6014121751387581,7,70.00171833414923,"S001,S003,S005,S006,S007,S011,S012,S014,S015 / S002,S004,S009,S013 / S008,S010",5,4,4,6,5,4,5,7,1,2,2,0,1,0,3,1
clone-3-0424-minimum,clone,minimum,3,0.52693893512542,7,70.00171833414923,"S001,S003,S005,S006,S007,S011,S012,S015 / S002,S004,S009,S013,S014 / S008,S010",5,5,4,6,5,4,5,7,1,3,2,0,1,0,3,1
clone-3-0425-minimum,clone,minimum,3,0.4931027941225535,6,69.57490669989525,"S001,S003,S005,S006,S007,S011,S012,S015 / S002,S004,S009,S013 / S008,S010,S014",5,4,4,6,4,4,5,6,1,2,2,0,0,0,3,0
clone-3-0426-minimum,clone,minimum,3,0.5250271461024638,6,69.28636661563625,"S001,S003,S005,S006,S007,S011,S014,S015 / S002,S004,S009,S012,S013 / S008,S010",5,5,4,6,5,4,4,6,1,3,2,0,1,0,2,0
clone-3-0427-minimum,clone,minimum,3,0.46690226707805527,6,69.28636661563625,"S001,S003,S005,S006,S007,S011,S015 / S002,S004,S009,S012,S013,S014 / S008,S010",5,4,4,6,5,4,4,6,1,2,2,0,1,0,2,0
clone-3-0428-minimum,clone,minimum,3,0.4126685816329009,5,68.85955498138227,"S001,S003,S005,S006,S007,S011,S015 / S002,S004,S009,S012,S013 / S008,S010,S014",5,4,4,6,4,4,4,5,1,2,2,0,0,0,2,0
clone-3-0429-minimum,clone,minimum,3,0.49006063570475744,7,70.00171833414923,"S001,S003,S005,S006,S007,S011,S014,S015 / S002,S004,S009,S013 / S008,S010,S012",5,4,4,6,5,4,5,7,1,2,2,0,1,0,3,1
clone-3-0430-minimum,clone,minimum,3,0.4114797158662934,7,70.00171833414923,"S001,S003,S005,S006,S007,S011,S015 / S002,S004,S009,S013,S014 / S008,S010,S012",5,4,4,6,5,4,5,7,1,2,2,0,1,0,3,1
clone-3-0431-minimum,clone,minimum,3,0.38469387016930545,6,69.57490669989525,"S001,S003,S005,S006,S007,S011,S015 / S002,S004,S009,S013 / S008,S010,S012,S014",5,3,4,6,4,4,5,6,1,1,2,0,0,0,3,0
clone-3-0432-minimum,clone,minimum,3,0.8839546654245234,6,69.08311756900135,"S001,S003,S005,S006,S007,S008,S010,S011,S012,S014,S015 / S002,S009,S013 / S004",5,2,4,6,4,4,5,6,1,0,2,0,0,0,3,0
clone-3-0433-minimum,clone,minimum,3,0.8027413936907974,7,69.50992920325531,"S001,S003,S005,S006,S007,S008,S010,S011,S012,S015 / S002,S009,S013,S014 / S004",5,3,4,6,5,4,5,7,1,1,2,0,1,0,3,1
clone-3-0434-minimum,clone,minimum,3,0.7773519528900897,7,69.50992920325531,"S001,S003,S005,S006,S007,S008,S010,S011,S012,S015 / S002,S009,S013 / S004,S014",5,3,4,6,5,4,6,7,1,1,2,0,1,0,4,1
clone-3-0435-minimum,clone,minimum,3,0.8005494633601394,5,68.36776585048835,"S001,S003,S005,S006,S007,S008,S010,S011,S014,S015 / S002,S009,S012,S013 / S004",5,3,4,6,4,4,4,5,1,1,2,0,0,0,2,0
clone-3-0436-minimum,clone,minimum,3,0.7281988216258115,6,68.79457748474233,"S001,S003,S005,S006,S007,S008,S010,S011,S015 / S002,S009,S012,S013,S014 / S004",5,3,4,6,5,4,4,6,1,1,2,0,1,0,2,0
clone-3-0437-minimum,clone,minimum,3,0.6906285140207705,6,68.79457748474233,"S001,S003,S005,S006,S007,S008,S010,S011,S015 / S002,S009,S012,S013 / S004,S014",5,4,4,6,5,4,5,6,1,2,2,0,1,0,3,0
clone-3-0438-minimum,clone,minimum,3,0.7743532035115889,5,68.36776585048835,"S001,S003,S005,S006,S007,S008,S010,S011,S014,S015 / S002,S009,S013 / S004,S012",5,3,4,6,4,4,4,5,1,1,2,0,0,0,2,0
clone-3-0439-minimum,clone,minimum,3,0.6898035019942984,6,68.79457748474233,"S001,S003,S005,S006,S007,S008,S010,S011,S015 / S002,S009,S013,S014 / S004,S012",5,4,4,6,5,4,4,6,1,2,2,0,1,0,2,0
clone-3-0440-minimum,clone,minimum,3,0.6699994610722203,6,68.79457748474233,"S001,S003,S005,S006,S007,S008,S010,S011,S015 / S002,S009,S013 / S004,S012,S014",5,3,4,6,5,4,5,6,1,1,2,0,1,0,3,0
clone-3-0441-minimum,clone,minimum,3,0.8158613764411707,7,69.50992920325531,"S001,S003,S005,S006,S007,S008,S011,S012,S014,S015 / S002,S009,S010,S013 / S004",5,3,4,6,5,4,5,7,1,1,2,0,1,0,3,1
clone-3-0442-minimum,clone,minimum,3,0.7416089135693494,6,69.08311756900133,"S001,S003,S005,S006,S007,S008,S011,S012,S015 / S002,S009,S010,S013,S014 / S004",5,4,4,6,6,4,5,6,1,2,2,0,2,0,3,0
clone-3-0443-minimum,clone,minimum,3,0.7065394850635172,7,69.50992920325531,"S001,S003,S005,S006,S007,S008,S011,S012,S015 / S002,S009,S010,S013 / S004,S014",5,4,4,6,6,4,6,7,1,2,2,0,2,0,4,1
clone-3-0444-minimum,clone,minimum,3,0.7396453031688757,6,68.79457748474233,"S001,S003,S005,S006,S007,S008,S011,S014,S015 / S002,S009,S010,S012,S013 / S004",5,3,4,6,5,4,4,6,1,1,2,0,1,0,2,0
clone-3-0445-minimum,clone,minimum,3,0.6766131505734702,5,68.36776585048835,"S001,S003,S005,S006,S007,S008,S011,S015 / S002,S009,S010,S012,S013,S014 / S004",5,4,4,6,6,4,4,5,1,2,2,0,2,0,2,0
clone-3-0446-minimum,clone,minimum,3,0.6275599778835418,6,68.79457748474233,"S001,S003,S005,S006,S007,S008,S011,S015 / S002,S009,S010,S012,S013 / S004,S014",5,4,4,6,6,4,5,6,1,2,2,0,2,0,3,0
clone-3-0447-minimum,clone,minimum,3,0.7034541327739824,6,68.79457748474233,"S001,S003,S005,S006,S007,S008,S011,S014,S015 / S002,S009,S010,S013 / S004,S012",5,4,4,6,5,4,4,6,1,2,2,0,1,0,2,0
clone-3-0448-minimum,clone,minimum,3,0.6264102529412334,5,68.36776585048835,"S001,S003,S005,S006,S007,S008,S011,S015 / S002,S009,S010,S013,S014 / S004,S012",5,5,4,6,6,4,4,5,1,3,2,0,2,0,2,0
clone-3-0449-minimum,clone,minimum,3,0.5956443244204417,6,68.79457748474233,"S001,S003,S005,S006,S007,S008,S011,S015 / S002,S009,S010,S013 / S004,S012,S014",5,4,4,6,6,4,5,6,1,2,2,0,2,0,3,0
clone-3-0450-minimum,clone,minimum,3,0.7951457244544118,7,69.50992920325533,"S001,S003,S005,S006,S007,S008,S011,S012,S014,S015 / S002,S009,S013 / S004,S010",5,3,4,6,5,4,6,7,1,1,2,0,1,0,4,1
clone-3-0451-minimum,clone,minimum,3,0.7112964698254006,7,69.50992920325531,"S001,S003,S005,S006,S007,S008,S011,S012,S015 / S002,S009,S013,S014 / S004,S010",5,4,4,6,6,4,6,7,1,2,2,0,2,0,4,1
clone-3-0452-minimum,clone,minimum,3,0.6902847468636062,6,69.08311756900133,"S001,S003,S005,S006,S007,S008,S011,S012,S015 / S002,S009,S013 / S004,S010,S014",5,4,4,6,6,4,6,6,1,2,2,0,2,0,4,0
clone-3-0453-minimum,clone,minimum,3,0.7090354109379816,6,68.79457748474233,"S001,S003,S005,S006,S007,S008,S011,S014,S015 / S002,S009,S012,S013 / S004,S010",5,4,4,6,5,4,5,6,1,2,2,0,1,0,3,0
clone-3-0454-minimum,clone,minimum,3,0.6346600229603947,6,68.79457748474233,"S001,S003,S005,S006,S007,S008,S011,S015 / S002,S009,S012,S013,S014 / S004,S010",5,4,4,6,6,4,5,6,1,2,2,0,2,0,3,0
clone-3-0455-minimum,clone,minimum,3,0.6001296656177639,5,68.36776585048835,"S001,S003,S005,S006,S007,S008,S011,S015 / S002,S009,S012,S013 / S004,S010,S014",5,5,4,6,6,4,5,5,1,3,2,0,2,0,3,0
clone-3-0456-minimum,clone,minimum,3,0.6873467484115134,6,68.79457748474233,"S001,S003,S005,S006,S007,S008,S011,S014,S015 / S002,S009,S013 / S004,S010,S012",5,3,4,6,5,4,5,6,1,1,2,0,1,0,3,0
clone-3-0457-minimum,clone,minimum,3,0.599432723811356,6,68.79457748474233,"S001,S003,S005,S006,S007,S008,S011,S015 / S002,S009,S013,S014 / S004,S010,S012",5,4,4,6,6,4,5,6,1,2,2,0,2,0,3,0
clone-3-0458-minimum,clone,minimum,3,0.5857115733007606,5,68.36776585048835,"S001,S003,S005,S006,S007,S008,S011,S015 / S002,S009,S013 / S004,S010,S012,S014",5,4,4,6,6,4,5,5,1,2,2,0,2,0,3,0
clone-3-0459-minimum,clone,minimum,3,0.7256537049422349,6,69.08311756900133,"S001,S003,S005,S006,S007,S010,S011,S012,S014,S015 / S002,S008,S009,S013 / S004",5,4,4,6,6,4,5,6,1,2,2,0,2,0,3,0
clone-3-0460-minimum,clone,minimum,3,0.6652750487744806,7,69.50992920325531,"S001,S003,S005,S006,S007,S010,S011,S012,S015 / S002,S008,S009,S013,S014 / S004",5,4,4,6,5,4,5,7,1,2,2,0,1,0,3,1
clone-3-0461-minimum,clone,minimum,3,0.6131666623651058,7,69.50992920325531,"S001,S003,S005,S006,S007,S010,S011,S012,S015 / S002,S008,S009,S013 / S004,S014",5,5,4,6,6,4,6,7,1,3,2,0,2,0,4,1
clone-3-0462-minimum,clone,minimum,3,0.6637628794015734,5,68.36776585048835,"S001,S003,S005,S006,S007,S010,S011,S014,S015 / S002,S008,S009,S012,S013 / S004",5,4,4,6,6,4,4,5,1,2,2,0,2,0,2,0
clone-3-0463-minimum,clone,minimum,3,0.618849688542471,6,68.79457748474233,"S001,S003,S005,S006,S007,S010,S011,S015 / S002,S008,S009,S012,S013,S014 / S004",5,3,4,6,5,4,4,6,1,1,2,0,1,0,2,0
clone-3-0464-minimum,clone,minimum,3,0.5506081268625758,6,68.79457748474233,"S001,S003,S005,S006,S007,S010,S011,S015 / S002,S008,S009,S012,S013 / S004,S014",5,4,4,6,6,4,5,6,1,2,2,0,2,0,3,0
clone-3-0465-minimum,clone,minimum,3,0.6099774312764332,5,68.36776585048835,"S001,S003,S005,S006,S007,S010,S011,S014,S015 / S002,S008,S009,S013 / S004,S012",5,5,4,6,6,4,4,5,1,3,2,0,2,0,2,0
clone-3-0466-minimum,clone,minimum,3,0.5488881039412007,6,68.79457748474233,"S001,S003,S005,S006,S007,S010,S011,S015 / S002,S008,S009,S013,S014 / S004,S012",5,4,4,6,5,4,4,6,1,2,2,0,1,0,2,0
clone-3-0467-minimum,clone,minimum,3,0.4978440608446762,6,68.79457748474233,"S001,S003,S005,S006,S007,S010,S011,S015 / S002,S008,S009,S013 / S004,S012,S014",5,4,4,6,6,4,5,6,1,2,2,0,2,0,3,0
clone-3-0468-minimum,clone,minimum,3,0.6744750336495292,7,69.50992920325531,"S001,S003,S005,S006,S007,S011,S012,S014,S015 / S002,S008,S009,S010,S013 / S004",5,4,4,6,5,4,5,7,1,2,2,0,1,0,3,1
clone-3-0469-minimum,clone,minimum,3,0.6263148270160905,6,69.08311756900133,"S001,S003,S005,S006,S007,S011,S012,S015 / S002,S008,S009,S010,S013,S014 / S004",5,4,4,6,4,4,5,6,1,2,2,0,0,0,3,0
clone-3-0470-minimum,clone,minimum,3,0.5612349575758697,7,69.50992920325531,"S001,S003,S005,S006,S007,S011,S012,S015 / S002,S008,S009,S010,S013 / S004,S014",5,5,4,6,5,4,6,7,1,3,2,0,1,0,4,1
clone-3-0471-minimum,clone,minimum,3,0.6251929524254726,6,68.79457748474233,"S001,S003,S005,S006,S007,S011,S014,S015 / S002,S008,S009,S010,S012,S013 / S004",5,4,4,6,5,4,4,6,1,2,2,0,1,0,2,0
clone-3-0472-minimum,clone,minimum,3,0.5954797269414731,5,68.36776585048835,"S001,S003,S005,S006,S007,S011,S015 / S002,S008,S009,S010,S012,S013,S014 / S004",5,3,4,6,4,4,4,5,1,1,2,0,0,0,2,0
clone-3-0473-minimum,clone,minimum,3,0.5139284262494234,6,68.79457748474233,"S001,S003,S005,S006,S007,S011,S015 / S002,S008,S009,S010,S012,S013 / S004,S014",5,4,4,6,5,4,5,6,1,2,2,0,1,0,3,0
clone-3-0474-minimum,clone,minimum,3,0.5580202830293647,6,68.79457748474233,"S001,S003,S005,S006,S007,S011,S014,S015 / S002,S008,S009,S010,S013 / S004,S012",5,5,4,6,5,4,4,6,1,3,2,0,1,0,2,0
clone-3-0475-minimum,clone,minimum,3,0.5117894300900608,5,68.36776585048835,"S001,S003,S005,S006,S007,S011,S015 / S002,S008,S009,S010,S013,S014 / S004,S012",5,4,4,6,4,4,4,5,1,2,2,0,0,0,2,0
clone-3-0476-minimum,clone,minimum,3,0.4447818889893982,6,68.79457748474233,"S001,S003,S005,S006,S007,S011,S015 / S002,S008,S009,S010,S013 / S004,S012,S014",5,4,4,6,5,4,5,6,1,2,2,0,1,0,3,0
clone-3-0477-minimum,clone,minimum,3,0.6320592063465754,7,69.50992920325531,"S001,S003,S005,S006,S007,S011,S012,S014,S015 / S002,S008,S009,S013 / S004,S010",5,5,4,6,6,4,6,7,1,3,2,0,2,0,4,1
clone-3-0478-minimum,clone,minimum,3,0.5711256268125615,7,69.50992920325531,"S001,S003,S005,S006,S007,S011,S012,S015 / S002,S008,S009,S013,S014 / S004,S010",5,5,4,6,5,4,6,7,1,3,2,0,1,0,4,1
clone-3-0479-minimum,clone,minimum,3,0.5198413192169324,6,69.08311756900133,"S001,S003,S005,S006,S007,S011,S012,S015 / S002,S008,S009,S013 / S004,S010,S014",5,6,4,6,6,4,6,6,1,4,2,0,2,0,4,0
clone-3-0480-minimum,clone,minimum,3,0.5696293522879358,6,68.79457748474233,"S001,S003,S005,S006,S007,S011,S014,S015 / S002,S008,S009,S012,S013 / S004,S010",5,5,4,6,6,4,5,6,1,3,2,0,2,0,3,0
clone-3-0481-minimum,clone,minimum,3,0.5268201079825088,6,68.79457748474233,"S001,S003,S005,S006,S007,S011,S015 / S002,S008,S009,S012,S013,S014 / S004,S010",5,4,4,6,5,4,5,6,1,2,2,0,1,0,3,0
clone-3-0482-minimum,clone,minimum,3,0.45651051333105824,5,68.36776585048835,"S001,S003,S005,S006,S007,S011,S015 / S002,S008,S009,S012,S013 / S004,S010,S014",5,5,4,6,6,4,5,5,1,3,2,0,2,0,3,0
clone-3-0483-minimum,clone,minimum,3,0.5166621755736881,6,68.79457748474233,"S001,S003,S005,S006,S007,S011,S014,S015 / S002,S008,S009,S013 / S004,S010,S012",5,5,4,6,6,4,5,6,1,3,2,0,2,0,3,0
clone-3-0484-minimum,clone,minimum,3,0.4547675646956259,6,68.79457748474233,"S001,S003,S005,S006,S007,S011,S015 / S002,S008,S009,S013,S014 / S004,S010,S012",5,4,4,6,5,4,5,6,1,2,2,0,1,0,3,0
clone-3-0485-minimum,clone,minimum,3,0.4050335127102753,5,68.36776585048835,"S001,S003,S005,S006,S007,S011,S015 / S002,S008,S009,S013 / S004,S010,S012,S014",5,5,4,6,6,4,5,5,1,3,2,0,2,0,3,0
clone-3-0486-minimum,clone,minimum,3,0.6660880763289131,7,70.29025841840823,"S001,S003,S005,S006,S007,S010,S011,S012,S014,S015 / S002,S009,S013 / S004,S008",5,4,4,6,6,4,6,7,1,2,2,0,2,0,4,1
clone-3-0487-minimum,clone,minimum,3,0.5772270508645024,8,70.71707005266221,"S001,S003,S005,S006,S007,S010,S011,S012,S015 / S002,S009,S013,S014 / S004,S008",5,5,4,6,6,4,6,8,1,3,2,0,2,0,4,2
clone-3-0488-minimum,clone,minimum,3,0.5653080841191285,8,70.71707005266221,"S001,S003,S005,S006,S007,S010,S011,S012,S015 / S002,S009,S013 / S004,S008,S014",5,4,4,6,5,4,6,8,1,2,2,0,1,0,4,2
clone-3-0489-minimum,clone,minimum,3,0.5748295852644527,6,69.57490669989525,"S001,S003,S005,S006,S007,S010,S011,S014,S015 / S002,S009,S012,S013 / S004,S008",5,5,4,6,6,4,5,6,1,3,2,0,2,0,3,0
clone-3-0490-minimum,clone,minimum,3,0.4963093600060673,7,70.00171833414923,"S001,S003,S005,S006,S007,S010,S011,S015 / S002,S009,S012,S013,S014 / S004,S008",5,4,4,6,6,4,5,7,1,2,2,0,2,0,3,1
clone-3-0491-minimum,clone,minimum,3,0.4685264662687324,7,70.00171833414923,"S001,S003,S005,S006,S007,S010,S011,S015 / S002,S009,S012,S013 / S004,S008,S014",5,4,4,6,5,4,5,7,1,2,2,0,1,0,3,1
clone-3-0492-minimum,clone,minimum,3,0.5625163344340146,6,69.57490669989525,"S001,S003,S005,S006,S007,S010,S011,S014,S015 / S002,S009,S013 / S004,S008,S012",5,4,4,6,6,4,5,6,1,2,2,0,2,0,3,0
clone-3-0493-minimum,clone,minimum,3,0.46811372793727635,7,70.00171833414923,"S001,S003,S005,S006,S007,S010,S011,S015 / S002,S009,S013,S014 / S004,S008,S012",5,4,4,6,6,4,5,7,1,2,2,0,2,0,3,1
clone-3-0494-minimum,clone,minimum,3,0.46765448459318587,7,70.00171833414923,"S001,S003,S005,S006,S007,S010,S011,S015 / S002,S009,S013 / S004,S008,S012,S014",5,3,4,6,5,4,5,7,1,1,2,0,1,0,3,1
clone-3-0495-minimum,clone,minimum,3,0.5915842532631956,8,70.71707005266221,"S001,S003,S005,S006,S007,S011,S012,S014,S015 / S002,S009,S010,S013 / S004,S008",5,5,4,6,6,4,6,8,1,3,2,0,2,0,4,2
clone-3-0496-minimum,clone,minimum,3,0.5107110455329101,7,70.29025841840823,"S001,S003,S005,S006,S007,S011,S012,S015 / S002,S009,S010,S013,S014 / S004,S008",5,6,4,6,6,4,6,7,1,4,2,0,2,0,4,1
clone-3-0497-minimum,clone,minimum,3,0.4863536609309565,8,70.71707005266221,"S001,S003,S005,S006,S007,S011,S012,S015 / S002,S009,S010,S013 / S004,S008,S014",5,5,4,6,5,4,6,8,1,3,2,0,1,0,4,2
clone-3-0498-minimum,clone,minimum,3,0.5085955677624351,7,70.00171833414923,"S001,S003,S005,S006,S007,S011,S014,S015 / S002,S009,S010,S012,S013 / S004,S008",5,5,4,6,6,4,5,7,1,3,2,0,2,0,3,1
clone-3-0499-minimum,clone,minimum,3,0.4426053329774615,6,69.57490669989525,"S001,S003,S005,S006,S007,S011,S015 / S002,S009,S010,S012,S013,S014 / S004,S008",5,5,4,6,6,4,5,6,1,3,2,0,2,0,3,0
clone-3-0500-minimum,clone,minimum,3,0.398027008248988,7,70.00171833414923,"S001,S003,S005,S006,S007,S011,S015 / S002,S009,S010,S012,S013 / S004,S008,S014",5,4,4,6,5,4,5,7,1,2,2,0,1,0,3,1
clone-3-0501-minimum,clone,minimum,3,0.4834192051128463,7,70.00171833414923,"S001,S003,S005,S006,S007,S011,S014,S015 / S002,S009,S010,S013 / S004,S008,S012",5,5,4,6,6,4,5,7,1,3,2,0,2,0,3,1
clone-3-0502-minimum,clone,minimum,3,0.3971599981724705,6,69.57490669989525,"S001,S003,S005,S006,S007,S011,S015 / S002,S009,S010,S013,S014 / S004,S008,S012",5,5,4,6,6,4,5,6,1,3,2,0,2,0,3,0
clone-3-0503-minimum,clone,minimum,3,0.382933765259813,7,70.00171833414923,"S001,S003,S005,S006,S007,S011,S015 / S002,S009,S010,S013 / S004,S008,S012,S014",5,4,4,6,5,4,5,7,1,2,2,0,1,0,3,1
clone-3-0504-minimum,clone,minimum,3,0.5819308674553558,8,70.71707005266221,"S001,S003,S005,S006,S007,S011,S012,S014,S015 / S002,S009,S013 / S004,S008,S010",5,4,4,6,5,4,6,8,1,2,2,0,1,0,4,2
clone-3-0505-minimum,clone,minimum,3,0.48870167543052795,8,70.71707005266221,"S001,S003,S005,S006,S007,S011,S012,S015 / S002,S009,S013,S014 / S004,S008,S010",5,5,4,6,5,4,6,8,1,3,2,0,1,0,4,2
clone-3-0506-minimum,clone,minimum,3,0.4856743142666668,7,70.29025841840823,"S001,S003,S005,S006,S007,S011,S012,S015 / S002,S009,S013 / S004,S008,S010,S014",5,4,4,6,4,4,6,7,1,2,2,0,0,0,4,1
clone-3-0507-minimum,clone,minimum,3,0.48617914316692845,7,70.00171833414923,"S001,S003,S005,S006,S007,S011,S014,S015 / S002,S009,S012,S013 / S004,S008,S010",5,5,4,6,5,4,5,7,1,3,2,0,1,0,3,1
clone-3-0508-minimum,clone,minimum,3,0.4036485330506495,7,70.00171833414923,"S001,S003,S005,S006,S007,S011,S015 / S002,S009,S012,S013,S014 / S004,S008,S010",5,4,4,6,5,4,5,7,1,2,2,0,1,0,3,1
clone-3-0509-minimum,clone,minimum,3,0.38313738690926274,6,69.57490669989525,"S001,S003,S005,S006,S007,S011,S015 / S002,S009,S012,S013 / S004,S008,S010,S014",5,4,4,6,4,4,5,6,1,2,2,0,0,0,3,0
clone-3-0510-minimum,clone,minimum,3,0.48304930570878707,7,70.00171833414923,"S001,S003,S005,S006,S007,S011,S014,S015 / S002,S009,S013 / S004,S008,S010,S012",5,4,4,6,5,4,5,7,1,2,2,0,1,0,3,1
clone-3-0511-minimum,clone,minimum,3,0.38302809005747696,7,70.00171833414923,"S001,S003,S005,S006,S007,S011,S015 / S002,S009,S013,S014 / S004,S008,S010,S012",5,4,4,6,5,4,5,7,1,2,2,0,1,0,3,1
clone-3-0512-minimum,clone,minimum,3,0.39616766993148983,6,69.57490669989525,"S001,S003,S005,S006,S007,S011,S015 / S002,S009,S013 / S004,S008,S010,S012,S014",5,3,4,6,4,4,5,6,1,1,2,0,0,0,3,0
clone-3-0513-minimum,clone,minimum,3,0.7237986726647149,6,68.79457748474233,"S001,S004,S008,S010,S012 / S002,S003,S005,S006,S007,S009,S011,S013,S015 / S014",4,4,4,6,5,6,5,6,0,2,2,0,1,2,3,0
clone-3-0514-minimum,clone,minimum,3,0.7928057228413823,6,68.79457748474233,"S001,S004,S008,S010 / S002,S003,S005,S006,S007,S009,S011,S012,S013,S015 / S014",4,5,4,6,5,6,5,6,0,3,2,0,1,2,3,0
clone-3-0515-minimum,clone,minimum,3,0.7223302220523182,6,69.08311756900133,"S001,S004,S008,S010,S014 / S002,S003,S005,S006,S007,S009,S011,S013,S015 / S012",4,4,4,6,4,6,5,6,0,2,2,0,0,2,3,0
clone-3-0516-minimum,clone,minimum,3,0.7896381081282708,7,69.50992920325533,"S001,S004,S008,S010 / S002,S003,S005,S006,S007,S009,S011,S013,S014,S015 / S012",4,5,4,6,5,6,5,7,0,3,2,0,1,2,3,1
clone-3-0517-minimum,clone,minimum,3,0.6783396495842874,7,69.50992920325531,"S001,S004,S008,S010 / S002,S003,S005,S006,S007,S009,S011,S013,S015 / S012,S014",4,4,4,6,5,6,6,7,0,2,2,0,1,2,4,1
clone-3-0518-minimum,clone,minimum,3,0.7787466264030899,6,68.79457748474233,"S001,S004,S008,S012 / S002,S003,S005,S006,S007,S009,S010,S011,S013,S015 / S014",4,4,4,6,6,6,5,6,0,2,2,0,2,2,3,0
clone-3-0519-minimum,clone,minimum,3,0.8561801795906674,6,68.79457748474233,"S001,S004,S008 / S002,S003,S005,S006,S007,S009,S010,S011,S012,S013,S015 / S014",4,5,4,6,6,6,5,6,0,3,2,0,2,2,3,0
clone-3-0520-minimum,clone,minimum,3,0.7775767403346721,7,69.50992920325531,"S001,S004,S008,S014 / S002,S003,S005,S006,S007,S009,S010,S011,S013,S015 / S012",4,4,4,6,5,6,5,7,0,2,2,0,1,2,3,1
clone-3-0521-minimum,clone,minimum,3,0.8530703838054065,6,69.08311756900133,"S001,S004,S008 / S002,S003,S005,S006,S007,S009,S010,S011,S013,S014,S015 / S012",4,5,4,6,6,6,5,6,0,3,2,0,2,2,3,0
clone-3-0522-minimum,clone,minimum,3,0.7440949992215776,7,69.50992920325533,"S001,S004,S008 / S002,S003,S005,S006,S007,S009,S010,S011,S013,S015 / S012,S014",4,4,4,6,6,6,6,7,0,2,2,0,2,2,4,1
clone-3-0523-minimum,clone,minimum,3,0.7327239397672413,6,68.79457748474233,"S001,S004,S008,S012,S014 / S002,S003,S005,S006,S007,S009,S011,S013,S015 / S010",4,4,4,6,5,6,5,6,0,2,2,0,1,2,3,0
clone-3-0524-minimum,clone,minimum,3,0.7975786615245415,6,68.79457748474233,"S001,S004,S008,S012 / S002,S003,S005,S006,S007,S009,S011,S013,S014,S015 / S010",4,5,4,6,6,6,5,6,0,3,2,0,2,2,3,0
clone-3-0525-minimum,clone,minimum,3,0.6857317383656865,5,68.36776585048835,"S001,S004,S008,S012 / S002,S003,S005,S006,S007,S009,S011,S013,S015 / S010,S014",4,5,4,6,6,6,5,5,0,3,2,0,2,2,3,0
clone-3-0526-minimum,clone,minimum,3,0.7995771211435652,6,68.79457748474233,"S001,S004,S008,S014 / S002,S003,S005,S006,S007,S009,S011,S012,S013,S015 / S010",4,5,4,6,5,6,5,6,0,3,2,0,1,2,3,0
clone-3-0527-minimum,clone,minimum,3,0.8746125473486148,6,68.79457748474233,"S001,S004,S008 / S002,S003,S005,S006,S007,S009,S011,S012,S013,S014,S015 / S010",4,5,4,6,6,6,5,6,0,3,2,0,2,2,3,0
clone-3-0528-minimum,clone,minimum,3,0.7654118569151546,5,68.36776585048835,"S001,S004,S008 / S002,S003,S005,S006,S007,S009,S011,S012,S013,S015 / S010,S014",4,6,4,6,6,6,5,5,0,4,2,0,2,2,3,0
clone-3-0529-minimum,clone,minimum,3,0.6846240894196454,7,69.50992920325531,"S001,S004,S008,S014 / S002,S003,S005,S006,S007,S009,S011,S013,S015 / S010,S012",4,4,4,6,5,6,6,7,0,2,2,0,1,2,4,1
clone-3-0530-minimum,clone,minimum,3,0.7623290537432014,7,69.50992920325533,"S001,S004,S008 / S002,S003,S005,S006,S007,S009,S011,S013,S014,S015 / S010,S012",4,5,4,6,6,6,6,7,0,3,2,0,2,2,4,1
clone-3-0531-minimum,clone,minimum,3,0.6545456247045177,6,69.08311756900133,"S001,S004,S008 / S002,S003,S005,S006,S007,S009,S011,S013,S015 / S010,S012,S014",4,5,4,6,6,6,6,6,0,3,2,0,2,2,4,0
clone-3-0532-minimum,clone,minimum,3,0.8727464267515561,5,67.58743663533544,"S001,S004,S010,S012 / S002,S003,S005,S006,S007,S008,S009,S011,S013,S015 / S014",4,4,4,6,6,6,5,5,0,2,2,0,2,2,3,0
clone-3-0533-minimum,clone,minimum,3,0.9596077265430403,5,67.58743663533544,"S001,S004,S010 / S002,S003,S005,S006,S007,S008,S009,S011,S012,S013,S015 / S014",4,4,4,6,6,6,5,5,0,2,2,0,2,2,3,0
clone-3-0534-minimum,clone,minimum,3,0.8719604591095665,5,67.87597671959443,"S001,S004,S010,S014 / S002,S003,S005,S006,S007,S008,S009,S011,S013,S015 / S012",4,5,4,6,6,6,5,5,0,3,2,0,2,2,3,0
clone-3-0535-minimum,clone,minimum,3,0.9565992529661739,6,68.30278835384843,"S001,S004,S010 / S002,S003,S005,S006,S007,S008,S009,S011,S013,S014,S015 / S012",4,4,4,6,5,6,5,6,0,2,2,0,1,2,3,0
clone-3-0536-minimum,clone,minimum,3,0.8515859445539627,6,68.30278835384841,"S001,S004,S010 / S002,S003,S005,S006,S007,S008,S009,S011,S013,S015 / S012,S014",4,4,4,6,6,6,6,6,0,2,2,0,2,2,4,0
clone-3-0537-minimum,clone,minimum,3,0.9425165523575917,5,67.58743663533544,"S001,S004,S012 / S002,S003,S005,S006,S007,S008,S009,S010,S011,S013,S015 / S014",4,4,4,6,5,6,4,5,0,2,2,0,1,2,2,0
clone-3-0538-minimum,clone,minimum,3,1.0341372786397385,5,67.58743663533544,"S001,S004 / S002,S003,S005,S006,S007,S008,S009,S010,S011,S012,S013,S015 / S014",4,3,4,6,5,6,4,5,0,1,2,0,1,2,2,0
clone-3-0539-minimum,clone,minimum,3,0.9419495825931181,6,68.30278835384843,"S001,S004,S014 / S002,S003,S005,S006,S007,S008,S009,S010,S011,S013,S015 / S012",4,4,4,6,5,6,5,6,0,2,2,0,1,2,3,0
clone-3-0540-minimum,clone,minimum,3,1.0311994012655321,5,67.87597671959443,"S001,S004 / S002,S003,S005,S006,S007,S008,S009,S010,S011,S013,S014,S015 / S012",4,3,4,6,4,6,4,5,0,1,2,0,0,2,2,0
clone-3-0541-minimum,clone,minimum,3,0.9288813945320099,6,68.30278835384843,"S001,S004 / S002,S003,S005,S006,S007,S008,S009,S010,S011,S013,S015 / S012,S014",4,3,4,6,5,6,5,6,0,1,2,0,1,2,3,0
clone-3-0542-minimum,clone,minimum,3,0.8776280526509156,5,67.58743663533544,"S001,S004,S012,S014 / S002,S003,S005,S006,S007,S008,S009,S011,S013,S015 / S010",4,4,4,6,6,6,5,5,0,2,2,0,2,2,3,0
clone-3-0543-minimum,clone,minimum,3,0.9604572060314411,5,67.58743663533545,"S001,S004,S012 / S002,S003,S005,S006,S007,S008,S009,S011,S013,S014,S015 / S010",4,4,4,6,5,6,4,5,0,2,2,0,1,2,2,0
clone-3-0544-minimum,clone,minimum,3,0.8544439666222432,4,67.16062500108146,"S001,S004,S012 / S002,S003,S005,S006,S007,S008,S009,S011,S013,S015 / S010,S014",4,5,4,6,6,6,4,4,0,3,2,0,2,2,2,0
clone-3-0545-minimum,clone,minimum,3,0.9628989912564512,5,67.58743663533544,"S001,S004,S014 / S002,S003,S005,S006,S007,S008,S009,S011,S012,S013,S015 / S010",4,4,4,6,6,6,5,5,0,2,2,0,2,2,3,0
clone-3-0546-minimum,clone,minimum,3,1.0515691603944675,5,67.58743663533544,"S001,S004 / S002,S003,S005,S006,S007,S008,S009,S011,S012,S013,S014,S015 / S010",4,3,4,6,5,6,4,5,0,1,2,0,1,2,2,0
clone-3-0547-minimum,clone,minimum,3,0.9487918916264415,4,67.16062500108146,"S001,S004 / S002,S003,S005,S006,S007,S008,S009,S011,S012,S013,S015 / S010,S014",4,4,4,6,6,6,4,4,0,2,2,0,2,2,2,0
clone-3-0548-minimum,clone,minimum,3,0.8539958457819414,6,68.30278835384841,"S001,S004,S014 / S002,S003,S005,S006,S007,S008,S009,S011,S013,S015 / S010,S012",4,4,4,6,6,6,6,6,0,2,2,0,2,2,4,0
clone-3-0549-minimum,clone,minimum,3,0.9459091094744635,6,68.30278835384843,"S001,S004 / S002,S003,S005,S006,S007,S008,S009,S011,S013,S014,S015 / S010,S012",4,3,4,6,5,6,5,6,0,1,2,0,1,2,3,0
clone-3-0550-minimum,clone,minimum,3,0.8458892266853142,5,67.87597671959443,"S001,S004 / S002,S003,S005,S006,S007,S008,S009,S011,S013,S015 / S010,S012,S014",4,4,4,6,6,6,5,5,0,2,2,0,2,2,3,0
clone-3-0551-minimum,clone,minimum,3,0.6769841920914605,5,68.36776585048835,"S001,S004,S010,S012,S014 / S002,S003,S005,S006,S007,S009,S011,S013,S015 / S008",4,5,4,6,6,6,5,5,0,3,2,0,2,2,3,0
clone-3-0552-minimum,clone,minimum,3,0.7572230475277493,6,68.79457748474233,"S001,S004,S010,S012 / S002,S003,S005,S006,S007,S009,S011,S013,S014,S015 / S008",4,5,4,6,6,6,5,6,0,3,2,0,2,2,3,0
clone-3-0553-minimum,clone,minimum,3,0.6506264960360839,6,68.79457748474233,"S001,S004,S010,S012 / S002,S003,S005,S006,S007,S009,S011,S013,S015 / S008,S014",4,4,4,6,5,6,5,6,0,2,2,0,1,2,3,0
clone-3-0554-minimum,clone,minimum,3,0.7596236126607839,5,68.36776585048835,"S001,S004,S010,S014 / S002,S003,S005,S006,S007,S009,S011,S012,S013,S015 / S008",4,6,4,6,6,6,5,5,0,4,2,0,2,2,3,0
clone-3-0555-minimum,clone,minimum,3,0.8476339812616384,6,68.79457748474233,"S001,S004,S010 / S002,S003,S005,S006,S007,S009,S011,S012,S013,S014,S015 / S008",4,5,4,6,6,6,5,6,0,3,2,0,2,2,3,0
clone-3-0556-minimum,clone,minimum,3,0.7451331202344724,6,68.79457748474233,"S001,S004,S010 / S002,S003,S005,S006,S007,S009,S011,S012,S013,S015 / S008,S014",4,5,4,6,5,6,5,6,0,3,2,0,1,2,3,0
clone-3-0557-minimum,clone,minimum,3,0.6501506286170593,6,69.08311756900133,"S001,S004,S010,S014 / S002,S003,S005,S006,S007,S009,S011,S013,S015 / S008,S012",4,5,4,6,6,6,6,6,0,3,2,0,2,2,4,0
clone-3-0558-minimum,clone,minimum,3,0.7422688732613789,7,69.50992920325533,"S001,S004,S010 / S002,S003,S005,S006,S007,S009,S011,S013,S014,S015 / S008,S012",4,5,4,6,6,6,6,7,0,3,2,0,2,2,4,1
clone-3-0559-minimum,clone,minimum,3,0.6434899119689232,7,69.50992920325531,"S001,S004,S010 / S002,S003,S005,S006,S007,S009,S011,S013,S015 / S008,S012,S014",4,4,4,6,5,6,6,7,0,2,2,0,1,2,4,1
clone-3-0560-minimum,clone,minimum,3,0.7431325614682454,6,68.79457748474233,"S001,S004,S012,S014 / S002,S003,S005,S006,S007,S009,S010,S011,S013,S015 / S008",4,4,4,6,6,6,5,6,0,2,2,0,2,2,3,0
clone-3-0561-minimum,clone,minimum,3,0.8298561633066336,5,68.36776585048835,"S001,S004,S012 / S002,S003,S005,S006,S007,S009,S010,S011,S013,S014,S015 / S008",4,5,4,6,6,6,4,5,0,3,2,0,2,2,2,0
clone-3-0562-minimum,clone,minimum,3,0.7265819259835077,6,68.79457748474233,"S001,S004,S012 / S002,S003,S005,S006,S007,S009,S010,S011,S013,S015 / S008,S014",4,4,4,6,5,6,4,6,0,2,2,0,1,2,2,0
clone-3-0563-minimum,clone,minimum,3,0.8324110983494386,6,68.79457748474233,"S001,S004,S014 / S002,S003,S005,S006,S007,S009,S010,S011,S012,S013,S015 / S008",4,5,4,6,6,6,5,6,0,3,2,0,2,2,3,0
clone-3-0564-minimum,clone,minimum,3,0.9250403615146314,5,68.36776585048835,"S001,S004 / S002,S003,S005,S006,S007,S009,S010,S011,S012,S013,S014,S015 / S008",4,4,4,6,6,6,4,5,0,2,2,0,2,2,2,0
clone-3-0565-minimum,clone,minimum,3,0.8256946293048913,6,68.79457748474233,"S001,S004 / S002,S003,S005,S006,S007,S009,S010,S011,S012,S013,S015 / S008,S014",4,4,4,6,5,6,4,6,0,2,2,0,1,2,2,0
clone-3-0566-minimum,clone,minimum,3,0.7263643338912094,7,69.50992920325533,"S001,S004,S014 / S002,S003,S005,S006,S007,S009,S010,S011,S013,S015 / S008,S012",4,4,4,6,6,6,6,7,0,2,2,0,2,2,4,1
clone-3-0567-minimum,clone,minimum,3,0.8229267806852237,6,69.08311756900133,"S001,S004 / S002,S003,S005,S006,S007,S009,S010,S011,S013,S014,S015 / S008,S012",4,4,4,6,6,6,5,6,0,2,2,0,2,2,3,0
clone-3-0568-minimum,clone,minimum,3,0.7277751182287827,7,69.50992920325533,"S001,S004 / S002,S003,S005,S006,S007,S009,S010,S011,S013,S015 / S008,S012,S014",4,3,4,6,5,6,5,7,0,1,2,0,1,2,3,1
clone-3-0569-minimum,clone,minimum,3,0.6537616773502599,6,68.79457748474233,"S001,S004,S012,S014 / S002,S003,S005,S006,S007,S009,S011,S013,S015 / S008,S010",4,4,4,6,5,6,5,6,0,2,2,0,1,2,3,0
clone-3-0570-minimum,clone,minimum,3,0.7437415736574048,6,68.79457748474235,"S001,S004,S012 / S002,S003,S005,S006,S007,S009,S011,S013,S014,S015 / S008,S010",4,5,4,6,5,6,4,6,0,3,2,0,1,2,2,0
clone-3-0571-minimum,clone,minimum,3,0.6432322071168829,5,68.36776585048835,"S001,S004,S012 / S002,S003,S005,S006,S007,S009,S011,S013,S015 / S008,S010,S014",4,4,4,6,4,6,4,5,0,2,2,0,0,2,2,0
clone-3-0572-minimum,clone,minimum,3,0.7463884145854313,6,68.79457748474233,"S001,S004,S014 / S002,S003,S005,S006,S007,S009,S011,S012,S013,S015 / S008,S010",4,5,4,6,5,6,5,6,0,3,2,0,1,2,3,0
clone-3-0573-minimum,clone,minimum,3,0.8421514406293393,6,68.79457748474233,"S001,S004 / S002,S003,S005,S006,S007,S009,S011,S012,S013,S014,S015 / S008,S010",4,4,4,6,5,6,4,6,0,2,2,0,1,2,2,0
clone-3-0574-minimum,clone,minimum,3,0.7460744600132483,5,68.36776585048835,"S001,S004 / S002,S003,S005,S006,S007,S009,S011,S012,S013,S015 / S008,S010,S014",4,4,4,6,4,6,4,5,0,2,2,0,0,2,2,0
clone-3-0575-minimum,clone,minimum,3,0.6432218672372119,7,69.50992920325531,"S001,S004,S014 / S002,S003,S005,S006,S007,S009,S011,S013,S015 / S008,S010,S012",4,4,4,6,5,6,6,7,0,2,2,0,1,2,4,1
clone-3-0576-minimum,clone,minimum,3,0.7434175549869455,7,69.50992920325533,"S001,S004 / S002,S003,S005,S006,S007,S009,S011,S013,S014,S015 / S008,S010,S012",4,4,4,6,5,6,5,7,0,2,2,0,1,2,3,1
clone-3-0577-minimum,clone,minimum,3,0.6530343772765006,6,69.08311756900133,"S001,S004 / S002,S003,S005,S006,S007,S009,S011,S013,S015 / S008,S010,S012,S014",4,3,4,6,4,6,5,6,0,1,2,0,0,2,3,0
clone-3-0578-minimum,clone,minimum,3,0.8076631775733664,6,68.79457748474233,"S001,S008,S010,S012 / S002,S003,S004,S005,S006,S007,S009,S011,S013,S015 / S014",4,4,4,6,5,6,5,6,0,2,2,0,1,2,3,0
clone-3-0579-minimum,clone,minimum,3,0.8885025346047755,5,68.07922576622936,"S001,S008,S010 / S002,S003,S004,S005,S006,S007,S009,S011,S012,S013,S015 / S014",4,5,4,6,5,6,4,5,0,3,2,0,1,2,2,0
clone-3-0580-minimum,clone,minimum,3,0.8066252355699753,5,68.36776585048835,"S001,S008,S010,S014 / S002,S003,S004,S005,S006,S007,S009,S011,S013,S015 / S012",4,4,4,6,4,6,4,5,0,2,2,0,0,2,2,0
clone-3-0581-minimum,clone,minimum,3,0.8854242771270707,6,68.79457748474233,"S001,S008,S010 / S002,S003,S004,S005,S006,S007,S009,S011,S013,S014,S015 / S012",4,5,4,6,5,6,4,6,0,3,2,0,1,2,2,0
clone-3-0582-minimum,clone,minimum,3,0.777695470631672,6,68.79457748474233,"S001,S008,S010 / S002,S003,S004,S005,S006,S007,S009,S011,S013,S015 / S012,S014",4,4,4,6,5,6,5,6,0,2,2,0,1,2,3,0
clone-3-0583-minimum,clone,minimum,3,0.8724330539959079,6,68.79457748474233,"S001,S008,S012 / S002,S003,S004,S005,S006,S007,S009,S010,S011,S013,S015 / S014",4,4,4,6,6,6,5,6,0,2,2,0,2,2,3,0
clone-3-0584-minimum,clone,minimum,3,0.9592696052031983,5,68.07922576622936,"S001,S008 / S002,S003,S004,S005,S006,S007,S009,S010,S011,S012,S013,S015 / S014",4,5,4,6,6,6,4,5,0,3,2,0,2,2,2,0
clone-3-0585-minimum,clone,minimum,3,0.8716459968309322,6,68.79457748474233,"S001,S008,S014 / S002,S003,S004,S005,S006,S007,S009,S010,S011,S013,S015 / S012",4,4,4,6,5,6,4,6,0,2,2,0,1,2,2,0
clone-3-0586-minimum,clone,minimum,3,0.9562608034198795,5,68.36776585048835,"S001,S008 / S002,S003,S004,S005,S006,S007,S009,S010,S011,S013,S014,S015 / S012",4,5,4,6,6,6,4,5,0,3,2,0,2,2,2,0
clone-3-0587-minimum,clone,minimum,3,0.8512348491592507,6,68.79457748474233,"S001,S008 / S002,S003,S004,S005,S006,S007,S009,S010,S011,S013,S015 / S012,S014",4,4,4,6,6,6,5,6,0,2,2,0,2,2,3,0
clone-3-0588-minimum,clone,minimum,3,0.8140432026292458,6,68.79457748474233,"S001,S008,S012,S014 / S002,S003,S004,S005,S006,S007,S009,S011,S013,S015 / S010",4,4,4,6,5,6,5,6,0,2,2,0,1,2,3,0
clone-3-0589-minimum,clone,minimum,3,0.89077391795425,6,68.79457748474233,"S001,S008,S012 / S002,S003,S004,S005,S006,S007,S009,S011,S013,S014,S015 / S010",4,5,4,6,6,6,5,6,0,3,2,0,2,2,3,0
clone-3-0590-minimum,clone,minimum,3,0.7821714803772859,5,68.36776585048835,"S001,S008,S012 / S002,S003,S004,S005,S006,S007,S009,S011,S013,S015 / S010,S014",4,5,4,6,6,6,5,5,0,3,2,0,2,2,3,0
clone-3-0591-minimum,clone,minimum,3,0.8930655555262683,5,68.07922576622936,"S001,S008,S014 / S002,S003,S004,S005,S006,S007,S009,S011,S012,S013,S015 / S010",4,5,4,6,5,6,4,5,0,3,2,0,1,2,2,0
clone-3-0592-minimum,clone,minimum,3,0.9771151976815622,5,68.07922576622936,"S001,S008 / S002,S003,S004,S005,S006,S007,S009,S011,S012,S013,S014,S015 / S010",4,5,4,6,6,6,4,5,0,3,2,0,2,2,2,0
clone-3-0593-minimum,clone,minimum,3,0.8717110004997258,4,67.65241413197538,"S001,S008 / S002,S003,S004,S005,S006,S007,S009,S011,S012,S013,S015 / S010,S014",4,6,4,6,6,6,4,4,0,4,2,0,2,2,2,0
clone-3-0594-minimum,clone,minimum,3,0.7814872888529344,6,68.79457748474233,"S001,S008,S014 / S002,S003,S004,S005,S006,S007,S009,S011,S013,S015 / S010,S012",4,4,4,6,5,6,5,6,0,2,2,0,1,2,3,0
clone-3-0595-minimum,clone,minimum,3,0.8687475541004247,6,68.79457748474233,"S001,S008 / S002,S003,S004,S005,S006,S007,S009,S011,S013,S014,S015 / S010,S012",4,5,4,6,6,6,5,6,0,3,2,0,2,2,3,0
clone-3-0596-minimum,clone,minimum,3,0.765652961543006,5,68.36776585048835,"S001,S008 / S002,S003,S004,S005,S006,S007,S009,S011,S013,S015 / S010,S012,S014",4,5,4,6,6,6,5,5,0,3,2,0,2,2,3,0
clone-3-0597-minimum,clone,minimum,3,0.9774185857348179,5,67.58743663533544,"S001,S010,S012 / S002,S003,S004,S005,S006,S007,S008,S009,S011,S013,S015 / S014",4,4,4,6,6,6,5,5,0,2,2,0,2,2,3,0
clone-3-0598-minimum,clone,minimum,3,1.0709660616217975,4,66.87208491682246,"S001,S010 / S002,S003,S004,S005,S006,S007,S008,S009,S011,S012,S013,S015 / S014",4,4,4,6,6,6,4,4,0,2,2,0,2,2,2,0
clone-3-0599-minimum,clone,minimum,3,0.9769461805515547,4,67.16062500108146,"S001,S010,S014 / S002,S003,S004,S005,S006,S007,S008,S009,S011,S013,S015 / S012",4,5,4,6,6,6,4,4,0,3,2,0,2,2,2,0
clone-3-0600-minimum,clone,minimum,3,1.0680615225578445,5,67.58743663533544,"S001,S010 / S002,S003,S004,S005,S006,S007,S008,S009,S011,S013,S014,S015 / S012",4,4,4,6,5,6,4,5,0,2,2,0,1,2,2,0
clone-3-0601-minimum,clone,minimum,3,0.9670003424406254,5,67.58743663533544,"S001,S010 / S002,S003,S004,S005,S006,S007,S008,S009,S011,S013,S015 / S012,S014",4,4,4,6,6,6,5,5,0,2,2,0,2,2,3,0
clone-3-0602-minimum,clone,minimum,3,1.0527374095727822,5,67.58743663533544,"S001,S012 / S002,S003,S004,S005,S006,S007,S008,S009,S010,S011,S013,S015 / S014",4,4,4,6,5,6,4,5,0,2,2,0,1,2,2,0
clone-3-0603-minimum,clone,minimum,3,1.1497039023551823,4,66.87208491682246,"S001 / S002,S003,S004,S005,S006,S007,S008,S009,S010,S011,S012,S013,S015 / S014",4,3,4,6,5,6,3,4,0,1,2,0,1,2,1,0
clone-3-0604-minimum,clone,minimum,3,1.0524427059487766,5,67.58743663533545,"S001,S014 / S002,S003,S004,S005,S006,S007,S008,S009,S010,S011,S013,S015 / S012",4,4,4,6,5,6,4,5,0,2,2,0,1,2,2,0
clone-3-0605-minimum,clone,minimum,3,1.146866742946738,4,67.16062500108146,"S001 / S002,S003,S004,S005,S006,S007,S008,S009,S010,S011,S013,S014,S015 / S012",4,3,4,6,4,6,3,4,0,1,2,0,0,2,1,0
clone-3-0606-minimum,clone,minimum,3,1.0483174720187973,5,67.58743663533544,"S001 / S002,S003,S004,S005,S006,S007,S008,S009,S010,S011,S013,S015 / S012,S014",4,3,4,6,5,6,4,5,0,1,2,0,1,2,2,0
clone-3-0607-minimum,clone,minimum,3,0.9804276817360001,5,67.58743663533544,"S001,S012,S014 / S002,S003,S004,S005,S006,S007,S008,S009,S011,S013,S015 / S010",4,4,4,6,6,6,5,5,0,2,2,0,2,2,3,0
clone-3-0608-minimum,clone,minimum,3,1.0700700783974597,5,67.58743663533544,"S001,S012 / S002,S003,S004,S005,S006,S007,S008,S009,S011,S013,S014,S015 / S010",4,4,4,6,5,6,4,5,0,2,2,0,1,2,2,0
clone-3-0609-minimum,clone,minimum,3,0.9679174429083607,4,67.16062500108146,"S001,S012 / S002,S003,S004,S005,S006,S007,S008,S009,S011,S013,S015 / S010,S014",4,5,4,6,6,6,4,4,0,3,2,0,2,2,2,0
clone-3-0610-minimum,clone,minimum,3,1.0726800350754366,4,66.87208491682246,"S001,S014 / S002,S003,S004,S005,S006,S007,S008,S009,S011,S012,S013,S015 / S010",4,4,4,6,6,6,4,4,0,2,2,0,2,2,2,0
clone-3-0611-minimum,clone,minimum,3,1.1665462601752699,4,66.87208491682246,"S001 / S002,S003,S004,S005,S006,S007,S008,S009,S011,S012,S013,S014,S015 / S010",4,3,4,6,5,6,3,4,0,1,2,0,1,2,1,0
clone-3-0612-minimum,clone,minimum,3,1.0674531782600805,3,66.44527328256848,"S001 / S002,S003,S004,S005,S006,S007,S008,S009,S011,S012,S013,S015 / S010,S014",4,4,4,6,6,6,3,3,0,2,2,0,2,2,1,0
clone-3-0613-minimum,clone,minimum,3,0.9677533879627509,5,67.58743663533544,"S001,S014 / S002,S003,S004,S005,S006,S007,S008,S009,S011,S013,S015 / S010,S012",4,4,4,6,6,6,5,5,0,2,2,0,2,2,3,0
clone-3-0614-minimum,clone,minimum,3,1.064681288666602,5,67.58743663533544,"S001 / S002,S003,S004,S005,S006,S007,S008,S009,S011,S013,S014,S015 / S010,S012",4,3,4,6,5,6,4,5,0,1,2,0,1,2,2,0
clone-3-0615-minimum,clone,minimum,3,0.9687871505122088,4,67.16062500108146,"S001 / S002,S003,S004,S005,S006,S007,S008,S009,S011,S013,S015 / S010,S012,S014",4,4,4,6,6,6,4,4,0,2,2,0,2,2,2,0
clone-3-0616-minimum,clone,minimum,3,0.7768998523371488,5,68.36776585048835,"S001,S010,S012,S014 / S002,S003,S004,S005,S006,S007,S009,S011,S013,S015 / S008",4,5,4,6,6,6,5,5,0,3,2,0,2,2,3,0
clone-3-0617-minimum,clone,minimum,3,0.8661506887813473,6,68.79457748474233,"S001,S010,S012 / S002,S003,S004,S005,S006,S007,S009,S011,S013,S014,S015 / S008",4,5,4,6,6,6,5,6,0,3,2,0,2,2,3,0
clone-3-0618-minimum,clone,minimum,3,0.7644363056780241,6,68.79457748474233,"S001,S010,S012 / S002,S003,S004,S005,S006,S007,S009,S011,S013,S015 / S008,S014",4,4,4,6,5,6,5,6,0,2,2,0,1,2,3,0
clone-3-0619-minimum,clone,minimum,3,0.8687660025023632,4,67.65241413197538,"S001,S010,S014 / S002,S003,S004,S005,S006,S007,S009,S011,S012,S013,S015 / S008",4,6,4,6,6,6,4,4,0,4,2,0,2,2,2,0
clone-3-0620-minimum,clone,minimum,3,0.9632103550787882,5,68.07922576622936,"S001,S010 / S002,S003,S004,S005,S006,S007,S009,S011,S012,S013,S014,S015 / S008",4,5,4,6,6,6,4,5,0,3,2,0,2,2,2,0
clone-3-0621-minimum,clone,minimum,3,0.8652929821379538,5,68.07922576622936,"S001,S010 / S002,S003,S004,S005,S006,S007,S009,S011,S012,S013,S015 / S008,S014",4,5,4,6,5,6,4,5,0,3,2,0,1,2,2,0
clone-3-0622-minimum,clone,minimum,3,0.7643244723918586,5,68.36776585048835,"S001,S010,S014 / S002,S003,S004,S005,S006,S007,S009,S011,S013,S015 / S008,S012",4,5,4,6,6,6,5,5,0,3,2,0,2,2,3,0
clone-3-0623-minimum,clone,minimum,3,0.8625680420512268,6,68.79457748474233,"S001,S010 / S002,S003,S004,S005,S006,S007,S009,S011,S013,S014,S015 / S008,S012",4,5,4,6,6,6,5,6,0,3,2,0,2,2,3,0
clone-3-0624-minimum,clone,minimum,3,0.7689977697538697,6,68.79457748474233,"S001,S010 / S002,S003,S004,S005,S006,S007,S009,S011,S013,S015 / S008,S012,S014",4,4,4,6,5,6,5,6,0,2,2,0,1,2,3,0
clone-3-0625-minimum,clone,minimum,3,0.8507465097476687,6,68.79457748474233,"S001,S012,S014 / S002,S003,S004,S005,S006,S007,S009,S010,S011,S013,S015 / S008",4,4,4,6,6,6,5,6,0,2,2,0,2,2,3,0
clone-3-0626-minimum,clone,minimum,3,0.9443248167134682,5,68.36776585048835,"S001,S012 / S002,S003,S004,S005,S006,S007,S009,S010,S011,S013,S014,S015 / S008",4,5,4,6,6,6,4,5,0,3,2,0,2,2,2,0
clone-3-0627-minimum,clone,minimum,3,0.8457110375146498,6,68.79457748474233,"S001,S012 / S002,S003,S004,S005,S006,S007,S009,S010,S011,S013,S015 / S008,S014",4,4,4,6,5,6,4,6,0,2,2,0,1,2,2,0
clone-3-0628-minimum,clone,minimum,3,0.9470440362312426,5,68.07922576622936,"S001,S014 / S002,S003,S004,S005,S006,S007,S009,S010,S011,S012,S013,S015 / S008",4,5,4,6,6,6,4,5,0,3,2,0,2,2,2,0
clone-3-0629-minimum,clone,minimum,3,1.0446283205458287,4,67.65241413197538,"S001 / S002,S003,S004,S005,S006,S007,S009,S010,S011,S012,S013,S014,S015 / S008",4,4,4,6,6,6,3,4,0,2,2,0,2,2,1,0
clone-3-0630-minimum,clone,minimum,3,0.9494935674576755,5,68.07922576622936,"S001 / S002,S003,S004,S005,S006,S007,S009,S010,S011,S012,S013,S015 / S008,S014",4,4,4,6,5,6,3,5,0,2,2,0,1,2,1,0
clone-3-0631-minimum,clone,minimum,3,0.8457890046985034,6,68.79457748474235,"S001,S014 / S002,S003,S004,S005,S006,S007,S009,S010,S011,S013,S015 / S008,S012",4,4,4,6,6,6,5,6,0,2,2,0,2,2,3,0
clone-3-0632-minimum,clone,minimum,3,0.9468510279014568,5,68.36776585048835,"S001 / S002,S003,S004,S005,S006,S007,S009,S010,S011,S013,S014,S015 / S008,S012",4,4,4,6,6,6,4,5,0,2,2,0,2,2,2,0
clone-3-0633-minimum,clone,minimum,3,0.856266758380413,6,68.79457748474233,"S001 / S002,S003,S004,S005,S006,S007,S009,S010,S011,S013,S015 / S008,S012,S014",4,3,4,6,5,6,4,6,0,1,2,0,1,2,2,0
clone-3-0634-minimum,clone,minimum,3,0.7653750929109503,6,68.79457748474233,"S001,S012,S014 / S002,S003,S004,S005,S006,S007,S009,S011,S013,S015 / S008,S010",4,4,4,6,5,6,5,6,0,2,2,0,1,2,3,0
clone-3-0635-minimum,clone,minimum,3,0.862038698790517,6,68.79457748474233,"S001,S012 / S002,S003,S004,S005,S006,S007,S009,S011,S013,S014,S015 / S008,S010",4,5,4,6,5,6,4,6,0,3,2,0,1,2,2,0
clone-3-0636-minimum,clone,minimum,3,0.766762426194577,5,68.36776585048835,"S001,S012 / S002,S003,S004,S005,S006,S007,S009,S011,S013,S015 / S008,S010,S014",4,4,4,6,4,6,4,5,0,2,2,0,0,2,2,0
clone-3-0637-minimum,clone,minimum,3,0.8648415562843482,5,68.07922576622936,"S001,S014 / S002,S003,S004,S005,S006,S007,S009,S011,S012,S013,S015 / S008,S010",4,5,4,6,5,6,4,5,0,3,2,0,1,2,2,0
clone-3-0638-minimum,clone,minimum,3,0.965214374505729,5,68.07922576622936,"S001 / S002,S003,S004,S005,S006,S007,S009,S011,S012,S013,S014,S015 / S008,S010",4,4,4,6,5,6,3,5,0,2,2,0,1,2,1,0
clone-3-0639-minimum,clone,minimum,3,0.8736501564171766,4,67.65241413197538,"S001 / S002,S003,S004,S005,S006,S007,S009,S011,S012,S013,S015 / S008,S010,S014",4,4,4,6,4,6,3,4,0,2,2,0,0,2,1,0
clone-3-0640-minimum,clone,minimum,3,0.767045857530647,6,68.79457748474233,"S001,S014 / S002,S003,S004,S005,S006,S007,S009,S011,S013,S015 / S008,S010,S012",4,4,4,6,5,6,5,6,0,2,2,0,1,2,3,0
clone-3-0641-minimum,clone,minimum,3,0.8711252067728281,6,68.79457748474233,"S001 / S002,S003,S004,S005,S006,S007,S009,S011,S013,S014,S015 / S008,S010,S012",4,4,4,6,5,6,4,6,0,2,2,0,1,2,2,0
clone-3-0642-minimum,clone,minimum,3,0.785405066728261,5,68.36776585048835,"S001 / S002,S003,S004,S005,S006,S007,S009,S011,S013,S015 / S008,S010,S012,S014",4,3,4,6,4,6,4,5,0,1,2,0,0,2,2,0
clone-3-0643-minimum,clone,minimum,3,0.7121989368744787,6,69.08311756900133,"S001,S008,S010,S012,S014 / S002,S003,S005,S006,S007,S009,S011,S013,S015 / S004",4,3,5,6,4,6,5,6,0,1,3,0,0,2,3,0
clone-3-0644-minimum,clone,minimum,3,0.7820414750651162,7,69.50992920325533,"S001,S008,S010,S012 / S002,S003,S005,S006,S007,S009,S011,S013,S014,S015 / S004",4,4,5,6,5,6,5,7,0,2,3,0,1,2,3,1
clone-3-0645-minimum,clone,minimum,3,0.6714159351924885,7,69.50992920325531,"S001,S008,S010,S012 / S002,S003,S005,S006,S007,S009,S011,S013,S015 / S004,S014",4,4,5,6,5,6,6,7,0,2,3,0,1,2,4,1
clone-3-0646-minimum,clone,minimum,3,0.7841721133361513,5,68.36776585048835,"S001,S008,S010,S014 / S002,S003,S005,S006,S007,S009,S011,S012,S013,S015 / S004",4,4,5,6,4,6,4,5,0,2,3,0,0,2,2,0
clone-3-0647-minimum,clone,minimum,3,0.863518171368224,6,68.79457748474233,"S001,S008,S010 / S002,S003,S005,S006,S007,S009,S011,S012,S013,S014,S015 / S004",4,4,5,6,5,6,4,6,0,2,3,0,1,2,2,0
clone-3-0648-minimum,clone,minimum,3,0.7560992187771571,6,68.79457748474233,"S001,S008,S010 / S002,S003,S005,S006,S007,S009,S011,S012,S013,S015 / S004,S014",4,5,5,6,5,6,5,6,0,3,3,0,1,2,3,0
clone-3-0649-minimum,clone,minimum,3,0.6705011941766231,5,68.36776585048835,"S001,S008,S010,S014 / S002,S003,S005,S006,S007,S009,S011,S013,S015 / S004,S012",4,4,5,6,4,6,4,5,0,2,3,0,0,2,2,0
clone-3-0650-minimum,clone,minimum,3,0.7530746891147239,6,68.79457748474233,"S001,S008,S010 / S002,S003,S005,S006,S007,S009,S011,S013,S014,S015 / S004,S012",4,5,5,6,5,6,4,6,0,3,3,0,1,2,2,0
clone-3-0651-minimum,clone,minimum,3,0.6477036896989968,6,68.79457748474233,"S001,S008,S010 / S002,S003,S005,S006,S007,S009,S011,S013,S015 / S004,S012,S014",4,4,5,6,5,6,5,6,0,2,3,0,1,2,3,0
clone-3-0652-minimum,clone,minimum,3,0.7695777952071574,7,69.50992920325531,"S001,S008,S012,S014 / S002,S003,S005,S006,S007,S009,S010,S011,S013,S015 / S004",4,3,5,6,5,6,5,7,0,1,3,0,1,2,3,1
clone-3-0653-minimum,clone,minimum,3,0.8473179016230927,6,69.08311756900133,"S001,S008,S012 / S002,S003,S005,S006,S007,S009,S010,S011,S013,S014,S015 / S004",4,4,5,6,6,6,5,6,0,2,3,0,2,2,3,0
clone-3-0654-minimum,clone,minimum,3,0.739249663828303,7,69.50992920325533,"S001,S008,S012 / S002,S003,S005,S006,S007,S009,S010,S011,S013,S015 / S004,S014",4,4,5,6,6,6,6,7,0,2,3,0,2,2,4,1
clone-3-0655-minimum,clone,minimum,3,0.8496413106103822,6,68.79457748474233,"S001,S008,S014 / S002,S003,S005,S006,S007,S009,S010,S011,S012,S013,S015 / S004",4,4,5,6,5,6,4,6,0,2,3,0,1,2,2,0
clone-3-0656-minimum,clone,minimum,3,0.9348605169451375,5,68.36776585048835,"S001,S008 / S002,S003,S005,S006,S007,S009,S010,S011,S012,S013,S014,S015 / S004",4,4,5,6,6,6,4,5,0,2,3,0,2,2,2,0
clone-3-0657-minimum,clone,minimum,3,0.8302520895765049,6,68.79457748474233,"S001,S008 / S002,S003,S005,S006,S007,S009,S010,S011,S012,S013,S015 / S004,S014",4,5,5,6,6,6,5,6,0,3,3,0,2,2,3,0
clone-3-0658-minimum,clone,minimum,3,0.738623995459452,6,68.79457748474233,"S001,S008,S014 / S002,S003,S005,S006,S007,S009,S010,S011,S013,S015 / S004,S012",4,4,5,6,5,6,4,6,0,2,3,0,1,2,2,0
clone-3-0659-minimum,clone,minimum,3,0.827315624873368,5,68.36776585048835,"S001,S008 / S002,S003,S005,S006,S007,S009,S010,S011,S013,S014,S015 / S004,S012",4,5,5,6,6,6,4,5,0,3,3,0,2,2,2,0
clone-3-0660-minimum,clone,minimum,3,0.725383812319371,6,68.79457748474233,"S001,S008 / S002,S003,S005,S006,S007,S009,S010,S011,S013,S015 / S004,S012,S014",4,4,5,6,6,6,5,6,0,2,3,0,2,2,3,0
clone-3-0661-minimum,clone,minimum,3,0.677120786382698,7,69.50992920325531,"S001,S008,S012,S014 / S002,S003,S005,S006,S007,S009,S011,S013,S015 / S004,S010",4,4,5,6,5,6,6,7,0,2,3,0,1,2,4,1
clone-3-0662-minimum,clone,minimum,3,0.7573124537715538,7,69.50992920325533,"S001,S008,S012 / S002,S003,S005,S006,S007,S009,S011,S013,S014,S015 / S004,S010",4,5,5,6,6,6,6,7,0,3,3,0,2,2,4,1
clone-3-0663-minimum,clone,minimum,3,0.6506924712911285,6,69.08311756900133,"S001,S008,S012 / S002,S003,S005,S006,S007,S009,S011,S013,S015 / S004,S010,S014",4,5,5,6,6,6,6,6,0,3,3,0,2,2,4,0
clone-3-0664-minimum,clone,minimum,3,0.7597118105478594,6,68.79457748474233,"S001,S008,S014 / S002,S003,S005,S006,S007,S009,S011,S012,S013,S015 / S004,S010",4,5,5,6,5,6,5,6,0,3,3,0,1,2,3,0
clone-3-0665-minimum,clone,minimum,3,0.847683793807588,6,68.79457748474233,"S001,S008 / S002,S003,S005,S006,S007,S009,S011,S012,S013,S014,S015 / S004,S010",4,5,5,6,6,6,5,6,0,3,3,0,2,2,3,0
clone-3-0666-minimum,clone,minimum,3,0.7451565344848119,5,68.36776585048835,"S001,S008 / S002,S003,S005,S006,S007,S009,S011,S012,S013,S015 / S004,S010,S014",4,6,5,6,6,6,5,5,0,4,3,0,2,2,3,0
clone-3-0667-minimum,clone,minimum,3,0.6502144886339688,6,68.79457748474233,"S001,S008,S014 / S002,S003,S005,S006,S007,S009,S011,S013,S015 / S004,S010,S012",4,4,5,6,5,6,5,6,0,2,3,0,1,2,3,0
clone-3-0668-minimum,clone,minimum,3,0.7422914302829968,6,68.79457748474233,"S001,S008 / S002,S003,S005,S006,S007,S009,S011,S013,S014,S015 / S004,S010,S012",4,5,5,6,6,6,5,6,0,3,3,0,2,2,3,0
clone-3-0669-minimum,clone,minimum,3,0.6434774277199757,5,68.36776585048835,"S001,S008 / S002,S003,S005,S006,S007,S009,S011,S013,S015 / S004,S010,S012,S014",4,5,5,6,6,6,5,5,0,3,3,0,2,2,3,0
clone-3-0670-minimum,clone,minimum,3,0.8666845000206226,5,67.87597671959443,"S001,S010,S012,S014 / S002,S003,S005,S006,S007,S008,S009,S011,S013,S015 / S004",4,4,5,6,6,6,5,5,0,2,3,0,2,2,3,0
clone-3-0671-minimum,clone,minimum,3,0.9531543747051232,6,68.30278835384843,"S001,S010,S012 / S002,S003,S005,S006,S007,S008,S009,S011,S013,S014,S015 / S004",4,3,5,6,5,6,5,6,0,1,3,0,1,2,3,0
clone-3-0672-minimum,clone,minimum,3,0.8492431354592036,6,68.30278835384841,"S001,S010,S012 / S002,S003,S005,S006,S007,S008,S009,S011,S013,S015 / S004,S014",4,4,5,6,6,6,6,6,0,2,3,0,2,2,4,0
clone-3-0673-minimum,clone,minimum,3,0.9556907805559255,4,67.16062500108146,"S001,S010,S014 / S002,S003,S005,S006,S007,S008,S009,S011,S012,S013,S015 / S004",4,4,5,6,6,6,4,4,0,2,3,0,2,2,2,0
clone-3-0674-minimum,clone,minimum,3,1.0474169625298524,5,67.58743663533544,"S001,S010 / S002,S003,S005,S006,S007,S008,S009,S011,S012,S013,S014,S015 / S004",4,3,5,6,5,6,4,5,0,1,3,0,1,2,2,0
clone-3-0675-minimum,clone,minimum,3,0.9468922016492964,5,67.58743663533544,"S001,S010 / S002,S003,S005,S006,S007,S008,S009,S011,S012,S013,S015 / S004,S014",4,4,5,6,6,6,5,5,0,2,3,0,2,2,3,0
clone-3-0676-minimum,clone,minimum,3,0.848963298494382,4,67.16062500108146,"S001,S010,S014 / S002,S003,S005,S006,S007,S008,S009,S011,S013,S015 / S004,S012",4,5,5,6,6,6,4,4,0,3,3,0,2,2,2,0
clone-3-0677-minimum,clone,minimum,3,0.9440805127689345,5,67.58743663533545,"S001,S010 / S002,S003,S005,S006,S007,S008,S009,S011,S013,S014,S015 / S004,S012",4,4,5,6,5,6,4,5,0,2,3,0,1,2,2,0
clone-3-0678-minimum,clone,minimum,3,0.8468687906938088,5,67.58743663533544,"S001,S010 / S002,S003,S005,S006,S007,S008,S009,S011,S013,S015 / S004,S012,S014",4,4,5,6,6,6,5,5,0,2,3,0,2,2,3,0
clone-3-0679-minimum,clone,minimum,3,0.9382185333088497,6,68.30278835384843,"S001,S012,S014 / S002,S003,S005,S006,S007,S008,S009,S010,S011,S013,S015 / S004",4,3,5,6,5,6,5,6,0,1,3,0,1,2,3,0
clone-3-0680-minimum,clone,minimum,3,1.0290536216280926,5,67.87597671959443,"S001,S012 / S002,S003,S005,S006,S007,S008,S009,S010,S011,S013,S014,S015 / S004",4,3,5,6,4,6,4,5,0,1,3,0,0,2,2,0
clone-3-0681-minimum,clone,minimum,3,0.9278975951266795,6,68.30278835384843,"S001,S012 / S002,S003,S005,S006,S007,S008,S009,S010,S011,S013,S015 / S004,S014",4,4,5,6,5,6,5,6,0,2,3,0,1,2,3,0
clone-3-0682-minimum,clone,minimum,3,1.0316969796789546,5,67.58743663533545,"S001,S014 / S002,S003,S005,S006,S007,S008,S009,S010,S011,S012,S013,S015 / S004",4,3,5,6,5,6,4,5,0,1,3,0,1,2,2,0
clone-3-0683-minimum,clone,minimum,3,1.12670856202148,4,67.16062500108146,"S001 / S002,S003,S005,S006,S007,S008,S009,S010,S011,S012,S013,S014,S015 / S004",4,2,5,6,4,6,3,4,0,0,3,0,0,2,1,0
clone-3-0684-minimum,clone,minimum,3,1.028750057901538,5,67.58743663533544,"S001 / S002,S003,S005,S006,S007,S008,S009,S010,S011,S012,S013,S015 / S004,S014",4,3,5,6,5,6,4,5,0,1,3,0,1,2,2,0
clone-3-0685-minimum,clone,minimum,3,0.9278047067913101,5,67.58743663533545,"S001,S014 / S002,S003,S005,S006,S007,S008,S009,S010,S011,S013,S015 / S004,S012",4,4,5,6,5,6,4,5,0,2,3,0,1,2,2,0
clone-3-0686-minimum,clone,minimum,3,1.0260151104354498,4,67.16062500108146,"S001 / S002,S003,S005,S006,S007,S008,S009,S010,S011,S013,S014,S015 / S004,S012",4,3,5,6,4,6,3,4,0,1,3,0,0,2,1,0
clone-3-0687-minimum,clone,minimum,3,0.93163173553391,5,67.58743663533544,"S001 / S002,S003,S005,S006,S007,S008,S009,S010,S011,S013,S015 / S004,S012,S014",4,3,5,6,5,6,4,5,0,1,3,0,1,2,2,0
clone-3-0688-minimum,clone,minimum,3,0.8511474164215637,6,68.30278835384841,"S001,S012,S014 / S002,S003,S005,S006,S007,S008,S009,S011,S013,S015 / S004,S010",4,4,5,6,6,6,6,6,0,2,3,0,2,2,4,0
clone-3-0689-minimum,clone,minimum,3,0.9447122388186276,6,68.30278835384843,"S001,S012 / S002,S003,S005,S006,S007,S008,S009,S011,S013,S014,S015 / S004,S010",4,4,5,6,5,6,5,6,0,2,3,0,1,2,3,0
clone-3-0690-minimum,clone,minimum,3,0.8460850462736307,5,67.87597671959443,"S001,S012 / S002,S003,S005,S006,S007,S008,S009,S011,S013,S015 / S004,S010,S014",4,5,5,6,6,6,5,5,0,3,3,0,2,2,3,0
clone-3-0691-minimum,clone,minimum,3,0.9474310888028402,5,67.58743663533544,"S001,S014 / S002,S003,S005,S006,S007,S008,S009,S011,S012,S013,S015 / S004,S010",4,4,5,6,6,6,5,5,0,2,3,0,2,2,3,0
clone-3-0692-minimum,clone,minimum,3,1.045002939534089,5,67.58743663533544,"S001 / S002,S003,S005,S006,S007,S008,S009,S011,S012,S013,S014,S015 / S004,S010",4,3,5,6,5,6,4,5,0,1,3,0,1,2,2,0
clone-3-0693-minimum,clone,minimum,3,0.9498535371482068,4,67.16062500108146,"S001 / S002,S003,S005,S006,S007,S008,S009,S011,S012,S013,S015 / S004,S010,S014",4,4,5,6,6,6,4,4,0,2,3,0,2,2,2,0
clone-3-0694-minimum,clone,minimum,3,0.8461621477390947,5,67.58743663533544,"S001,S014 / S002,S003,S005,S006,S007,S008,S009,S011,S013,S015 / S004,S010,S012",4,4,5,6,6,6,5,5,0,2,3,0,2,2,3,0
clone-3-0695-minimum,clone,minimum,3,0.9472105166831256,5,67.58743663533544,"S001 / S002,S003,S005,S006,S007,S008,S009,S011,S013,S014,S015 / S004,S010,S012",4,3,5,6,5,6,4,5,0,1,3,0,1,2,2,0
clone-3-0696-minimum,clone,minimum,3,0.8566064132525141,4,67.16062500108146,"S001 / S002,S003,S005,S006,S007,S008,S009,S011,S013,S015 / S004,S010,S012,S014",4,4,5,6,6,6,4,4,0,2,3,0,2,2,2,0
clone-3-0697-minimum,clone,minimum,3,0.6472120398656319,6,69.08311756900133,"S001,S010,S012,S014 / S002,S003,S005,S006,S007,S009,S011,S013,S015 / S004,S008",4,5,5,6,6,6,6,6,0,3,3,0,2,2,4,0
clone-3-0698-minimum,clone,minimum,3,0.7414477835877815,7,69.50992920325533,"S001,S010,S012 / S002,S003,S005,S006,S007,S009,S011,S013,S014,S015 / S004,S008",4,5,5,6,6,6,6,7,0,3,3,0,2,2,4,1
clone-3-0699-minimum,clone,minimum,3,0.6445581069996182,7,69.50992920325531,"S001,S010,S012 / S002,S003,S005,S006,S007,S009,S011,S013,S015 / S004,S008,S014",4,4,5,6,5,6,6,7,0,2,3,0,1,2,4,1
clone-3-0700-minimum,clone,minimum,3,0.7442003333130839,5,68.36776585048835,"S001,S010,S014 / S002,S003,S005,S006,S007,S009,S011,S012,S013,S015 / S004,S008",4,6,5,6,6,6,5,5,0,4,3,0,2,2,3,0
clone-3-0701-minimum,clone,minimum,3,0.843250682333348,6,68.79457748474233,"S001,S010 / S002,S003,S005,S006,S007,S009,S011,S012,S013,S014,S015 / S004,S008",4,5,5,6,6,6,5,6,0,3,3,0,2,2,3,0
clone-3-0702-minimum,clone,minimum,3,0.7507289509611837,6,68.79457748474233,"S001,S010 / S002,S003,S005,S006,S007,S009,S011,S012,S013,S015 / S004,S008,S014",4,5,5,6,5,6,5,6,0,3,3,0,1,2,3,0
clone-3-0703-minimum,clone,minimum,3,0.6447729973167468,5,68.36776585048835,"S001,S010,S014 / S002,S003,S005,S006,S007,S009,S011,S013,S015 / S004,S008,S012",4,5,5,6,6,6,5,5,0,3,3,0,2,2,3,0
clone-3-0704-minimum,clone,minimum,3,0.7481856068283446,6,68.79457748474233,"S001,S010 / S002,S003,S005,S006,S007,S009,S011,S013,S014,S015 / S004,S008,S012",4,5,5,6,6,6,5,6,0,3,3,0,2,2,3,0
clone-3-0705-minimum,clone,minimum,3,0.6623293234735051,6,68.79457748474233,"S001,S010 / S002,S003,S005,S006,S007,S009,S011,S013,S015 / S004,S008,S012,S014",4,4,5,6,5,6,5,6,0,2,3,0,1,2,3,0
clone-3-0706-minimum,clone,minimum,3,0.7252246203601506,7,69.50992920325533,"S001,S012,S014 / S002,S003,S005,S006,S007,S009,S010,S011,S013,S015 / S004,S008",4,4,5,6,6,6,6,7,0,2,3,0,2,2,4,1
clone-3-0707-minimum,clone,minimum,3,0.8234975663078139,6,69.08311756900133,"S001,S012 / S002,S003,S005,S006,S007,S009,S010,S011,S013,S014,S015 / S004,S008",4,5,5,6,6,6,5,6,0,3,3,0,2,2,3,0
clone-3-0708-minimum,clone,minimum,3,0.7301989653358232,7,69.50992920325533,"S001,S012 / S002,S003,S005,S006,S007,S009,S010,S011,S013,S015 / S004,S008,S014",4,4,5,6,5,6,5,7,0,2,3,0,1,2,3,1
clone-3-0709-minimum,clone,minimum,3,0.8263433049911324,6,68.79457748474235,"S001,S014 / S002,S003,S005,S006,S007,S009,S010,S011,S012,S013,S015 / S004,S008",4,5,5,6,6,6,5,6,0,3,3,0,2,2,3,0
clone-3-0710-minimum,clone,minimum,3,0.9281254954768702,5,68.36776585048835,"S001 / S002,S003,S005,S006,S007,S009,S010,S011,S012,S013,S014,S015 / S004,S008",4,4,5,6,6,6,4,5,0,2,3,0,2,2,2,0
clone-3-0711-minimum,clone,minimum,3,0.838612621930248,6,68.79457748474233,"S001 / S002,S003,S005,S006,S007,S009,S010,S011,S012,S013,S015 / S004,S008,S014",4,4,5,6,5,6,4,6,0,2,3,0,1,2,2,0
clone-3-0712-minimum,clone,minimum,3,0.7305959496080915,6,68.79457748474233,"S001,S014 / S002,S003,S005,S006,S007,S009,S010,S011,S013,S015 / S004,S008,S012",4,4,5,6,6,6,5,6,0,2,3,0,2,2,3,0
clone-3-0713-minimum,clone,minimum,3,0.8361555036464163,5,68.36776585048835,"S001 / S002,S003,S005,S006,S007,S009,S010,S011,S013,S014,S015 / S004,S008,S012",4,4,5,6,6,6,4,5,0,2,3,0,2,2,2,0
clone-3-0714-minimum,clone,minimum,3,0.7532505602366861,6,68.79457748474233,"S001 / S002,S003,S005,S006,S007,S009,S010,S011,S013,S015 / S004,S008,S012,S014",4,3,5,6,5,6,4,6,0,1,3,0,1,2,2,0
clone-3-0715-minimum,clone,minimum,3,0.6436132337754242,7,69.50992920325531,"S001,S012,S014 / S002,S003,S005,S006,S007,S009,S011,S013,S015 / S004,S008,S010",4,4,5,6,5,6,6,7,0,2,3,0,1,2,4,1
clone-3-0716-minimum,clone,minimum,3,0.7454981127944883,7,69.50992920325533,"S001,S012 / S002,S003,S005,S006,S007,S009,S011,S013,S014,S015 / S004,S008,S010",4,5,5,6,5,6,5,7,0,3,3,0,1,2,3,1
clone-3-0717-minimum,clone,minimum,3,0.657377991676725,6,69.08311756900133,"S001,S012 / S002,S003,S005,S006,S007,S009,S011,S013,S015 / S004,S008,S010,S014",4,4,5,6,4,6,5,6,0,2,3,0,0,2,3,0
clone-3-0718-minimum,clone,minimum,3,0.7484381098878964,6,68.79457748474233,"S001,S014 / S002,S003,S005,S006,S007,S009,S011,S012,S013,S015 / S004,S008,S010",4,5,5,6,5,6,5,6,0,3,3,0,1,2,3,0
clone-3-0719-minimum,clone,minimum,3,0.8532673858375239,6,68.79457748474233,"S001 / S002,S003,S005,S006,S007,S009,S011,S012,S013,S014,S015 / S004,S008,S010",4,4,5,6,5,6,4,6,0,2,3,0,1,2,2,0
clone-3-0720-minimum,clone,minimum,3,0.7689314186185316,5,68.36776585048835,"S001 / S002,S003,S005,S006,S007,S009,S011,S012,S013,S015 / S004,S008,S010,S014",4,4,5,6,4,6,4,5,0,2,3,0,0,2,2,0
clone-3-0721-minimum,clone,minimum,3,0.6580490744492529,6,68.79457748474233,"S001,S014 / S002,S003,S005,S006,S007,S009,S011,S013,S015 / S004,S008,S010,S012",4,4,5,6,5,6,5,6,0,2,3,0,1,2,3,0
clone-3-0722-minimum,clone,minimum,3,0.766646019248048,6,68.79457748474233,"S001 / S002,S003,S005,S006,S007,S009,S011,S013,S014,S015 / S004,S008,S010,S012",4,4,5,6,5,6,4,6,0,2,3,0,1,2,2,0
clone-3-0723-minimum,clone,minimum,3,0.6908781365376488,5,68.36776585048835,"S001 / S002,S003,S005,S006,S007,S009,S011,S013,S015 / S004,S008,S010,S012,S014",4,3,5,6,4,6,4,5,0,1,3,0,0,2,2,0
clone-3-0724-minimum,clone,minimum,3,0.29303424039689385,6,69.57490669989525,"S001,S004,S008,S010,S012,S014 / S002,S009,S013 / S003,S005,S006,S007,S011,S015",5,3,5,6,4,6,5,6,1,1,3,0,0,2,3,0
clone-3-0725-minimum,clone,minimum,3,0.2318976951117482,7,70.00171833414923,"S001,S004,S008,S010,S012 / S002,S009,S013,S014 / S003,S005,S006,S007,S011,S015",5,4,5,6,5,6,5,7,1,2,3,0,1,2,3,1
clone-3-0726-minimum,clone,minimum,3,0.34430863313287374,7,70.00171833414923,"S001,S004,S008,S010,S012 / S002,S009,S013 / S003,S005,S006,S007,S011,S014,S015",5,4,5,6,5,6,5,7,1,2,3,0,1,2,3,1
clone-3-0727-minimum,clone,minimum,3,0.23073767846516094,6,69.57490669989525,"S001,S004,S008,S010,S014 / S002,S009,S012,S013 / S003,S005,S006,S007,S011,S015",5,4,5,6,4,6,5,6,1,2,3,0,0,2,3,0
clone-3-0728-minimum,clone,minimum,3,0.2179989383662204,7,70.00171833414923,"S001,S004,S008,S010 / S002,S009,S012,S013,S014 / S003,S005,S006,S007,S011,S015",5,4,5,6,5,6,5,7,1,2,3,0,1,2,3,1
clone-3-0729-minimum,clone,minimum,3,0.314813179559577,7,70.00171833414923,"S001,S004,S008,S010 / S002,S009,S012,S013 / S003,S005,S006,S007,S011,S014,S015",5,5,5,6,5,6,5,7,1,3,3,0,1,2,3,1
clone-3-0730-minimum,clone,minimum,3,0.3461943590297596,7,70.29025841840823,"S001,S004,S008,S010,S014 / S002,S009,S013 / S003,S005,S006,S007,S011,S012,S015",5,4,5,6,4,6,6,7,1,2,3,0,0,2,4,1
clone-3-0731-minimum,clone,minimum,3,0.31772016324630403,8,70.71707005266221,"S001,S004,S008,S010 / S002,S009,S013,S014 / S003,S005,S006,S007,S011,S012,S015",5,5,5,6,5,6,6,8,1,3,3,0,1,2,4,2
clone-3-0732-minimum,clone,minimum,3,0.42297291750302385,8,70.71707005266221,"S001,S004,S008,S010 / S002,S009,S013 / S003,S005,S006,S007,S011,S012,S014,S015",5,4,5,6,5,6,6,8,1,2,3,0,1,2,4,2
clone-3-0733-minimum,clone,minimum,3,0.23953798092339415,7,70.00171833414923,"S001,S004,S008,S012,S014 / S002,S009,S010,S013 / S003,S005,S006,S007,S011,S015",5,4,5,6,5,6,5,7,1,2,3,0,1,2,3,1
clone-3-0734-minimum,clone,minimum,3,0.21592132770103908,6,69.57490669989525,"S001,S004,S008,S012 / S002,S009,S010,S013,S014 / S003,S005,S006,S007,S011,S015",5,5,5,6,6,6,5,6,1,3,3,0,2,2,3,0
clone-3-0735-minimum,clone,minimum,3,0.31737338161664225,7,70.00171833414923,"S001,S004,S008,S012 / S002,S009,S010,S013 / S003,S005,S006,S007,S011,S014,S015",5,5,5,6,6,6,5,7,1,3,3,0,2,2,3,1
clone-3-0736-minimum,clone,minimum,3,0.21608112063351095,7,70.00171833414923,"S001,S004,S008,S014 / S002,S009,S010,S012,S013 / S003,S005,S006,S007,S011,S015",5,4,5,6,5,6,5,7,1,2,3,0,1,2,3,1
clone-3-0737-minimum,clone,minimum,3,0.2496213373446018,6,69.57490669989525,"S001,S004,S008 / S002,S009,S010,S012,S013,S014 / S003,S005,S006,S007,S011,S015",5,5,5,6,6,6,5,6,1,3,3,0,2,2,3,0
clone-3-0738-minimum,clone,minimum,3,0.3212889084674969,7,70.00171833414923,"S001,S004,S008 / S002,S009,S010,S012,S013 / S003,S005,S006,S007,S011,S014,S015",5,5,5,6,6,6,5,7,1,3,3,0,2,2,3,1
clone-3-0739-minimum,clone,minimum,3,0.3198918732467784,8,70.71707005266221,"S001,S004,S008,S014 / S002,S009,S010,S013 / S003,S005,S006,S007,S011,S012,S015",5,5,5,6,5,6,6,8,1,3,3,0,1,2,4,2
clone-3-0740-minimum,clone,minimum,3,0.32367032452285666,7,70.29025841840823,"S001,S004,S008 / S002,S009,S010,S013,S014 / S003,S005,S006,S007,S011,S012,S015",5,6,5,6,6,6,6,7,1,4,3,0,2,2,4,1
clone-3-0741-minimum,clone,minimum,3,0.41479442563203506,8,70.71707005266221,"S001,S004,S008 / S002,S009,S010,S013 / S003,S005,S006,S007,S011,S012,S014,S015",5,5,5,6,6,6,6,8,1,3,3,0,2,2,4,2
clone-3-0742-minimum,clone,minimum,3,0.33355782867694345,7,70.00171833414923,"S001,S004,S008,S012,S014 / S002,S009,S013 / S003,S005,S006,S007,S010,S011,S015",5,3,5,6,5,6,5,7,1,1,3,0,1,2,3,1
clone-3-0743-minimum,clone,minimum,3,0.29972712635648635,7,70.00171833414923,"S001,S004,S008,S012 / S002,S009,S013,S014 / S003,S005,S006,S007,S010,S011,S015",5,4,5,6,6,6,5,7,1,2,3,0,2,2,3,1
clone-3-0744-minimum,clone,minimum,3,0.40654187284299126,6,69.57490669989525,"S001,S004,S008,S012 / S002,S009,S013 / S003,S005,S006,S007,S010,S011,S014,S015",5,4,5,6,6,6,5,6,1,2,3,0,2,2,3,0
clone-3-0745-minimum,clone,minimum,3,0.29933682261896827,7,70.00171833414923,"S001,S004,S008,S014 / S002,S009,S012,S013 / S003,S005,S006,S007,S010,S011,S015",5,4,5,6,5,6,5,7,1,2,3,0,1,2,3,1
clone-3-0746-minimum,clone,minimum,3,0.30749673899085506,7,70.00171833414923,"S001,S004,S008 / S002,S009,S012,S013,S014 / S003,S005,S006,S007,S010,S011,S015",5,4,5,6,6,6,5,7,1,2,3,0,2,2,3,1
clone-3-0747-minimum,clone,minimum,3,0.3959874942907977,6,69.57490669989525,"S001,S004,S008 / S002,S009,S012,S013 / S003,S005,S006,S007,S010,S011,S014,S015",5,5,5,6,6,6,5,6,1,3,3,0,2,2,3,0
clone-3-0748-minimum,clone,minimum,3,0.4088815102466592,8,70.71707005266221,"S001,S004,S008,S014 / S002,S009,S013 / S003,S005,S006,S007,S010,S011,S012,S015",5,4,5,6,5,6,6,8,1,2,3,0,1,2,4,2
clone-3-0749-minimum,clone,minimum,3,0.39868246460046874,8,70.71707005266221,"S001,S004,S008 / S002,S009,S013,S014 / S003,S005,S006,S007,S010,S011,S012,S015",5,5,5,6,6,6,6,8,1,3,3,0,2,2,4,2
clone-3-0750-minimum,clone,minimum,3,0.49756983895403967,7,70.29025841840823,"S001,S004,S008 / S002,S009,S013 / S003,S005,S006,S007,S010,S011,S012,S014,S015",5,4,5,6,6,6,6,7,1,2,3,0,2,2,4,1
clone-3-0751-minimum,clone,minimum,3,0.21866046907923375,5,68.36776585048835,"S001,S004,S010,S012,S014 / S002,S008,S009,S013 / S003,S005,S006,S007,S011,S015",5,5,5,6,6,6,5,5,1,3,3,0,2,2,3,0
clone-3-0752-minimum,clone,minimum,3,0.26214418188802135,6,68.79457748474233,"S001,S004,S010,S012 / S002,S008,S009,S013,S014 / S003,S005,S006,S007,S011,S015",5,4,5,6,5,6,5,6,1,2,3,0,1,2,3,0
clone-3-0753-minimum,clone,minimum,3,0.32709573177605084,6,68.79457748474233,"S001,S004,S010,S012 / S002,S008,S009,S013 / S003,S005,S006,S007,S011,S014,S015",5,5,5,6,6,6,5,6,1,3,3,0,2,2,3,0
clone-3-0754-minimum,clone,minimum,3,0.2639838608155948,5,68.36776585048835,"S001,S004,S010,S014 / S002,S008,S009,S012,S013 / S003,S005,S006,S007,S011,S015",5,5,5,6,6,6,5,5,1,3,3,0,2,2,3,0
clone-3-0755-minimum,clone,minimum,3,0.3420099940689558,6,68.79457748474233,"S001,S004,S010 / S002,S008,S009,S012,S013,S014 / S003,S005,S006,S007,S011,S015",5,4,5,6,5,6,5,6,1,2,3,0,1,2,3,0
clone-3-0756-minimum,clone,minimum,3,0.3769015637210094,6,68.79457748474233,"S001,S004,S010 / S002,S008,S009,S012,S013 / S003,S005,S006,S007,S011,S014,S015",5,5,5,6,6,6,5,6,1,3,3,0,2,2,3,0
clone-3-0757-minimum,clone,minimum,3,0.33022114230363375,6,69.08311756900133,"S001,S004,S010,S014 / S002,S008,S009,S013 / S003,S005,S006,S007,S011,S012,S015",5,6,5,6,6,6,6,6,1,4,3,0,2,2,4,0
clone-3-0758-minimum,clone,minimum,3,0.3783401474073052,7,69.50992920325531,"S001,S004,S010 / S002,S008,S009,S013,S014 / S003,S005,S006,S007,S011,S012,S015",5,5,5,6,5,6,6,7,1,3,3,0,1,2,4,1
clone-3-0759-minimum,clone,minimum,3,0.44113649332675575,7,69.50992920325531,"S001,S004,S010 / S002,S008,S009,S013 / S003,S005,S006,S007,S011,S012,S014,S015",5,5,5,6,6,6,6,7,1,3,3,0,2,2,4,1
clone-3-0760-minimum,clone,minimum,3,0.2518156378687852,6,68.79457748474233,"S001,S004,S012,S014 / S002,S008,S009,S010,S013 / S003,S005,S006,S007,S011,S015",5,4,5,6,5,6,5,6,1,2,3,0,1,2,3,0
clone-3-0761-minimum,clone,minimum,3,0.3250452081376051,5,68.36776585048835,"S001,S004,S012 / S002,S008,S009,S010,S013,S014 / S003,S005,S006,S007,S011,S015",5,4,5,6,4,6,4,5,1,2,3,0,0,2,2,0
clone-3-0762-minimum,clone,minimum,3,0.36504572690624115,6,68.79457748474233,"S001,S004,S012 / S002,S008,S009,S010,S013 / S003,S005,S006,S007,S011,S014,S015",5,5,5,6,5,6,4,6,1,3,3,0,1,2,2,0
clone-3-0763-minimum,clone,minimum,3,0.32745685162978355,6,68.79457748474233,"S001,S004,S014 / S002,S008,S009,S010,S012,S013 / S003,S005,S006,S007,S011,S015",5,4,5,6,5,6,5,6,1,2,3,0,1,2,3,0
clone-3-0764-minimum,clone,minimum,3,0.4193416834150838,5,68.36776585048835,"S001,S004 / S002,S008,S009,S010,S012,S013,S014 / S003,S005,S006,S007,S011,S015",5,3,5,6,4,6,4,5,1,1,3,0,0,2,2,0
clone-3-0765-minimum,clone,minimum,3,0.4361918727952277,6,68.79457748474233,"S001,S004 / S002,S008,S009,S010,S012,S013 / S003,S005,S006,S007,S011,S014,S015",5,4,5,6,5,6,4,6,1,2,3,0,1,2,2,0
clone-3-0766-minimum,clone,minimum,3,0.3682602553182524,7,69.50992920325531,"S001,S004,S014 / S002,S008,S009,S010,S013 / S003,S005,S006,S007,S011,S012,S015",5,5,5,6,5,6,6,7,1,3,3,0,1,2,4,1
clone-3-0767-minimum,clone,minimum,3,0.4370892133890924,6,69.08311756900133,"S001,S004 / S002,S008,S009,S010,S013,S014 / S003,S005,S006,S007,S011,S012,S015",5,4,5,6,4,6,5,6,1,2,3,0,0,2,3,0
clone-3-0768-minimum,clone,minimum,3,0.4814966965789669,7,69.50992920325531,"S001,S004 / S002,S008,S009,S010,S013 / S003,S005,S006,S007,S011,S012,S014,S015",5,4,5,6,5,6,5,7,1,2,3,0,1,2,3,1
clone-3-0769-minimum,clone,minimum,3,0.3086240885014706,6,68.79457748474233,"S001,S004,S012,S014 / S002,S008,S009,S013 / S003,S005,S006,S007,S010,S011,S015",5,4,5,6,6,6,5,6,1,2,3,0,2,2,3,0
clone-3-0770-minimum,clone,minimum,3,0.35612364371414074,6,68.79457748474233,"S001,S004,S012 / S002,S008,S009,S013,S014 / S003,S005,S006,S007,S010,S011,S015",5,4,5,6,5,6,4,6,1,2,3,0,1,2,2,0
clone-3-0771-minimum,clone,minimum,3,0.41924234699000723,5,68.36776585048835,"S001,S004,S012 / S002,S008,S009,S013 / S003,S005,S006,S007,S010,S011,S014,S015",5,5,5,6,6,6,4,5,1,3,3,0,2,2,2,0
clone-3-0772-minimum,clone,minimum,3,0.35790334466438756,6,68.79457748474233,"S001,S004,S014 / S002,S008,S009,S012,S013 / S003,S005,S006,S007,S010,S011,S015",5,4,5,6,6,6,5,6,1,2,3,0,2,2,3,0
clone-3-0773-minimum,clone,minimum,3,0.4313307450703908,6,68.79457748474233,"S001,S004 / S002,S008,S009,S012,S013,S014 / S003,S005,S006,S007,S010,S011,S015",5,3,5,6,5,6,4,6,1,1,3,0,1,2,2,0
clone-3-0774-minimum,clone,minimum,3,0.4709545780479861,5,68.36776585048835,"S001,S004 / S002,S008,S009,S012,S013 / S003,S005,S006,S007,S010,S011,S014,S015",5,4,5,6,6,6,4,5,1,2,3,0,2,2,2,0
clone-3-0775-minimum,clone,minimum,3,0.42240291933247803,7,69.50992920325531,"S001,S004,S014 / S002,S008,S009,S013 / S003,S005,S006,S007,S010,S011,S012,S015",5,5,5,6,6,6,6,7,1,3,3,0,2,2,4,1
clone-3-0776-minimum,clone,minimum,3,0.47242728628387654,7,69.50992920325531,"S001,S004 / S002,S008,S009,S013,S014 / S003,S005,S006,S007,S010,S011,S012,S015",5,4,5,6,5,6,5,7,1,2,3,0,1,2,3,1
clone-3-0777-minimum,clone,minimum,3,0.5341495386865708,6,69.08311756900133,"S001,S004 / S002,S008,S009,S013 / S003,S005,S006,S007,S010,S011,S012,S014,S015",5,4,5,6,6,6,5,6,1,2,3,0,2,2,3,0
clone-3-0778-minimum,clone,minimum,3,0.42621392796513013,5,68.36776585048835,"S001,S004,S010,S012,S014 / S002,S009,S013 / S003,S005,S006,S007,S008,S011,S015",5,4,5,6,6,6,5,5,1,2,3,0,2,2,3,0
clone-3-0779-minimum,clone,minimum,3,0.4196017582755562,6,68.79457748474233,"S001,S004,S010,S012 / S002,S009,S013,S014 / S003,S005,S006,S007,S008,S011,S015",5,4,5,6,6,6,5,6,1,2,3,0,2,2,3,0
clone-3-0780-minimum,clone,minimum,3,0.5170467847332011,6,68.79457748474233,"S001,S004,S010,S012 / S002,S009,S013 / S003,S005,S006,S007,S008,S011,S014,S015",5,3,5,6,5,6,5,6,1,1,3,0,1,2,3,0
clone-3-0781-minimum,clone,minimum,3,0.41985861491375553,5,68.36776585048835,"S001,S004,S010,S014 / S002,S009,S012,S013 / S003,S005,S006,S007,S008,S011,S015",5,5,5,6,6,6,5,5,1,3,3,0,2,2,3,0
clone-3-0782-minimum,clone,minimum,3,0.44391977381720765,6,68.79457748474233,"S001,S004,S010 / S002,S009,S012,S013,S014 / S003,S005,S006,S007,S008,S011,S015",5,4,5,6,6,6,5,6,1,2,3,0,2,2,3,0
clone-3-0783-minimum,clone,minimum,3,0.5245459128473393,6,68.79457748474233,"S001,S004,S010 / S002,S009,S012,S013 / S003,S005,S006,S007,S008,S011,S014,S015",5,4,5,6,5,6,5,6,1,2,3,0,1,2,3,0
clone-3-0784-minimum,clone,minimum,3,0.5197538344112105,6,69.08311756900133,"S001,S004,S010,S014 / S002,S009,S013 / S003,S005,S006,S007,S008,S011,S012,S015",5,4,5,6,6,6,6,6,1,2,3,0,2,2,4,0
clone-3-0785-minimum,clone,minimum,3,0.527009928272423,7,69.50992920325531,"S001,S004,S010 / S002,S009,S013,S014 / S003,S005,S006,S007,S008,S011,S012,S015",5,4,5,6,6,6,6,7,1,2,3,0,2,2,4,1
clone-3-0786-minimum,clone,minimum,3,0.6182226941068909,7,69.50992920325533,"S001,S004,S010 / S002,S009,S013 / S003,S005,S006,S007,S008,S011,S012,S014,S015",5,3,5,6,5,6,6,7,1,1,3,0,1,2,4,1
clone-3-0787-minimum,clone,minimum,3,0.41858375373401363,6,68.79457748474233,"S001,S004,S012,S014 / S002,S009,S010,S013 / S003,S005,S006,S007,S008,S011,S015",5,4,5,6,6,6,5,6,1,2,3,0,2,2,3,0
clone-3-0788-minimum,clone,minimum,3,0.43698487679174536,5,68.36776585048835,"S001,S004,S012 / S002,S009,S010,S013,S014 / S003,S005,S006,S007,S008,S011,S015",5,5,5,6,6,6,4,5,1,3,3,0,2,2,2,0
clone-3-0789-minimum,clone,minimum,3,0.5211136865892284,6,68.79457748474233,"S001,S004,S012 / S002,S009,S010,S013 / S003,S005,S006,S007,S008,S011,S014,S015",5,4,5,6,5,6,4,6,1,2,3,0,1,2,2,0
clone-3-0790-minimum,clone,minimum,3,0.43792362254936607,6,68.79457748474233,"S001,S004,S014 / S002,S009,S010,S012,S013 / S003,S005,S006,S007,S008,S011,S015",5,4,5,6,6,6,5,6,1,2,3,0,2,2,3,0
clone-3-0791-minimum,clone,minimum,3,0.48362868892731076,5,68.36776585048835,"S001,S004 / S002,S009,S010,S012,S013,S014 / S003,S005,S006,S007,S008,S011,S015",5,4,5,6,6,6,4,5,1,2,3,0,2,2,2,0
clone-3-0792-minimum,clone,minimum,3,0.5489192177391806,6,68.79457748474233,"S001,S004 / S002,S009,S010,S012,S013 / S003,S005,S006,S007,S008,S011,S014,S015",5,3,5,6,5,6,4,6,1,1,3,0,1,2,2,0
clone-3-0793-minimum,clone,minimum,3,0.524088726237441,7,69.50992920325531,"S001,S004,S014 / S002,S009,S010,S013 / S003,S005,S006,S007,S008,S011,S012,S015",5,4,5,6,6,6,6,7,1,2,3,0,2,2,4,1
clone-3-0794-minimum,clone,minimum,3,0.5509995549725045,6,69.08311756900133,"S001,S004 / S002,S009,S010,S013,S014 / S003,S005,S006,S007,S008,S011,S012,S015",5,4,5,6,6,6,5,6,1,2,3,0,2,2,3,0
clone-3-0795-minimum,clone,minimum,3,0.6303905887161491,7,69.50992920325531,"S001,S004 / S002,S009,S010,S013 / S003,S005,S006,S007,S008,S011,S012,S014,S015",5,3,5,6,5,6,5,7,1,1,3,0,1,2,3,1
clone-3-0796-minimum,clone,minimum,3,0.501138112595319,6,68.79457748474233,"S001,S004,S012,S014 / S002,S009,S013 / S003,S005,S006,S007,S008,S010,S011,S015",5,3,5,6,5,6,5,6,1,1,3,0,1,2,3,0
clone-3-0797-minimum,clone,minimum,3,0.5061766305363721,6,68.79457748474233,"S001,S004,S012 / S002,S009,S013,S014 / S003,S005,S006,S007,S008,S010,S011,S015",5,4,5,6,5,6,4,6,1,2,3,0,1,2,2,0
clone-3-0798-minimum,clone,minimum,3,0.5984601687708557,5,68.36776585048835,"S001,S004,S012 / S002,S009,S013 / S003,S005,S006,S007,S008,S010,S011,S014,S015",5,3,5,6,4,6,4,5,1,1,3,0,0,2,2,0
clone-3-0799-minimum,clone,minimum,3,0.5066885138888247,6,68.79457748474233,"S001,S004,S014 / S002,S009,S012,S013 / S003,S005,S006,S007,S008,S010,S011,S015",5,4,5,6,5,6,5,6,1,2,3,0,1,2,3,0
clone-3-0800-minimum,clone,minimum,3,0.536828473000988,6,68.79457748474233,"S001,S004 / S002,S009,S012,S013,S014 / S003,S005,S006,S007,S008,S010,S011,S015",5,3,5,6,5,6,4,6,1,1,3,0,1,2,2,0
clone-3-0801-minimum,clone,minimum,3,0.6139515524636967,5,68.36776585048835,"S001,S004 / S002,S009,S012,S013 / S003,S005,S006,S007,S008,S010,S011,S014,S015",5,3,5,6,4,6,4,5,1,1,3,0,0,2,2,0
clone-3-0802-minimum,clone,minimum,3,0.6013043655755043,7,69.50992920325531,"S001,S004,S014 / S002,S009,S013 / S003,S005,S006,S007,S008,S010,S011,S012,S015",5,3,5,6,5,6,6,7,1,1,3,0,1,2,4,1
clone-3-0803-minimum,clone,minimum,3,0.6163038263890556,7,69.50992920325531,"S001,S004 / S002,S009,S013,S014 / S003,S005,S006,S007,S008,S010,S011,S012,S015",5,3,5,6,5,6,5,7,1,1,3,0,1,2,3,1
clone-3-0804-minimum,clone,minimum,3,0.7035327225381578,6,69.08311756900133,"S001,S004 / S002,S009,S013 / S003,S005,S006,S007,S008,S010,S011,S012,S014,S015",5,2,5,6,4,6,5,6,1,0,3,0,0,2,3,0
clone-3-0805-minimum,clone,minimum,3,0.22363842196092812,6,69.57490669989525,"S001,S008,S010,S012,S014 / S002,S004,S009,S013 / S003,S005,S006,S007,S011,S015",5,3,6,6,4,6,5,6,1,1,4,0,0,2,3,0
clone-3-0806-minimum,clone,minimum,3,0.22245472905686936,7,70.00171833414923,"S001,S008,S010,S012 / S002,S004,S009,S013,S014 / S003,S005,S006,S007,S011,S015",5,4,6,6,5,6,5,7,1,2,4,0,1,2,3,1
clone-3-0807-minimum,clone,minimum,3,0.3138084709767003,7,70.00171833414923,"S001,S008,S010,S012 / S002,S004,S009,S013 / S003,S005,S006,S007,S011,S014,S015",5,4,6,6,5,6,5,7,1,2,4,0,1,2,3,1
clone-3-0808-minimum,clone,minimum,3,0.22326106684337294,5,68.85955498138227,"S001,S008,S010,S014 / S002,S004,S009,S012,S013 / S003,S005,S006,S007,S011,S015",5,4,6,6,4,6,4,5,1,2,4,0,0,2,2,0
clone-3-0809-minimum,clone,minimum,3,0.27512479456199956,6,69.28636661563624,"S001,S008,S010 / S002,S004,S009,S012,S013,S014 / S003,S005,S006,S007,S011,S015",5,4,6,6,5,6,4,6,1,2,4,0,1,2,2,0
clone-3-0810-minimum,clone,minimum,3,0.33390898401162655,6,69.28636661563625,"S001,S008,S010 / S002,S004,S009,S012,S013 / S003,S005,S006,S007,S011,S014,S015",5,5,6,6,5,6,4,6,1,3,4,0,1,2,2,0
clone-3-0811-minimum,clone,minimum,3,0.31658472316647784,6,69.57490669989525,"S001,S008,S010,S014 / S002,S004,S009,S013 / S003,S005,S006,S007,S011,S012,S015",5,4,6,6,4,6,5,6,1,2,4,0,0,2,3,0
clone-3-0812-minimum,clone,minimum,3,0.3359850332991957,7,70.00171833414923,"S001,S008,S010 / S002,S004,S009,S013,S014 / S003,S005,S006,S007,S011,S012,S015",5,5,6,6,5,6,5,7,1,3,4,0,1,2,3,1
clone-3-0813-minimum,clone,minimum,3,0.41840612511542685,7,70.00171833414923,"S001,S008,S010 / S002,S004,S009,S013 / S003,S005,S006,S007,S011,S012,S014,S015",5,4,6,6,5,6,5,7,1,2,4,0,1,2,3,1
clone-3-0814-minimum,clone,minimum,3,0.21858947310146193,7,70.00171833414923,"S001,S008,S012,S014 / S002,S004,S009,S010,S013 / S003,S005,S006,S007,S011,S015",5,4,6,6,5,6,5,7,1,2,4,0,1,2,3,1
clone-3-0815-minimum,clone,minimum,3,0.26189582079814133,6,69.57490669989525,"S001,S008,S012 / S002,S004,S009,S010,S013,S014 / S003,S005,S006,S007,S011,S015",5,5,6,6,6,6,5,6,1,3,4,0,2,2,3,0
clone-3-0816-minimum,clone,minimum,3,0.3269725075284134,7,70.00171833414923,"S001,S008,S012 / S002,S004,S009,S010,S013 / S003,S005,S006,S007,S011,S014,S015",5,5,6,6,6,6,5,7,1,3,4,0,2,2,3,1
clone-3-0817-minimum,clone,minimum,3,0.2637318981703044,6,69.28636661563625,"S001,S008,S014 / S002,S004,S009,S010,S012,S013 / S003,S005,S006,S007,S011,S015",5,4,6,6,5,6,4,6,1,2,4,0,1,2,2,0
clone-3-0818-minimum,clone,minimum,3,0.34167054778751366,5,68.85955498138227,"S001,S008 / S002,S004,S009,S010,S012,S013,S014 / S003,S005,S006,S007,S011,S015",5,5,6,6,6,6,4,5,1,3,4,0,2,2,2,0
clone-3-0819-minimum,clone,minimum,3,0.3766593553825932,6,69.28636661563625,"S001,S008 / S002,S004,S009,S010,S012,S013 / S003,S005,S006,S007,S011,S014,S015",5,5,6,6,6,6,4,6,1,3,4,0,2,2,2,0
clone-3-0820-minimum,clone,minimum,3,0.3300969539414611,7,70.00171833414923,"S001,S008,S014 / S002,S004,S009,S010,S013 / S003,S005,S006,S007,S011,S012,S015",5,5,6,6,5,6,5,7,1,3,4,0,1,2,3,1
clone-3-0821-minimum,clone,minimum,3,0.3781007209174081,6,69.57490669989525,"S001,S008 / S002,S004,S009,S010,S013,S014 / S003,S005,S006,S007,S011,S012,S015",5,6,6,6,6,6,5,6,1,4,4,0,2,2,3,0
clone-3-0822-minimum,clone,minimum,3,0.44098735564891783,7,70.00171833414923,"S001,S008 / S002,S004,S009,S010,S013 / S003,S005,S006,S007,S011,S012,S014,S015",5,5,6,6,6,6,5,7,1,3,4,0,2,2,3,1
clone-3-0823-minimum,clone,minimum,3,0.2975480140426603,7,70.00171833414923,"S001,S008,S012,S014 / S002,S004,S009,S013 / S003,S005,S006,S007,S010,S011,S015",5,3,6,6,5,6,5,7,1,1,4,0,1,2,3,1
clone-3-0824-minimum,clone,minimum,3,0.31412550614747187,7,70.00171833414923,"S001,S008,S012 / S002,S004,S009,S013,S014 / S003,S005,S006,S007,S010,S011,S015",5,4,6,6,6,6,5,7,1,2,4,0,2,2,3,1
clone-3-0825-minimum,clone,minimum,3,0.39791020826118295,6,69.57490669989525,"S001,S008,S012 / S002,S004,S009,S013 / S003,S005,S006,S007,S010,S011,S014,S015",5,4,6,6,6,6,5,6,1,2,4,0,2,2,3,0
clone-3-0826-minimum,clone,minimum,3,0.3151778528657005,6,69.28636661563625,"S001,S008,S014 / S002,S004,S009,S012,S013 / S003,S005,S006,S007,S010,S011,S015",5,4,6,6,5,6,4,6,1,2,4,0,1,2,2,0
clone-3-0827-minimum,clone,minimum,3,0.36858279639839103,6,69.28636661563624,"S001,S008 / S002,S004,S009,S012,S013,S014 / S003,S005,S006,S007,S010,S011,S015",5,4,6,6,6,6,4,6,1,2,4,0,2,2,2,0
clone-3-0828-minimum,clone,minimum,3,0.4269928396013628,5,68.85955498138227,"S001,S008 / S002,S004,S009,S012,S013 / S003,S005,S006,S007,S010,S011,S014,S015",5,5,6,6,6,6,4,5,1,3,4,0,2,2,2,0
clone-3-0829-minimum,clone,minimum,3,0.40085952651374346,7,70.00171833414923,"S001,S008,S014 / S002,S004,S009,S013 / S003,S005,S006,S007,S010,S011,S012,S015",5,4,6,6,5,6,5,7,1,2,4,0,1,2,3,1
clone-3-0830-minimum,clone,minimum,3,0.4289714045301528,7,70.00171833414923,"S001,S008 / S002,S004,S009,S013,S014 / S003,S005,S006,S007,S010,S011,S012,S015",5,5,6,6,6,6,5,7,1,3,4,0,2,2,3,1
clone-3-0831-minimum,clone,minimum,3,0.5068158039038442,6,69.57490669989525,"S001,S008 / S002,S004,S009,S013 / S003,S005,S006,S007,S010,S011,S012,S014,S015",5,4,6,6,6,6,5,6,1,2,4,0,2,2,3,0
clone-3-0832-minimum,clone,minimum,3,0.2778182048492828,5,68.36776585048835,"S001,S010,S012,S014 / S002,S004,S008,S009,S013 / S003,S005,S006,S007,S011,S015",5,5,6,6,6,6,5,5,1,3,4,0,2,2,3,0
clone-3-0833-minimum,clone,minimum,3,0.3600758448645255,6,68.79457748474233,"S001,S010,S012 / S002,S004,S008,S009,S013,S014 / S003,S005,S006,S007,S011,S015",5,4,6,6,5,6,5,6,1,2,4,0,1,2,3,0
clone-3-0834-minimum,clone,minimum,3,0.390056939213437,6,68.79457748474233,"S001,S010,S012 / S002,S004,S008,S009,S013 / S003,S005,S006,S007,S011,S014,S015",5,5,6,6,6,6,5,6,1,3,4,0,2,2,3,0
clone-3-0835-minimum,clone,minimum,3,0.36265490890265684,4,67.65241413197538,"S001,S010,S014 / S002,S004,S008,S009,S012,S013 / S003,S005,S006,S007,S011,S015",5,5,6,6,6,6,4,4,1,3,4,0,2,2,2,0
clone-3-0836-minimum,clone,minimum,3,0.45865720093831347,5,68.07922576622936,"S001,S010 / S002,S004,S008,S009,S012,S013,S014 / S003,S005,S006,S007,S011,S015",5,4,6,6,5,6,4,5,1,2,4,0,1,2,2,0
clone-3-0837-minimum,clone,minimum,3,0.46868767509946996,5,68.07922576622936,"S001,S010 / S002,S004,S008,S009,S012,S013 / S003,S005,S006,S007,S011,S014,S015",5,5,6,6,6,6,4,5,1,3,4,0,2,2,2,0
clone-3-0838-minimum,clone,minimum,3,0.3932516141330179,5,68.36776585048835,"S001,S010,S014 / S002,S004,S008,S009,S013 / S003,S005,S006,S007,S011,S012,S015",5,6,6,6,6,6,5,5,1,4,4,0,2,2,3,0
clone-3-0839-minimum,clone,minimum,3,0.4693682819317076,6,68.79457748474233,"S001,S010 / S002,S004,S008,S009,S013,S014 / S003,S005,S006,S007,S011,S012,S015",5,5,6,6,5,6,5,6,1,3,4,0,1,2,3,0
clone-3-0840-minimum,clone,minimum,3,0.5059490871750351,6,68.79457748474233,"S001,S010 / S002,S004,S008,S009,S013 / S003,S005,S006,S007,S011,S012,S014,S015",5,5,6,6,6,6,5,6,1,3,4,0,2,2,3,0
clone-3-0841-minimum,clone,minimum,3,0.3450210216736359,6,68.79457748474233,"S001,S012,S014 / S002,S004,S008,S009,S010,S013 / S003,S005,S006,S007,S011,S015",5,4,6,6,5,6,5,6,1,2,4,0,1,2,3,0
clone-3-0842-minimum,clone,minimum,3,0.43914378625241834,5,68.36776585048835,"S001,S012 / S002,S004,S008,S009,S010,S013,S014 / S003,S005,S006,S007,S011,S015",5,4,6,6,4,6,4,5,1,2,4,0,0,2,2,0
clone-3-0843-minimum,clone,minimum,3,0.45240359915531125,6,68.79457748474233,"S001,S012 / S002,S004,S008,S009,S010,S013 / S003,S005,S006,S007,S011,S014,S015",5,5,6,6,5,6,4,6,1,3,4,0,1,2,2,0
clone-3-0844-minimum,clone,minimum,3,0.4419467497030677,5,68.07922576622936,"S001,S014 / S002,S004,S008,S009,S010,S012,S013 / S003,S005,S006,S007,S011,S015",5,4,6,6,5,6,4,5,1,2,4,0,1,2,2,0
clone-3-0845-minimum,clone,minimum,3,0.543599921902723,4,67.65241413197538,"S001 / S002,S004,S008,S009,S010,S012,S013,S014 / S003,S005,S006,S007,S011,S015",5,3,6,6,4,6,3,4,1,1,4,0,0,2,1,0
clone-3-0846-minimum,clone,minimum,3,0.54234171300126,5,68.07922576622936,"S001 / S002,S004,S008,S009,S010,S012,S013 / S003,S005,S006,S007,S011,S014,S015",5,4,6,6,5,6,3,5,1,2,4,0,1,2,1,0
clone-3-0847-minimum,clone,minimum,3,0.45549344732355984,6,68.79457748474233,"S001,S014 / S002,S004,S008,S009,S010,S013 / S003,S005,S006,S007,S011,S012,S015",5,5,6,6,5,6,5,6,1,3,4,0,1,2,3,0
clone-3-0848-minimum,clone,minimum,3,0.5426510233273001,5,68.36776585048835,"S001 / S002,S004,S008,S009,S010,S013,S014 / S003,S005,S006,S007,S011,S012,S015",5,4,6,6,4,6,4,5,1,2,4,0,0,2,2,0
clone-3-0849-minimum,clone,minimum,3,0.5652255988530694,6,68.79457748474233,"S001 / S002,S004,S008,S009,S010,S013 / S003,S005,S006,S007,S011,S012,S014,S015",5,4,6,6,5,6,4,6,1,2,4,0,1,2,2,0
clone-3-0850-minimum,clone,minimum,3,0.371144581083916,6,68.79457748474233,"S001,S012,S014 / S002,S004,S008,S009,S013 / S003,S005,S006,S007,S010,S011,S015",5,4,6,6,6,6,5,6,1,2,4,0,2,2,3,0
clone-3-0851-minimum,clone,minimum,3,0.44820532061351354,6,68.79457748474233,"S001,S012 / S002,S004,S008,S009,S013,S014 / S003,S005,S006,S007,S010,S011,S015",5,4,6,6,5,6,4,6,1,2,4,0,1,2,2,0
clone-3-0852-minimum,clone,minimum,3,0.4837828660142882,5,68.36776585048835,"S001,S012 / S002,S004,S008,S009,S013 / S003,S005,S006,S007,S010,S011,S014,S015",5,5,6,6,6,6,4,5,1,3,4,0,2,2,2,0
clone-3-0853-minimum,clone,minimum,3,0.4506160518211783,5,68.07922576622936,"S001,S014 / S002,S004,S008,S009,S012,S013 / S003,S005,S006,S007,S010,S011,S015",5,4,6,6,6,6,4,5,1,2,4,0,2,2,2,0
clone-3-0854-minimum,clone,minimum,3,0.5408980693525945,5,68.07922576622936,"S001 / S002,S004,S008,S009,S012,S013,S014 / S003,S005,S006,S007,S010,S011,S015",5,3,6,6,5,6,3,5,1,1,4,0,1,2,1,0
clone-3-0855-minimum,clone,minimum,3,0.5590532000588363,4,67.65241413197538,"S001 / S002,S004,S008,S009,S012,S013 / S003,S005,S006,S007,S010,S011,S014,S015",5,4,6,6,6,6,3,4,1,2,4,0,2,2,1,0
clone-3-0856-minimum,clone,minimum,3,0.48698457194388783,6,68.79457748474233,"S001,S014 / S002,S004,S008,S009,S013 / S003,S005,S006,S007,S010,S011,S012,S015",5,5,6,6,6,6,5,6,1,3,4,0,2,2,3,0
clone-3-0857-minimum,clone,minimum,3,0.5598944325725643,6,68.79457748474233,"S001 / S002,S004,S008,S009,S013,S014 / S003,S005,S006,S007,S010,S011,S012,S015",5,4,6,6,5,6,4,6,1,2,4,0,1,2,2,0
clone-3-0858-minimum,clone,minimum,3,0.5998564166569907,5,68.36776585048835,"S001 / S002,S004,S008,S009,S013 / S003,S005,S006,S007,S010,S011,S012,S014,S015",5,4,6,6,6,6,4,5,1,2,4,0,2,2,2,0
clone-3-0859-minimum,clone,minimum,3,0.4223933337085514,5,68.36776585048835,"S001,S010,S012,S014 / S002,S004,S009,S013 / S003,S005,S006,S007,S008,S011,S015",5,4,6,6,6,6,5,5,1,2,4,0,2,2,3,0
clone-3-0860-minimum,clone,minimum,3,0.45209284363649366,6,68.79457748474233,"S001,S010,S012 / S002,S004,S009,S013,S014 / S003,S005,S006,S007,S008,S011,S015",5,4,6,6,6,6,5,6,1,2,4,0,2,2,3,0
clone-3-0861-minimum,clone,minimum,3,0.529034438810572,6,68.79457748474233,"S001,S010,S012 / S002,S004,S009,S013 / S003,S005,S006,S007,S008,S011,S014,S015",5,3,6,6,5,6,5,6,1,1,4,0,1,2,3,0
clone-3-0862-minimum,clone,minimum,3,0.45332066184944103,4,67.65241413197538,"S001,S010,S014 / S002,S004,S009,S012,S013 / S003,S005,S006,S007,S008,S011,S015",5,5,6,6,6,6,4,4,1,3,4,0,2,2,2,0
clone-3-0863-minimum,clone,minimum,3,0.5077869821861063,5,68.07922576622936,"S001,S010 / S002,S004,S009,S012,S013,S014 / S003,S005,S006,S007,S008,S011,S015",5,4,6,6,6,6,4,5,1,2,4,0,2,2,2,0
clone-3-0864-minimum,clone,minimum,3,0.565817129912027,5,68.07922576622936,"S001,S010 / S002,S004,S009,S012,S013 / S003,S005,S006,S007,S008,S011,S014,S015",5,4,6,6,5,6,4,5,1,2,4,0,1,2,2,0
clone-3-0865-minimum,clone,minimum,3,0.53210162501283,5,68.36776585048835,"S001,S010,S014 / S002,S004,S009,S013 / S003,S005,S006,S007,S008,S011,S012,S015",5,4,6,6,6,6,5,5,1,2,4,0,2,2,3,0
clone-3-0866-minimum,clone,minimum,3,0.5677077093040722,6,68.79457748474233,"S001,S010 / S002,S004,S009,S013,S014 / S003,S005,S006,S007,S008,S011,S012,S015",5,4,6,6,6,6,5,6,1,2,4,0,2,2,3,0
clone-3-0867-minimum,clone,minimum,3,0.6410691338222718,6,68.79457748474233,"S001,S010 / S002,S004,S009,S013 / S003,S005,S006,S007,S008,S011,S012,S014,S015",5,3,6,6,5,6,5,6,1,1,4,0,1,2,3,0
clone-3-0868-minimum,clone,minimum,3,0.4452280433370575,6,68.79457748474233,"S001,S012,S014 / S002,S004,S009,S010,S013 / S003,S005,S006,S007,S008,S011,S015",5,4,6,6,6,6,5,6,1,2,4,0,2,2,3,0
clone-3-0869-minimum,clone,minimum,3,0.49551581405422224,5,68.36776585048835,"S001,S012 / S002,S004,S009,S010,S013,S014 / S003,S005,S006,S007,S008,S011,S015",5,5,6,6,6,6,4,5,1,3,4,0,2,2,2,0
clone-3-0870-minimum,clone,minimum,3,0.557097271496658,6,68.79457748474233,"S001,S012 / S002,S004,S009,S010,S013 / S003,S005,S006,S007,S008,S011,S014,S015",5,4,6,6,5,6,4,6,1,2,4,0,1,2,2,0
clone-3-0871-minimum,clone,minimum,3,0.4972457147555989,5,68.07922576622936,"S001,S014 / S002,S004,S009,S010,S012,S013 / S003,S005,S006,S007,S008,S011,S015",5,4,6,6,6,6,4,5,1,2,4,0,2,2,2,0
clone-3-0872-minimum,clone,minimum,3,0.5665133697972455,4,67.65241413197538,"S001 / S002,S004,S009,S010,S012,S013,S014 / S003,S005,S006,S007,S008,S011,S015",5,4,6,6,6,6,3,4,1,2,4,0,2,2,1,0
clone-3-0873-minimum,clone,minimum,3,0.6103857412605229,5,68.07922576622934,"S001 / S002,S004,S009,S010,S012,S013 / S003,S005,S006,S007,S008,S011,S014,S015",5,3,6,6,5,6,3,5,1,1,4,0,1,2,1,0
clone-3-0874-minimum,clone,minimum,3,0.5602811076942096,6,68.79457748474233,"S001,S014 / S002,S004,S009,S010,S013 / S003,S005,S006,S007,S008,S011,S012,S015",5,4,6,6,6,6,5,6,1,2,4,0,2,2,3,0
clone-3-0875-minimum,clone,minimum,3,0.6118912681181187,5,68.36776585048835,"S001 / S002,S004,S009,S010,S013,S014 / S003,S005,S006,S007,S008,S011,S012,S015",5,4,6,6,6,6,4,5,1,2,4,0,2,2,2,0
clone-3-0876-minimum,clone,minimum,3,0.672622081771389,6,68.79457748474233,"S001 / S002,S004,S009,S010,S013 / S003,S005,S006,S007,S008,S011,S012,S014,S015",5,3,6,6,5,6,4,6,1,1,4,0,1,2,2,0
clone-3-0877-minimum,clone,minimum,3,0.510907175250477,6,68.79457748474233,"S001,S012,S014 / S002,S004,S009,S013 / S003,S005,S006,S007,S008,S010,S011,S015",5,3,6,6,5,6,5,6,1,1,4,0,1,2,3,0
clone-3-0878-minimum,clone,minimum,3,0.5455877590978487,6,68.79457748474233,"S001,S012 / S002,S004,S009,S013,S014 / S003,S005,S006,S007,S008,S010,S011,S015",5,4,6,6,5,6,4,6,1,2,4,0,1,2,2,0
clone-3-0879-minimum,clone,minimum,3,0.619534947607301,5,68.36776585048835,"S001,S012 / S002,S004,S009,S013 / S003,S005,S006,S007,S008,S010,S011,S014,S015",5,3,6,6,4,6,4,5,1,1,4,0,0,2,2,0
clone-3-0880-minimum,clone,minimum,3,0.546882559518996,5,68.07922576622936,"S001,S014 / S002,S004,S009,S012,S013 / S003,S005,S006,S007,S008,S010,S011,S015",5,4,6,6,5,6,4,5,1,2,4,0,1,2,2,0
clone-3-0881-minimum,clone,minimum,3,0.6017446144114539,5,68.07922576622936,"S001 / S002,S004,S009,S012,S013,S014 / S003,S005,S006,S007,S008,S010,S011,S015",5,3,6,6,5,6,3,5,1,1,4,0,1,2,1,0
clone-3-0882-minimum,clone,minimum,3,0.6595953581147179,4,67.65241413197538,"S001 / S002,S004,S009,S012,S013 / S003,S005,S006,S007,S008,S010,S011,S014,S015",5,3,6,6,4,6,3,4,1,1,4,0,0,2,1,0
clone-3-0883-minimum,clone,minimum,3,0.6226427136594167,6,68.79457748474233,"S001,S014 / S002,S004,S009,S013 / S003,S005,S006,S007,S008,S010,S011,S012,S015",5,3,6,6,5,6,5,6,1,1,4,0,1,2,3,0
clone-3-0884-minimum,clone,minimum,3,0.6614468255152701,6,68.79457748474233,"S001 / S002,S004,S009,S013,S014 / S003,S005,S006,S007,S008,S010,S011,S012,S015",5,3,6,6,5,6,4,6,1,1,4,0,1,2,2,0
clone-3-0885-minimum,clone,minimum,3,0.7327056328223991,5,68.36776585048835,"S001 / S002,S004,S009,S013 / S003,S005,S006,S007,S008,S010,S011,S012,S014,S015",5,2,6,6,4,6,4,5,1,0,4,0,0,2,2,0
clone-3-0886-minimum,clone,minimum,3,0.3601768815797992,7,70.29025841840823,"S001,S008,S010,S012,S014 / S002,S009,S013 / S003,S004,S005,S006,S007,S011,S015",5,3,5,6,4,6,6,7,1,1,3,0,0,2,4,1
clone-3-0887-minimum,clone,minimum,3,0.3367745608748122,8,70.71707005266221,"S001,S008,S010,S012 / S002,S009,S013,S014 / S003,S004,S005,S006,S007,S011,S015",5,4,5,6,5,6,6,8,1,2,3,0,1,2,4,2
clone-3-0888-minimum,clone,minimum,3,0.44042166452029385,8,70.71707005266221,"S001,S008,S010,S012 / S002,S009,S013 / S003,S004,S005,S006,S007,S011,S014,S015",5,4,5,6,5,6,6,8,1,2,3,0,1,2,4,2
clone-3-0889-minimum,clone,minimum,3,0.3366429432339788,6,69.57490669989525,"S001,S008,S010,S014 / S002,S009,S012,S013 / S003,S004,S005,S006,S007,S011,S015",5,4,5,6,4,6,5,6,1,2,3,0,0,2,3,0
clone-3-0890-minimum,clone,minimum,3,0.35127535633639345,7,70.00171833414923,"S001,S008,S010 / S002,S009,S012,S013,S014 / S003,S004,S005,S006,S007,S011,S015",5,4,5,6,5,6,5,7,1,2,3,0,1,2,3,1
clone-3-0891-minimum,clone,minimum,3,0.43676128576098483,7,70.00171833414923,"S001,S008,S010 / S002,S009,S012,S013 / S003,S004,S005,S006,S007,S011,S014,S015",5,5,5,6,5,6,5,7,1,3,3,0,1,2,3,1
clone-3-0892-minimum,clone,minimum,3,0.4429101536157754,6,69.57490669989524,"S001,S008,S010,S014 / S002,S009,S013 / S003,S004,S005,S006,S007,S011,S012,S015",5,4,5,6,4,6,5,6,1,2,3,0,0,2,3,0
clone-3-0893-minimum,clone,minimum,3,0.4393713872794846,7,70.00171833414922,"S001,S008,S010 / S002,S009,S013,S014 / S003,S004,S005,S006,S007,S011,S012,S015",5,5,5,6,5,6,5,7,1,3,3,0,1,2,3,1
clone-3-0894-minimum,clone,minimum,3,0.5355272604101287,7,70.00171833414923,"S001,S008,S010 / S002,S009,S013 / S003,S004,S005,S006,S007,S011,S012,S014,S015",5,4,5,6,5,6,5,7,1,2,3,0,1,2,3,1
clone-3-0895-minimum,clone,minimum,3,0.33817995526240896,8,70.71707005266221,"S001,S008,S012,S014 / S002,S009,S010,S013 / S003,S004,S005,S006,S007,S011,S015",5,4,5,6,5,6,6,8,1,2,3,0,1,2,4,2
clone-3-0896-minimum,clone,minimum,3,0.34553075328735244,7,70.29025841840823,"S001,S008,S012 / S002,S009,S010,S013,S014 / S003,S004,S005,S006,S007,S011,S015",5,5,5,6,6,6,6,7,1,3,3,0,2,2,4,1
clone-3-0897-minimum,clone,minimum,3,0.43506044286357,8,70.71707005266221,"S001,S008,S012 / S002,S009,S010,S013 / S003,S004,S005,S006,S007,S011,S014,S015",5,5,5,6,6,6,6,8,1,3,3,0,2,2,4,2
clone-3-0898-minimum,clone,minimum,3,0.3462781591680917,7,70.00171833414923,"S001,S008,S014 / S002,S009,S010,S012,S013 / S003,S004,S005,S006,S007,S011,S015",5,4,5,6,5,6,5,7,1,2,3,0,1,2,3,1
clone-3-0899-minimum,clone,minimum,3,0.38898659199904684,6,69.57490669989525,"S001,S008 / S002,S009,S010,S012,S013,S014 / S003,S004,S005,S006,S007,S011,S015",5,5,5,6,6,6,5,6,1,3,3,0,2,2,3,0
clone-3-0900-minimum,clone,minimum,3,0.4560795580556951,7,70.00171833414923,"S001,S008 / S002,S009,S010,S012,S013 / S003,S004,S005,S006,S007,S011,S014,S015",5,5,5,6,6,6,5,7,1,3,3,0,2,2,3,1
clone-3-0901-minimum,clone,minimum,3,0.4379253342501676,7,70.00171833414922,"S001,S008,S014 / S002,S009,S010,S013 / S003,S004,S005,S006,S007,S011,S012,S015",5,5,5,6,5,6,5,7,1,3,3,0,1,2,3,1
clone-3-0902-minimum,clone,minimum,3,0.458249397883114,6,69.57490669989524,"S001,S008 / S002,S009,S010,S013,S014 / S003,S004,S005,S006,S007,S011,S012,S015",5,6,5,6,6,6,5,6,1,4,3,0,2,2,3,0
clone-3-0903-minimum,clone,minimum,3,0.5413563439118749,7,70.00171833414923,"S001,S008 / S002,S009,S010,S013 / S003,S004,S005,S006,S007,S011,S012,S014,S015",5,5,5,6,6,6,5,7,1,3,3,0,2,2,3,1
clone-3-0904-minimum,clone,minimum,3,0.4258837643829243,8,70.71707005266221,"S001,S008,S012,S014 / S002,S009,S013 / S003,S004,S005,S006,S007,S010,S011,S015",5,3,5,6,5,6,6,8,1,1,3,0,1,2,4,2
clone-3-0905-minimum,clone,minimum,3,0.41920728743895574,8,70.71707005266221,"S001,S008,S012 / S002,S009,S013,S014 / S003,S004,S005,S006,S007,S010,S011,S015",5,4,5,6,6,6,6,8,1,2,3,0,2,2,4,2
clone-3-0906-minimum,clone,minimum,3,0.516678756886147,7,70.29025841840823,"S001,S008,S012 / S002,S009,S013 / S003,S004,S005,S006,S007,S010,S011,S014,S015",5,4,5,6,6,6,6,7,1,2,3,0,2,2,4,1
clone-3-0907-minimum,clone,minimum,3,0.4194627087776605,7,70.00171833414923,"S001,S008,S014 / S002,S009,S012,S013 / S003,S004,S005,S006,S007,S010,S011,S015",5,4,5,6,5,6,5,7,1,2,3,0,1,2,3,1
clone-3-0908-minimum,clone,minimum,3,0.44348948019564105,7,70.00171833414923,"S001,S008 / S002,S009,S012,S013,S014 / S003,S004,S005,S006,S007,S010,S011,S015",5,4,5,6,6,6,5,7,1,2,3,0,2,2,3,1
clone-3-0909-minimum,clone,minimum,3,0.5241345381327313,6,69.57490669989525,"S001,S008 / S002,S009,S012,S013 / S003,S004,S005,S006,S007,S010,S011,S014,S015",5,5,5,6,6,6,5,6,1,3,3,0,2,2,3,0
clone-3-0910-minimum,clone,minimum,3,0.5193850162328918,7,70.00171833414923,"S001,S008,S014 / S002,S009,S013 / S003,S004,S005,S006,S007,S010,S011,S012,S015",5,4,5,6,5,6,5,7,1,2,3,0,1,2,3,1
clone-3-0911-minimum,clone,minimum,3,0.5265991427264894,7,70.00171833414923,"S001,S008 / S002,S009,S013,S014 / S003,S004,S005,S006,S007,S010,S011,S012,S015",5,5,5,6,6,6,5,7,1,3,3,0,2,2,3,1
clone-3-0912-minimum,clone,minimum,3,0.6178324514395758,6,69.57490669989525,"S001,S008 / S002,S009,S013 / S003,S004,S005,S006,S007,S010,S011,S012,S014,S015",5,4,5,6,6,6,5,6,1,2,3,0,2,2,3,0
clone-3-0913-minimum,clone,minimum,3,0.3525385921502548,6,69.08311756900133,"S001,S010,S012,S014 / S002,S008,S009,S013 / S003,S004,S005,S006,S007,S011,S015",5,5,5,6,6,6,6,6,1,3,3,0,2,2,4,0
clone-3-0914-minimum,clone,minimum,3,0.40121424973421654,7,69.50992920325531,"S001,S010,S012 / S002,S008,S009,S013,S014 / S003,S004,S005,S006,S007,S011,S015",5,4,5,6,5,6,6,7,1,2,3,0,1,2,4,1
clone-3-0915-minimum,clone,minimum,3,0.4637102152345553,7,69.50992920325531,"S001,S010,S012 / S002,S008,S009,S013 / S003,S004,S005,S006,S007,S011,S014,S015",5,5,5,6,6,6,6,7,1,3,3,0,2,2,4,1
clone-3-0916-minimum,clone,minimum,3,0.4029749520436974,5,68.36776585048835,"S001,S010,S014 / S002,S008,S009,S012,S013 / S003,S004,S005,S006,S007,S011,S015",5,5,5,6,6,6,5,5,1,3,3,0,2,2,3,0
clone-3-0917-minimum,clone,minimum,3,0.47482040091099414,6,68.79457748474233,"S001,S010 / S002,S008,S009,S012,S013,S014 / S003,S004,S005,S006,S007,S011,S015",5,4,5,6,5,6,5,6,1,2,3,0,1,2,3,0
clone-3-0918-minimum,clone,minimum,3,0.5160626024895519,6,68.79457748474233,"S001,S010 / S002,S008,S009,S012,S013 / S003,S004,S005,S006,S007,S011,S014,S015",5,5,5,6,6,6,5,6,1,3,3,0,2,2,3,0
clone-3-0919-minimum,clone,minimum,3,0.46688072461176783,5,68.36776585048834,"S001,S010,S014 / S002,S008,S009,S013 / S003,S004,S005,S006,S007,S011,S012,S015",5,6,5,6,6,6,5,5,1,4,3,0,2,2,3,0
clone-3-0920-minimum,clone,minimum,3,0.5175472144689711,6,68.79457748474233,"S001,S010 / S002,S008,S009,S013,S014 / S003,S004,S005,S006,S007,S011,S012,S015",5,5,5,6,5,6,5,6,1,3,3,0,1,2,3,0
clone-3-0921-minimum,clone,minimum,3,0.5788760676377576,6,68.79457748474233,"S001,S010 / S002,S008,S009,S013 / S003,S004,S005,S006,S007,S011,S012,S014,S015",5,5,5,6,6,6,5,6,1,3,3,0,2,2,3,0
clone-3-0922-minimum,clone,minimum,3,0.39116632210539387,7,69.50992920325531,"S001,S012,S014 / S002,S008,S009,S010,S013 / S003,S004,S005,S006,S007,S011,S015",5,4,5,6,5,6,6,7,1,2,3,0,1,2,4,1
clone-3-0923-minimum,clone,minimum,3,0.459387208444177,6,69.08311756900133,"S001,S012 / S002,S008,S009,S010,S013,S014 / S003,S004,S005,S006,S007,S011,S015",5,4,5,6,4,6,5,6,1,2,3,0,0,2,3,0
clone-3-0924-minimum,clone,minimum,3,0.5044034561302468,7,69.50992920325531,"S001,S012 / S002,S008,S009,S010,S013 / S003,S004,S005,S006,S007,S011,S014,S015",5,5,5,6,5,6,5,7,1,3,3,0,1,2,3,1
clone-3-0925-minimum,clone,minimum,3,0.46158232281974076,6,68.79457748474233,"S001,S014 / S002,S008,S009,S010,S012,S013 / S003,S004,S005,S006,S007,S011,S015",5,4,5,6,5,6,5,6,1,2,3,0,1,2,3,0
clone-3-0926-minimum,clone,minimum,3,0.5453988837396817,5,68.36776585048835,"S001 / S002,S008,S009,S010,S012,S013,S014 / S003,S004,S005,S006,S007,S011,S015",5,3,5,6,4,6,4,5,1,1,3,0,0,2,2,0
clone-3-0927-minimum,clone,minimum,3,0.5724142631891869,6,68.79457748474233,"S001 / S002,S008,S009,S010,S012,S013 / S003,S004,S005,S006,S007,S011,S014,S015",5,4,5,6,5,6,4,6,1,2,3,0,1,2,2,0
clone-3-0928-minimum,clone,minimum,3,0.5076181061522742,6,68.79457748474233,"S001,S014 / S002,S008,S009,S010,S013 / S003,S004,S005,S006,S007,S011,S012,S015",5,5,5,6,5,6,5,6,1,3,3,0,1,2,3,0
clone-3-0929-minimum,clone,minimum,3,0.5734891022350553,5,68.36776585048834,"S001 / S002,S008,S009,S010,S013,S014 / S003,S004,S005,S006,S007,S011,S012,S015",5,4,5,6,4,6,4,5,1,2,3,0,0,2,2,0
clone-3-0930-minimum,clone,minimum,3,0.620857538097468,6,68.79457748474233,"S001 / S002,S008,S009,S010,S013 / S003,S004,S005,S006,S007,S011,S012,S014,S015",5,4,5,6,5,6,4,6,1,2,3,0,1,2,2,0
clone-3-0931-minimum,clone,minimum,3,0.44494687540696987,7,69.50992920325531,"S001,S012,S014 / S002,S008,S009,S013 / S003,S004,S005,S006,S007,S010,S011,S015",5,4,5,6,6,6,6,7,1,2,3,0,2,2,4,1
clone-3-0932-minimum,clone,minimum,3,0.49531322152554674,7,69.50992920325531,"S001,S012 / S002,S008,S009,S013,S014 / S003,S004,S005,S006,S007,S010,S011,S015",5,4,5,6,5,6,5,7,1,2,3,0,1,2,3,1
clone-3-0933-minimum,clone,minimum,3,0.5568280948283643,6,69.08311756900133,"S001,S012 / S002,S008,S009,S013 / S003,S004,S005,S006,S007,S010,S011,S014,S015",5,5,5,6,6,6,5,6,1,3,3,0,2,2,3,0
clone-3-0934-minimum,clone,minimum,3,0.4970452424470001,6,68.79457748474233,"S001,S014 / S002,S008,S009,S012,S013 / S003,S004,S005,S006,S007,S010,S011,S015",5,4,5,6,6,6,5,6,1,2,3,0,2,2,3,0
clone-3-0935-minimum,clone,minimum,3,0.5663811653250286,6,68.79457748474233,"S001 / S002,S008,S009,S012,S013,S014 / S003,S004,S005,S006,S007,S010,S011,S015",5,3,5,6,5,6,4,6,1,1,3,0,1,2,2,0
clone-3-0936-minimum,clone,minimum,3,0.6101818345796871,5,68.36776585048835,"S001 / S002,S008,S009,S012,S013 / S003,S004,S005,S006,S007,S010,S011,S014,S015",5,4,5,6,6,6,4,5,1,2,3,0,2,2,2,0
clone-3-0937-minimum,clone,minimum,3,0.5600122053705807,6,68.79457748474233,"S001,S014 / S002,S008,S009,S013 / S003,S004,S005,S006,S007,S010,S011,S012,S015",5,5,5,6,6,6,5,6,1,3,3,0,2,2,3,0
clone-3-0938-minimum,clone,minimum,3,0.6116855635076623,6,68.79457748474233,"S001 / S002,S008,S009,S013,S014 / S003,S004,S005,S006,S007,S010,S011,S012,S015",5,4,5,6,5,6,4,6,1,2,3,0,1,2,2,0
clone-3-0939-minimum,clone,minimum,3,0.6723612580539811,5,68.36776585048835,"S001 / S002,S008,S009,S013 / S003,S004,S005,S006,S007,S010,S011,S012,S014,S015",5,4,5,6,6,6,4,5,1,2,3,0,2,2,2,0
clone-3-0940-minimum,clone,minimum,3,0.5392050712359513,6,69.08311756900133,"S001,S010,S012,S014 / S002,S009,S013 / S003,S004,S005,S006,S007,S008,S011,S015",5,4,5,6,6,6,6,6,1,2,3,0,2,2,4,0
clone-3-0941-minimum,clone,minimum,3,0.5485723980276054,7,69.50992920325531,"S001,S010,S012 / S002,S009,S013,S014 / S003,S004,S005,S006,S007,S008,S011,S015",5,4,5,6,6,6,6,7,1,2,3,0,2,2,4,1
clone-3-0942-minimum,clone,minimum,3,0.6387375531526838,7,69.50992920325533,"S001,S010,S012 / S002,S009,S013 / S003,S004,S005,S006,S007,S008,S011,S014,S015",5,3,5,6,5,6,6,7,1,1,3,0,1,2,4,1
clone-3-0943-minimum,clone,minimum,3,0.5491769550505367,5,68.36776585048835,"S001,S010,S014 / S002,S009,S012,S013 / S003,S004,S005,S006,S007,S008,S011,S015",5,5,5,6,6,6,5,5,1,3,3,0,2,2,3,0
clone-3-0944-minimum,clone,minimum,3,0.5815161914357327,6,68.79457748474233,"S001,S010 / S002,S009,S012,S013,S014 / S003,S004,S005,S006,S007,S008,S011,S015",5,4,5,6,6,6,5,6,1,2,3,0,2,2,3,0
clone-3-0945-minimum,clone,minimum,3,0.657287588408274,6,68.79457748474233,"S001,S010 / S002,S009,S012,S013 / S003,S004,S005,S006,S007,S008,S011,S014,S015",5,4,5,6,5,6,5,6,1,2,3,0,1,2,3,0
clone-3-0946-minimum,clone,minimum,3,0.6416294840580642,5,68.36776585048835,"S001,S010,S014 / S002,S009,S013 / S003,S004,S005,S006,S007,S008,S011,S012,S015",5,4,5,6,6,6,5,5,1,2,3,0,2,2,3,0
clone-3-0947-minimum,clone,minimum,3,0.6595953720273385,6,68.79457748474233,"S001,S010 / S002,S009,S013,S014 / S003,S004,S005,S006,S007,S008,S011,S012,S015",5,4,5,6,6,6,5,6,1,2,3,0,2,2,3,0
clone-3-0948-minimum,clone,minimum,3,0.7451899983800631,6,68.79457748474233,"S001,S010 / S002,S009,S013 / S003,S004,S005,S006,S007,S008,S011,S012,S014,S015",5,3,5,6,5,6,5,6,1,1,3,0,1,2,3,0
clone-3-0949-minimum,clone,minimum,3,0.54536691612347,7,69.50992920325531,"S001,S012,S014 / S002,S009,S010,S013 / S003,S004,S005,S006,S007,S008,S011,S015",5,4,5,6,6,6,6,7,1,2,3,0,2,2,4,1
clone-3-0950-minimum,clone,minimum,3,0.5735422745808547,6,69.08311756900133,"S001,S012 / S002,S009,S010,S013,S014 / S003,S004,S005,S006,S007,S008,S011,S015",5,5,5,6,6,6,5,6,1,3,3,0,2,2,3,0
clone-3-0951-minimum,clone,minimum,3,0.652178408422126,7,69.50992920325531,"S001,S012 / S002,S009,S010,S013 / S003,S004,S005,S006,S007,S008,S011,S014,S015",5,4,5,6,5,6,5,7,1,2,3,0,1,2,3,1
clone-3-0952-minimum,clone,minimum,3,0.5746477951623115,6,68.79457748474233,"S001,S014 / S002,S009,S010,S012,S013 / S003,S004,S005,S006,S007,S008,S011,S015",5,4,5,6,6,6,5,6,1,2,3,0,2,2,3,0
clone-3-0953-minimum,clone,minimum,3,0.622994335388704,5,68.36776585048835,"S001 / S002,S009,S010,S012,S013,S014 / S003,S004,S005,S006,S007,S008,S011,S015",5,4,5,6,6,6,4,5,1,2,3,0,2,2,2,0
clone-3-0954-minimum,clone,minimum,3,0.6865273371476001,6,68.79457748474233,"S001 / S002,S009,S010,S012,S013 / S003,S004,S005,S006,S007,S008,S011,S014,S015",5,3,5,6,5,6,4,6,1,1,3,0,1,2,2,0
clone-3-0955-minimum,clone,minimum,3,0.6552421363538133,6,68.79457748474233,"S001,S014 / S002,S009,S010,S013 / S003,S004,S005,S006,S007,S008,S011,S012,S015",5,4,5,6,6,6,5,6,1,2,3,0,2,2,3,0
clone-3-0956-minimum,clone,minimum,3,0.6885172603057539,5,68.36776585048834,"S001 / S002,S009,S010,S013,S014 / S003,S004,S005,S006,S007,S008,S011,S012,S015",5,4,5,6,6,6,4,5,1,2,3,0,2,2,2,0
clone-3-0957-minimum,clone,minimum,3,0.7639568354139212,6,68.79457748474233,"S001 / S002,S009,S010,S013 / S003,S004,S005,S006,S007,S008,S011,S012,S014,S015",5,3,5,6,5,6,4,6,1,1,3,0,1,2,2,0
clone-3-0958-minimum,clone,minimum,3,0.6216759928326246,7,69.50992920325531,"S001,S012,S014 / S002,S009,S013 / S003,S004,S005,S006,S007,S008,S010,S011,S015",5,3,5,6,5,6,6,7,1,1,3,0,1,2,4,1
clone-3-0959-minimum,clone,minimum,3,0.6382308809080794,7,69.50992920325531,"S001,S012 / S002,S009,S013,S014 / S003,S004,S005,S006,S007,S008,S010,S011,S015",5,4,5,6,5,6,5,7,1,2,3,0,1,2,3,1
clone-3-0960-minimum,clone,minimum,3,0.7246107186093139,6,69.08311756900133,"S001,S012 / S002,S009,S013 / S003,S004,S005,S006,S007,S008,S010,S011,S014,S015",5,3,5,6,4,6,5,6,1,1,3,0,0,2,3,0
clone-3-0961-minimum,clone,minimum,3,0.6389876033710485,6,68.79457748474233,"S001,S014 / S002,S009,S012,S013 / S003,S004,S005,S006,S007,S008,S010,S011,S015",5,4,5,6,5,6,5,6,1,2,3,0,1,2,3,0
clone-3-0962-minimum,clone,minimum,3,0.6749362639940903,6,68.79457748474233,"S001 / S002,S009,S012,S013,S014 / S003,S004,S005,S006,S007,S008,S010,S011,S015",5,3,5,6,5,6,4,6,1,1,3,0,1,2,2,0
clone-3-0963-minimum,clone,minimum,3,0.7483801865876918,5,68.36776585048835,"S001 / S002,S009,S012,S013 / S003,S004,S005,S006,S007,S008,S010,S011,S014,S015",5,3,5,6,4,6,4,5,1,1,3,0,0,2,2,0
clone-3-0964-minimum,clone,minimum,3,0.7275775712605153,6,68.79457748474233,"S001,S014 / S002,S009,S013 / S003,S004,S005,S006,S007,S008,S010,S011,S012,S015",5,3,5,6,5,6,5,6,1,1,3,0,1,2,3,0
clone-3-0965-minimum,clone,minimum,3,0.7506096405174255,6,68.79457748474233,"S001 / S002,S009,S013,S014 / S003,S004,S005,S006,S007,S008,S010,S011,S012,S015",5,3,5,6,5,6,4,6,1,1,3,0,1,2,2,0
clone-3-0966-minimum,clone,minimum,3,0.8332616405262978,5,68.36776585048835,"S001 / S002,S009,S013 / S003,S004,S005,S006,S007,S008,S010,S011,S012,S014,S015",5,2,5,6,4,6,4,5,1,0,3,0,0,2,2,0
clone-3-0001-preserve_ids,clone,preserve_ids,3,1.215287427645149,5,67.58743663533545,"S001,S002,S003,S004,S005,S006,S007,S008,S009,S010,S011,S013,S015 / S012 / S014",4,4,2,6,5,4,4,5,0,2,0,0,1,0,2,0
clone-3-0002-preserve_ids,clone,preserve_ids,3,1.2345950335433824,4,66.87208491682246,"S001,S002,S003,S004,S005,S006,S007,S008,S009,S011,S012,S013,S015 / S010 / S014",4,4,2,6,6,4,4,4,0,2,0,0,2,0,2,0
clone-3-0003-preserve_ids,clone,preserve_ids,3,1.1347486218470255,5,67.58743663533544,"S001,S002,S003,S004,S005,S006,S007,S008,S009,S011,S013,S015 / S010,S012 / S014",4,5,2,6,6,4,5,5,0,3,0,0,2,0,3,0
clone-3-0004-preserve_ids,clone,preserve_ids,3,1.2318245018928768,5,67.58743663533544,"S001,S002,S003,S004,S005,S006,S007,S008,S009,S011,S013,S014,S015 / S010 / S012",4,4,2,6,5,4,4,5,0,2,0,0,1,0,2,0
clone-3-0005-preserve_ids,clone,preserve_ids,3,1.1346151713014292,4,67.16062500108146,"S001,S002,S003,S004,S005,S006,S007,S008,S009,S011,S013,S015 / S010,S014 / S012",4,5,2,6,6,4,4,4,0,3,0,0,2,0,2,0
clone-3-0006-preserve_ids,clone,preserve_ids,3,1.135725155860503,5,67.58743663533544,"S001,S002,S003,S004,S005,S006,S007,S008,S009,S011,S013,S015 / S010 / S012,S014",4,4,2,6,6,4,5,5,0,2,0,0,2,0,3,0
clone-3-0007-preserve_ids,clone,preserve_ids,3,1.1151210357411592,5,68.07922576622936,"S001,S002,S003,S004,S005,S006,S007,S009,S010,S011,S012,S013,S015 / S008 / S014",4,5,2,6,6,4,4,5,0,3,0,0,2,0,2,0
clone-3-0008-preserve_ids,clone,preserve_ids,3,1.0195523203494525,6,68.79457748474233,"S001,S002,S003,S004,S005,S006,S007,S009,S010,S011,S013,S015 / S008,S012 / S014",4,4,2,6,6,4,5,6,0,2,0,0,2,0,3,0
clone-3-0009-preserve_ids,clone,preserve_ids,3,1.112254947767705,5,68.36776585048835,"S001,S002,S003,S004,S005,S006,S007,S009,S010,S011,S013,S014,S015 / S008 / S012",4,5,2,6,6,4,4,5,0,3,0,0,2,0,2,0
clone-3-0010-preserve_ids,clone,preserve_ids,3,1.0191833241502455,6,68.79457748474233,"S001,S002,S003,S004,S005,S006,S007,S009,S010,S011,S013,S015 / S008,S014 / S012",4,4,2,6,5,4,4,6,0,2,0,0,1,0,2,0
clone-3-0011-preserve_ids,clone,preserve_ids,3,1.012631666983955,6,68.79457748474233,"S001,S002,S003,S004,S005,S006,S007,S009,S010,S011,S013,S015 / S008 / S012,S014",4,4,2,6,6,4,5,6,0,2,0,0,2,0,3,0
clone-3-0012-preserve_ids,clone,preserve_ids,3,1.0374841529634882,5,68.07922576622936,"S001,S002,S003,S004,S005,S006,S007,S009,S011,S012,S013,S015 / S008,S010 / S014",4,5,2,6,5,4,4,5,0,3,0,0,1,0,2,0
clone-3-0013-preserve_ids,clone,preserve_ids,3,0.945678155293202,6,68.79457748474233,"S001,S002,S003,S004,S005,S006,S007,S009,S011,S013,S015 / S008,S010,S012 / S014",4,4,2,6,5,4,5,6,0,2,0,0,1,0,3,0
clone-3-0014-preserve_ids,clone,preserve_ids,3,1.034549351151516,6,68.79457748474233,"S001,S002,S003,S004,S005,S006,S007,S009,S011,S013,S014,S015 / S008,S010 / S012",4,5,2,6,5,4,4,6,0,3,0,0,1,0,2,0
clone-3-0015-preserve_ids,clone,preserve_ids,3,0.9451201192750016,5,68.36776585048835,"S001,S002,S003,S004,S005,S006,S007,S009,S011,S013,S015 / S008,S010,S014 / S012",4,4,2,6,4,4,4,5,0,2,0,0,0,0,2,0
clone-3-0016-preserve_ids,clone,preserve_ids,3,0.9323477003575806,6,68.79457748474233,"S001,S002,S003,S004,S005,S006,S007,S009,S011,S013,S015 / S008,S010 / S012,S014",4,4,2,6,5,4,5,6,0,2,0,0,1,0,3,0
clone-3-0017-preserve_ids,clone,preserve_ids,3,1.132132947550662,5,68.07922576622936,"S001,S002,S003,S004,S005,S006,S007,S009,S011,S012,S013,S014,S015 / S008 / S010",4,5,2,6,6,4,4,5,0,3,0,0,2,0,2,0
clone-3-0018-preserve_ids,clone,preserve_ids,3,1.0396290432721482,5,68.07922576622936,"S001,S002,S003,S004,S005,S006,S007,S009,S011,S012,S013,S015 / S008,S014 / S010",4,5,2,6,5,4,4,5,0,3,0,0,1,0,2,0
clone-3-0019-preserve_ids,clone,preserve_ids,3,1.0319867972317907,4,67.65241413197538,"S001,S002,S003,S004,S005,S006,S007,S009,S011,S012,S013,S015 / S008 / S010,S014",4,6,2,6,6,4,4,4,0,4,0,0,2,0,2,0
clone-3-0020-preserve_ids,clone,preserve_ids,3,1.0370630769806757,6,68.79457748474233,"S001,S002,S003,S004,S005,S006,S007,S009,S011,S013,S014,S015 / S008,S012 / S010",4,5,2,6,6,4,5,6,0,3,0,0,2,0,3,0
clone-3-0021-preserve_ids,clone,preserve_ids,3,0.9491994249018431,6,68.79457748474233,"S001,S002,S003,S004,S005,S006,S007,S009,S011,S013,S015 / S008,S012,S014 / S010",4,4,2,6,5,4,5,6,0,2,0,0,1,0,3,0
clone-3-0022-preserve_ids,clone,preserve_ids,3,0.9337878010145995,5,68.36776585048835,"S001,S002,S003,S004,S005,S006,S007,S009,S011,S013,S015 / S008,S012 / S010,S014",4,5,2,6,6,4,5,5,0,3,0,0,2,0,3,0
clone-3-0023-preserve_ids,clone,preserve_ids,3,1.0291834578027075,6,68.79457748474233,"S001,S002,S003,S004,S005,S006,S007,S009,S011,S013,S014,S015 / S008 / S010,S012",4,6,2,6,6,4,5,6,0,4,0,0,2,0,3,0
clone-3-0024-preserve_ids,clone,preserve_ids,3,0.9335471168912819,6,68.79457748474233,"S001,S002,S003,S004,S005,S006,S007,S009,S011,S013,S015 / S008,S014 / S010,S012",4,5,2,6,5,4,5,6,0,3,0,0,1,0,3,0
clone-3-0025-preserve_ids,clone,preserve_ids,3,0.9321300952430764,5,68.36776585048835,"S001,S002,S003,S004,S005,S006,S007,S009,S011,S013,S015 / S008 / S010,S012,S014",4,5,2,6,6,4,5,5,0,3,0,0,2,0,3,0
clone-3-0026-preserve_ids,clone,preserve_ids,3,1.1955190050274231,5,67.58743663533545,"S001,S002,S003,S005,S006,S007,S008,S009,S010,S011,S012,S013,S015 / S004 / S014",4,3,3,6,5,4,4,5,0,1,1,0,1,0,2,0
clone-3-0027-preserve_ids,clone,preserve_ids,3,1.0969111099432747,5,67.58743663533544,"S001,S002,S003,S005,S006,S007,S008,S009,S010,S011,S013,S015 / S004,S012 / S014",4,4,3,6,5,4,4,5,0,2,1,0,1,0,2,0
clone-3-0028-preserve_ids,clone,preserve_ids,3,1.192718567504723,5,67.87597671959443,"S001,S002,S003,S005,S006,S007,S008,S009,S010,S011,S013,S014,S015 / S004 / S012",4,3,3,6,4,4,4,5,0,1,1,0,0,0,2,0
clone-3-0029-preserve_ids,clone,preserve_ids,3,1.09670686694555,6,68.30278835384843,"S001,S002,S003,S005,S006,S007,S008,S009,S010,S011,S013,S015 / S004,S014 / S012",4,4,3,6,5,4,5,6,0,2,1,0,1,0,3,0
clone-3-0030-preserve_ids,clone,preserve_ids,3,1.09552352831278,6,68.30278835384843,"S001,S002,S003,S005,S006,S007,S008,S009,S010,S011,S013,S015 / S004 / S012,S014",4,3,3,6,5,4,5,6,0,1,1,0,1,0,3,0
clone-3-0031-preserve_ids,clone,preserve_ids,3,1.1154876215879663,5,67.58743663533544,"S001,S002,S003,S005,S006,S007,S008,S009,S011,S012,S013,S015 / S004,S010 / S014",4,4,3,6,6,4,5,5,0,2,1,0,2,0,3,0
clone-3-0032-preserve_ids,clone,preserve_ids,3,1.019903290426144,5,67.58743663533544,"S001,S002,S003,S005,S006,S007,S008,S009,S011,S013,S015 / S004,S010,S012 / S014",4,5,3,6,6,4,5,5,0,3,1,0,2,0,3,0
clone-3-0033-preserve_ids,clone,preserve_ids,3,1.112621845750428,6,68.30278835384843,"S001,S002,S003,S005,S006,S007,S008,S009,S011,S013,S014,S015 / S004,S010 / S012",4,4,3,6,5,4,5,6,0,2,1,0,1,0,3,0
clone-3-0034-preserve_ids,clone,preserve_ids,3,1.0195351111532456,5,67.87597671959443,"S001,S002,S003,S005,S006,S007,S008,S009,S011,S013,S015 / S004,S010,S014 / S012",4,5,3,6,6,4,5,5,0,3,1,0,2,0,3,0
clone-3-0035-preserve_ids,clone,preserve_ids,3,1.0130101883527804,6,68.30278835384841,"S001,S002,S003,S005,S006,S007,S008,S009,S011,S013,S015 / S004,S010 / S012,S014",4,4,3,6,6,4,6,6,0,2,1,0,2,0,4,0
clone-3-0036-preserve_ids,clone,preserve_ids,3,1.2121458789707686,5,67.58743663533544,"S001,S002,S003,S005,S006,S007,S008,S009,S011,S012,S013,S014,S015 / S004 / S010",4,3,3,6,5,4,4,5,0,1,1,0,1,0,2,0
clone-3-0037-preserve_ids,clone,preserve_ids,3,1.116676300426328,5,67.58743663533544,"S001,S002,S003,S005,S006,S007,S008,S009,S011,S012,S013,S015 / S004,S014 / S010",4,4,3,6,6,4,5,5,0,2,1,0,2,0,3,0
clone-3-0038-preserve_ids,clone,preserve_ids,3,1.1143840299951344,4,67.16062500108146,"S001,S002,S003,S005,S006,S007,S008,S009,S011,S012,S013,S015 / S004 / S010,S014",4,4,3,6,6,4,4,4,0,2,1,0,2,0,2,0
clone-3-0039-preserve_ids,clone,preserve_ids,3,1.1140146896564713,5,67.58743663533545,"S001,S002,S003,S005,S006,S007,S008,S009,S011,S013,S014,S015 / S004,S012 / S010",4,4,3,6,5,4,4,5,0,2,1,0,1,0,2,0
clone-3-0040-preserve_ids,clone,preserve_ids,3,1.0222882385660945,5,67.58743663533544,"S001,S002,S003,S005,S006,S007,S008,S009,S011,S013,S015 / S004,S012,S014 / S010",4,4,3,6,6,4,5,5,0,2,1,0,2,0,3,0
clone-3-0041-preserve_ids,clone,preserve_ids,3,1.0132970720025096,4,67.16062500108146,"S001,S002,S003,S005,S006,S007,S008,S009,S011,S013,S015 / S004,S012 / S010,S014",4,5,3,6,6,4,4,4,0,3,1,0,2,0,2,0
clone-3-0042-preserve_ids,clone,preserve_ids,3,1.1116516324234222,6,68.30278835384843,"S001,S002,S003,S005,S006,S007,S008,S009,S011,S013,S014,S015 / S004 / S010,S012",4,4,3,6,5,4,5,6,0,2,1,0,1,0,3,0
clone-3-0043-preserve_ids,clone,preserve_ids,3,1.0132254304219512,6,68.30278835384841,"S001,S002,S003,S005,S006,S007,S008,S009,S011,S013,S015 / S004,S014 / S010,S012",4,5,3,6,6,4,6,6,0,3,1,0,2,0,4,0
clone-3-0044-preserve_ids,clone,preserve_ids,3,1.0172018836908383,5,67.87597671959443,"S001,S002,S003,S005,S006,S007,S008,S009,S011,S013,S015 / S004 / S010,S012,S014",4,4,3,6,6,4,5,5,0,2,1,0,2,0,3,0
clone-3-0045-preserve_ids,clone,preserve_ids,3,1.0012743391200223,6,68.79457748474233,"S001,S002,S003,S005,S006,S007,S009,S010,S011,S012,S013,S015 / S004,S008 / S014",4,5,3,6,6,4,5,6,0,3,1,0,2,0,3,0
clone-3-0046-preserve_ids,clone,preserve_ids,3,0.9115935836380782,6,68.79457748474233,"S001,S002,S003,S005,S006,S007,S009,S010,S011,S013,S015 / S004,S008,S012 / S014",4,4,3,6,6,4,5,6,0,2,1,0,2,0,3,0
clone-3-0047-preserve_ids,clone,preserve_ids,3,0.9983058037360119,6,69.08311756900133,"S001,S002,S003,S005,S006,S007,S009,S010,S011,S013,S014,S015 / S004,S008 / S012",4,5,3,6,6,4,5,6,0,3,1,0,2,0,3,0
clone-3-0048-preserve_ids,clone,preserve_ids,3,0.9109349839119381,7,69.50992920325533,"S001,S002,S003,S005,S006,S007,S009,S010,S011,S013,S015 / S004,S008,S014 / S012",4,4,3,6,5,4,5,7,0,2,1,0,1,0,3,1
clone-3-0049-preserve_ids,clone,preserve_ids,3,0.894823192475857,7,69.50992920325533,"S001,S002,S003,S005,S006,S007,S009,S010,S011,S013,S015 / S004,S008 / S012,S014",4,4,3,6,6,4,6,7,0,2,1,0,2,0,4,1
clone-3-0050-preserve_ids,clone,preserve_ids,3,0.9282707477842316,6,68.79457748474233,"S001,S002,S003,S005,S006,S007,S009,S011,S012,S013,S015 / S004,S008,S010 / S014",4,5,3,6,5,4,5,6,0,3,1,0,1,0,3,0
clone-3-0051-preserve_ids,clone,preserve_ids,3,0.8438488827465752,6,68.79457748474233,"S001,S002,S003,S005,S006,S007,S009,S011,S013,S015 / S004,S008,S010,S012 / S014",4,4,3,6,5,4,5,6,0,2,1,0,1,0,3,0
clone-3-0052-preserve_ids,clone,preserve_ids,3,0.9252316491673941,7,69.50992920325533,"S001,S002,S003,S005,S006,S007,S009,S011,S013,S014,S015 / S004,S008,S010 / S012",4,5,3,6,5,4,5,7,0,3,1,0,1,0,3,1
clone-3-0053-preserve_ids,clone,preserve_ids,3,0.842957752358219,6,69.08311756900133,"S001,S002,S003,S005,S006,S007,S009,S011,S013,S015 / S004,S008,S010,S014 / S012",4,4,3,6,4,4,5,6,0,2,1,0,0,0,3,0
clone-3-0054-preserve_ids,clone,preserve_ids,3,0.8190334076762553,7,69.50992920325531,"S001,S002,S003,S005,S006,S007,S009,S011,S013,S015 / S004,S008,S010 / S012,S014",4,4,3,6,5,4,6,7,0,2,1,0,1,0,4,1
clone-3-0055-preserve_ids,clone,preserve_ids,3,1.018885205869483,6,68.79457748474233,"S001,S002,S003,S005,S006,S007,S009,S011,S012,S013,S014,S015 / S004,S008 / S010",4,5,3,6,6,4,5,6,0,3,1,0,2,0,3,0
clone-3-0056-preserve_ids,clone,preserve_ids,3,0.9320917804456519,6,68.79457748474233,"S001,S002,S003,S005,S006,S007,S009,S011,S012,S013,S015 / S004,S008,S014 / S010",4,5,3,6,5,4,5,6,0,3,1,0,1,0,3,0
clone-3-0057-preserve_ids,clone,preserve_ids,3,0.9149759807477981,5,68.36776585048835,"S001,S002,S003,S005,S006,S007,S009,S011,S012,S013,S015 / S004,S008 / S010,S014",4,6,3,6,6,4,5,5,0,4,1,0,2,0,3,0
clone-3-0058-preserve_ids,clone,preserve_ids,3,0.9297109375601297,6,68.79457748474233,"S001,S002,S003,S005,S006,S007,S009,S011,S013,S014,S015 / S004,S008,S012 / S010",4,5,3,6,6,4,5,6,0,3,1,0,2,0,3,0
clone-3-0059-preserve_ids,clone,preserve_ids,3,0.849356602238266,6,68.79457748474233,"S001,S002,S003,S005,S006,S007,S009,S011,S013,S015 / S004,S008,S012,S014 / S010",4,4,3,6,5,4,5,6,0,2,1,0,1,0,3,0
clone-3-0060-preserve_ids,clone,preserve_ids,3,0.8225597260872347,5,68.36776585048835,"S001,S002,S003,S005,S006,S007,S009,S011,S013,S015 / S004,S008,S012 / S010,S014",4,5,3,6,6,4,5,5,0,3,1,0,2,0,3,0
clone-3-0061-preserve_ids,clone,preserve_ids,3,0.912058614679378,7,69.50992920325533,"S001,S002,S003,S005,S006,S007,S009,S011,S013,S014,S015 / S004,S008 / S010,S012",4,6,3,6,6,4,6,7,0,4,1,0,2,0,4,1
clone-3-0062-preserve_ids,clone,preserve_ids,3,0.8220140108304648,7,69.50992920325531,"S001,S002,S003,S005,S006,S007,S009,S011,S013,S015 / S004,S008,S014 / S010,S012",4,5,3,6,5,4,6,7,0,3,1,0,1,0,4,1
clone-3-0063-preserve_ids,clone,preserve_ids,3,0.8107287370808515,6,69.08311756900133,"S001,S002,S003,S005,S006,S007,S009,S011,S013,S015 / S004,S008 / S010,S012,S014",4,5,3,6,6,4,6,6,0,3,1,0,2,0,4,0
clone-3-0064-preserve_ids,clone,preserve_ids,3,1.0918881269777314,5,68.36776585048835,"S001,S002,S003,S005,S006,S007,S009,S010,S011,S012,S013,S014,S015 / S004 / S008",4,4,3,6,6,4,4,5,0,2,1,0,2,0,2,0
clone-3-0065-preserve_ids,clone,preserve_ids,3,0.9928342297771493,6,68.79457748474233,"S001,S002,S003,S005,S006,S007,S009,S010,S011,S012,S013,S015 / S004,S014 / S008",4,5,3,6,6,4,5,6,0,3,1,0,2,0,3,0
clone-3-0066-preserve_ids,clone,preserve_ids,3,0.9982171167365267,6,68.79457748474233,"S001,S002,S003,S005,S006,S007,S009,S010,S011,S012,S013,S015 / S004 / S008,S014",4,4,3,6,5,4,4,6,0,2,1,0,1,0,2,0
clone-3-0067-preserve_ids,clone,preserve_ids,3,0.9900666717557032,5,68.36776585048835,"S001,S002,S003,S005,S006,S007,S009,S010,S011,S013,S014,S015 / S004,S012 / S008",4,5,3,6,6,4,4,5,0,3,1,0,2,0,2,0
clone-3-0068-preserve_ids,clone,preserve_ids,3,0.8944877452574812,6,68.79457748474233,"S001,S002,S003,S005,S006,S007,S009,S010,S011,S013,S015 / S004,S012,S014 / S008",4,4,3,6,6,4,5,6,0,2,1,0,2,0,3,0
clone-3-0069-preserve_ids,clone,preserve_ids,3,0.8931057259856396,6,68.79457748474233,"S001,S002,S003,S005,S006,S007,S009,S010,S011,S013,S015 / S004,S012 / S008,S014",4,4,3,6,5,4,4,6,0,2,1,0,1,0,2,0
clone-3-0070-preserve_ids,clone,preserve_ids,3,0.995617332835543,6,69.08311756900133,"S001,S002,S003,S005,S006,S007,S009,S010,S011,S013,S014,S015 / S004 / S008,S012",4,4,3,6,6,4,5,6,0,2,1,0,2,0,3,0
clone-3-0071-preserve_ids,clone,preserve_ids,3,0.8932760448936724,7,69.50992920325533,"S001,S002,S003,S005,S006,S007,S009,S010,S011,S013,S015 / S004,S014 / S008,S012",4,4,3,6,6,4,6,7,0,2,1,0,2,0,4,1
clone-3-0072-preserve_ids,clone,preserve_ids,3,0.9065582108533112,7,69.50992920325533,"S001,S002,S003,S005,S006,S007,S009,S010,S011,S013,S015 / S004 / S008,S012,S014",4,3,3,6,5,4,5,7,0,1,1,0,1,0,3,1
clone-3-0073-preserve_ids,clone,preserve_ids,3,1.0092785752005213,6,68.79457748474233,"S001,S002,S003,S005,S006,S007,S009,S011,S012,S013,S014,S015 / S004,S010 / S008",4,5,3,6,6,4,5,6,0,3,1,0,2,0,3,0
clone-3-0074-preserve_ids,clone,preserve_ids,3,0.9129509673795234,5,68.36776585048835,"S001,S002,S003,S005,S006,S007,S009,S011,S012,S013,S015 / S004,S010,S014 / S008",4,6,3,6,6,4,5,5,0,4,1,0,2,0,3,0
clone-3-0075-preserve_ids,clone,preserve_ids,3,0.9129781064837883,6,68.79457748474233,"S001,S002,S003,S005,S006,S007,S009,S011,S012,S013,S015 / S004,S010 / S008,S014",4,5,3,6,5,4,5,6,0,3,1,0,1,0,3,0
clone-3-0076-preserve_ids,clone,preserve_ids,3,0.9102732398659983,6,68.79457748474233,"S001,S002,S003,S005,S006,S007,S009,S011,S013,S014,S015 / S004,S010,S012 / S008",4,6,3,6,6,4,5,6,0,4,1,0,2,0,3,0
clone-3-0077-preserve_ids,clone,preserve_ids,3,0.8184190757849579,5,68.36776585048835,"S001,S002,S003,S005,S006,S007,S009,S011,S013,S015 / S004,S010,S012,S014 / S008",4,5,3,6,6,4,5,5,0,3,1,0,2,0,3,0
clone-3-0078-preserve_ids,clone,preserve_ids,3,0.8103525434847142,6,68.79457748474233,"S001,S002,S003,S005,S006,S007,S009,S011,S013,S015 / S004,S010,S012 / S008,S014",4,5,3,6,5,4,5,6,0,3,1,0,1,0,3,0
clone-3-0079-preserve_ids,clone,preserve_ids,3,0.9103012314898026,7,69.50992920325533,"S001,S002,S003,S005,S006,S007,S009,S011,S013,S014,S015 / S004,S010 / S008,S012",4,5,3,6,6,4,6,7,0,3,1,0,2,0,4,1
clone-3-0080-preserve_ids,clone,preserve_ids,3,0.8103534114744871,6,69.08311756900133,"S001,S002,S003,S005,S006,S007,S009,S011,S013,S015 / S004,S010,S014 / S008,S012",4,5,3,6,6,4,6,6,0,3,1,0,2,0,4,0
clone-3-0081-preserve_ids,clone,preserve_ids,3,0.8184804814556854,7,69.50992920325531,"S001,S002,S003,S005,S006,S007,S009,S011,S013,S015 / S004,S010 / S008,S012,S014",4,4,3,6,5,4,6,7,0,2,1,0,1,0,4,1
clone-3-0082-preserve_ids,clone,preserve_ids,3,1.0136858451910287,6,68.79457748474233,"S001,S002,S003,S005,S006,S007,S009,S011,S012,S013,S014,S015 / S004 / S008,S010",4,4,3,6,5,4,4,6,0,2,1,0,1,0,2,0
clone-3-0083-preserve_ids,clone,preserve_ids,3,0.9119907724160263,6,68.79457748474233,"S001,S002,S003,S005,S006,S007,S009,S011,S012,S013,S015 / S004,S014 / S008,S010",4,5,3,6,5,4,5,6,0,3,1,0,1,0,3,0
clone-3-0084-preserve_ids,clone,preserve_ids,3,0.9236410685702876,5,68.36776585048835,"S001,S002,S003,S005,S006,S007,S009,S011,S012,S013,S015 / S004 / S008,S010,S014",4,4,3,6,4,4,4,5,0,2,1,0,0,0,2,0
clone-3-0085-preserve_ids,clone,preserve_ids,3,0.9091436759459761,6,68.79457748474235,"S001,S002,S003,S005,S006,S007,S009,S011,S013,S014,S015 / S004,S012 / S008,S010",4,5,3,6,5,4,4,6,0,3,1,0,1,0,2,0
clone-3-0086-preserve_ids,clone,preserve_ids,3,0.8106087747218399,6,68.79457748474233,"S001,S002,S003,S005,S006,S007,S009,S011,S013,S015 / S004,S012,S014 / S008,S010",4,4,3,6,5,4,5,6,0,2,1,0,1,0,3,0
clone-3-0087-preserve_ids,clone,preserve_ids,3,0.8156495247823355,5,68.36776585048835,"S001,S002,S003,S005,S006,S007,S009,S011,S013,S015 / S004,S012 / S008,S010,S014",4,4,3,6,4,4,4,5,0,2,1,0,0,0,2,0
clone-3-0088-preserve_ids,clone,preserve_ids,3,0.9211595847187077,7,69.50992920325533,"S001,S002,S003,S005,S006,S007,S009,S011,S013,S014,S015 / S004 / S008,S010,S012",4,4,3,6,5,4,5,7,0,2,1,0,1,0,3,1
clone-3-0089-preserve_ids,clone,preserve_ids,3,0.8160215987990436,7,69.50992920325531,"S001,S002,S003,S005,S006,S007,S009,S011,S013,S015 / S004,S014 / S008,S010,S012",4,4,3,6,5,4,6,7,0,2,1,0,1,0,4,1
clone-3-0090-preserve_ids,clone,preserve_ids,3,0.8369378694026844,6,69.08311756900133,"S001,S002,S003,S005,S006,S007,S009,S011,S013,S015 / S004 / S008,S010,S012,S014",4,3,3,6,4,4,5,6,0,1,1,0,0,0,3,0
clone-3-0091-preserve_ids,clone,preserve_ids,3,0.6176044894002095,5,68.07922576622936,"S001,S002,S004,S008,S009,S010,S012,S013 / S003,S005,S006,S007,S011,S015 / S014",6,4,4,6,5,6,4,5,2,2,2,0,1,2,2,0
clone-3-0092-preserve_ids,clone,preserve_ids,3,0.6091945764521245,6,68.79457748474233,"S001,S002,S004,S008,S009,S010,S013 / S003,S005,S006,S007,S011,S012,S015 / S014",6,5,4,6,5,6,5,6,2,3,2,0,1,2,3,0
clone-3-0093-preserve_ids,clone,preserve_ids,3,0.6145932251008303,5,68.36776585048835,"S001,S002,S004,S008,S009,S010,S013,S014 / S003,S005,S006,S007,S011,S015 / S012",6,4,4,6,4,6,4,5,2,2,2,0,0,2,2,0
clone-3-0094-preserve_ids,clone,preserve_ids,3,0.6063764208339846,6,68.79457748474233,"S001,S002,S004,S008,S009,S010,S013 / S003,S005,S006,S007,S011,S014,S015 / S012",6,5,4,6,5,6,4,6,2,3,2,0,1,2,2,0
clone-3-0095-preserve_ids,clone,preserve_ids,3,0.5101064913236231,6,68.79457748474235,"S001,S002,S004,S008,S009,S010,S013 / S003,S005,S006,S007,S011,S015 / S012,S014",6,4,4,6,5,6,5,6,2,2,2,0,1,2,3,0
clone-3-0096-preserve_ids,clone,preserve_ids,3,0.6090920573245513,5,68.07922576622936,"S001,S002,S004,S008,S009,S012,S013 / S003,S005,S006,S007,S010,S011,S015 / S014",6,4,4,6,6,6,4,5,2,2,2,0,2,2,2,0
clone-3-0097-preserve_ids,clone,preserve_ids,3,0.6185609566713005,6,68.79457748474233,"S001,S002,S004,S008,S009,S013 / S003,S005,S006,S007,S010,S011,S012,S015 / S014",6,5,4,6,6,6,5,6,2,3,2,0,2,2,3,0
clone-3-0098-preserve_ids,clone,preserve_ids,3,0.6062883053009951,6,68.79457748474233,"S001,S002,S004,S008,S009,S013,S014 / S003,S005,S006,S007,S010,S011,S015 / S012",6,4,4,6,5,6,4,6,2,2,2,0,1,2,2,0
clone-3-0099-preserve_ids,clone,preserve_ids,3,0.6155397152471258,5,68.36776585048835,"S001,S002,S004,S008,S009,S013 / S003,S005,S006,S007,S010,S011,S014,S015 / S012",6,5,4,6,6,6,4,5,2,3,2,0,2,2,2,0
clone-3-0100-preserve_ids,clone,preserve_ids,3,0.5106244799698635,6,68.79457748474233,"S001,S002,S004,S008,S009,S013 / S003,S005,S006,S007,S010,S011,S015 / S012,S014",6,4,4,6,6,6,5,6,2,2,2,0,2,2,3,0
clone-3-0101-preserve_ids,clone,preserve_ids,3,0.6354786453801797,5,68.07922576622936,"S001,S002,S004,S008,S009,S012,S013,S014 / S003,S005,S006,S007,S011,S015 / S010",6,4,4,6,5,6,4,5,2,2,2,0,1,2,2,0
clone-3-0102-preserve_ids,clone,preserve_ids,3,0.625524258067447,5,68.07922576622936,"S001,S002,S004,S008,S009,S012,S013 / S003,S005,S006,S007,S011,S014,S015 / S010",6,5,4,6,6,6,4,5,2,3,2,0,2,2,2,0
clone-3-0103-preserve_ids,clone,preserve_ids,3,0.5303553746978549,4,67.65241413197538,"S001,S002,S004,S008,S009,S012,S013 / S003,S005,S006,S007,S011,S015 / S010,S014",6,5,4,6,6,6,4,4,2,3,2,0,2,2,2,0
clone-3-0104-preserve_ids,clone,preserve_ids,3,0.625538680270835,6,68.79457748474233,"S001,S002,S004,S008,S009,S013,S014 / S003,S005,S006,S007,S011,S012,S015 / S010",6,5,4,6,5,6,5,6,2,3,2,0,1,2,3,0
clone-3-0105-preserve_ids,clone,preserve_ids,3,0.6364921956502925,6,68.79457748474233,"S001,S002,S004,S008,S009,S013 / S003,S005,S006,S007,S011,S012,S014,S015 / S010",6,5,4,6,6,6,5,6,2,3,2,0,2,2,3,0
clone-3-0106-preserve_ids,clone,preserve_ids,3,0.5309712310546844,5,68.36776585048835,"S001,S002,S004,S008,S009,S013 / S003,S005,S006,S007,S011,S012,S015 / S010,S014",6,6,4,6,6,6,5,5,2,4,2,0,2,2,3,0
clone-3-0107-preserve_ids,clone,preserve_ids,3,0.5274201798909025,6,68.79457748474233,"S001,S002,S004,S008,S009,S013,S014 / S003,S005,S006,S007,S011,S015 / S010,S012",6,5,4,6,5,6,5,6,2,3,2,0,1,2,3,0
clone-3-0108-preserve_ids,clone,preserve_ids,3,0.5280223743449031,6,68.79457748474233,"S001,S002,S004,S008,S009,S013 / S003,S005,S006,S007,S011,S014,S015 / S010,S012",6,6,4,6,6,6,5,6,2,4,2,0,2,2,3,0
clone-3-0109-preserve_ids,clone,preserve_ids,3,0.4266051415594708,5,68.36776585048835,"S001,S002,S004,S008,S009,S013 / S003,S005,S006,S007,S011,S015 / S010,S012,S014",6,5,4,6,6,6,5,5,2,3,2,0,2,2,3,0
clone-3-0110-preserve_ids,clone,preserve_ids,3,0.6230663588820063,5,68.07922576622936,"S001,S002,S004,S009,S010,S012,S013 / S003,S005,S006,S007,S008,S011,S015 / S014",6,5,4,6,6,6,4,5,2,3,2,0,2,2,2,0
clone-3-0111-preserve_ids,clone,preserve_ids,3,0.6575702867652403,6,68.79457748474233,"S001,S002,S004,S009,S010,S013 / S003,S005,S006,S007,S008,S011,S012,S015 / S014",6,4,4,6,6,6,5,6,2,2,2,0,2,2,3,0
clone-3-0112-preserve_ids,clone,preserve_ids,3,0.620687925037241,5,68.36776585048835,"S001,S002,S004,S009,S010,S013,S014 / S003,S005,S006,S007,S008,S011,S015 / S012",6,5,4,6,6,6,4,5,2,3,2,0,2,2,2,0
clone-3-0113-preserve_ids,clone,preserve_ids,3,0.6543857639781463,6,68.79457748474233,"S001,S002,S004,S009,S010,S013 / S003,S005,S006,S007,S008,S011,S014,S015 / S012",6,4,4,6,5,6,4,6,2,2,2,0,1,2,2,0
clone-3-0114-preserve_ids,clone,preserve_ids,3,0.5424363083727064,6,68.79457748474233,"S001,S002,S004,S009,S010,S013 / S003,S005,S006,S007,S008,S011,S015 / S012,S014",6,4,4,6,6,6,5,6,2,2,2,0,2,2,3,0
clone-3-0115-preserve_ids,clone,preserve_ids,3,0.6495066227656828,5,68.07922576622936,"S001,S002,S004,S009,S012,S013 / S003,S005,S006,S007,S008,S010,S011,S015 / S014",6,4,4,6,5,6,4,5,2,2,2,0,1,2,2,0
clone-3-0116-preserve_ids,clone,preserve_ids,3,0.6985611237775777,6,68.79457748474233,"S001,S002,S004,S009,S013 / S003,S005,S006,S007,S008,S010,S011,S012,S015 / S014",6,3,4,6,5,6,5,6,2,1,2,0,1,2,3,0
clone-3-0117-preserve_ids,clone,preserve_ids,3,0.6474592756068828,6,68.79457748474233,"S001,S002,S004,S009,S013,S014 / S003,S005,S006,S007,S008,S010,S011,S015 / S012",6,4,4,6,5,6,4,6,2,2,2,0,1,2,2,0
clone-3-0118-preserve_ids,clone,preserve_ids,3,0.6953465624260915,5,68.36776585048835,"S001,S002,S004,S009,S013 / S003,S005,S006,S007,S008,S010,S011,S014,S015 / S012",6,3,4,6,4,6,4,5,2,1,2,0,0,2,2,0
clone-3-0119-preserve_ids,clone,preserve_ids,3,0.5821127143195265,6,68.79457748474233,"S001,S002,S004,S009,S013 / S003,S005,S006,S007,S008,S010,S011,S015 / S012,S014",6,3,4,6,5,6,5,6,2,1,2,0,1,2,3,0
clone-3-0120-preserve_ids,clone,preserve_ids,3,0.6373023701609936,5,68.07922576622936,"S001,S002,S004,S009,S012,S013,S014 / S003,S005,S006,S007,S008,S011,S015 / S010",6,4,4,6,6,6,4,5,2,2,2,0,2,2,2,0
clone-3-0121-preserve_ids,clone,preserve_ids,3,0.6682824972390452,5,68.07922576622934,"S001,S002,S004,S009,S012,S013 / S003,S005,S006,S007,S008,S011,S014,S015 / S010",6,4,4,6,5,6,4,5,2,2,2,0,1,2,2,0
clone-3-0122-preserve_ids,clone,preserve_ids,3,0.5568643227508924,4,67.65241413197538,"S001,S002,S004,S009,S012,S013 / S003,S005,S006,S007,S008,S011,S015 / S010,S014",6,5,4,6,6,6,4,4,2,3,2,0,2,2,2,0
clone-3-0123-preserve_ids,clone,preserve_ids,3,0.6694207276505703,6,68.79457748474233,"S001,S002,S004,S009,S013,S014 / S003,S005,S006,S007,S008,S011,S012,S015 / S010",6,4,4,6,6,6,5,6,2,2,2,0,2,2,3,0
clone-3-0124-preserve_ids,clone,preserve_ids,3,0.7175984125007552,6,68.79457748474233,"S001,S002,S004,S009,S013 / S003,S005,S006,S007,S008,S011,S012,S014,S015 / S010",6,3,4,6,5,6,5,6,2,1,2,0,1,2,3,0
clone-3-0125-preserve_ids,clone,preserve_ids,3,0.6043639354762033,5,68.36776585048835,"S001,S002,S004,S009,S013 / S003,S005,S006,S007,S008,S011,S012,S015 / S010,S014",6,4,4,6,6,6,5,5,2,2,2,0,2,2,3,0
clone-3-0126-preserve_ids,clone,preserve_ids,3,0.5547480350051439,6,68.79457748474233,"S001,S002,S004,S009,S013,S014 / S003,S005,S006,S007,S008,S011,S015 / S010,S012",6,5,4,6,6,6,5,6,2,3,2,0,2,2,3,0
clone-3-0127-preserve_ids,clone,preserve_ids,3,0.6011494493063918,6,68.79457748474233,"S001,S002,S004,S009,S013 / S003,S005,S006,S007,S008,S011,S014,S015 / S010,S012",6,4,4,6,5,6,5,6,2,2,2,0,1,2,3,0
clone-3-0128-preserve_ids,clone,preserve_ids,3,0.4879191851056985,5,68.36776585048835,"S001,S002,S004,S009,S013 / S003,S005,S006,S007,S008,S011,S015 / S010,S012,S014",6,4,4,6,6,6,5,5,2,2,2,0,2,2,3,0
clone-3-0129-preserve_ids,clone,preserve_ids,3,0.5062070734082382,5,68.85955498138227,"S001,S002,S004,S009,S010,S012,S013,S014 / S003,S005,S006,S007,S011,S015 / S008",6,5,4,6,6,6,4,5,2,3,2,0,2,2,2,0
clone-3-0130-preserve_ids,clone,preserve_ids,3,0.5094358525068376,6,69.28636661563625,"S001,S002,S004,S009,S010,S012,S013 / S003,S005,S006,S007,S011,S014,S015 / S008",6,6,4,6,6,6,4,6,2,4,2,0,2,2,2,0
clone-3-0131-preserve_ids,clone,preserve_ids,3,0.40663609261067024,6,69.28636661563625,"S001,S002,S004,S009,S010,S012,S013 / S003,S005,S006,S007,S011,S015 / S008,S014",6,5,4,6,5,6,4,6,2,3,2,0,1,2,2,0
clone-3-0132-preserve_ids,clone,preserve_ids,3,0.5098944682688495,6,69.57490669989525,"S001,S002,S004,S009,S010,S013,S014 / S003,S005,S006,S007,S011,S012,S015 / S008",6,6,4,6,6,6,5,6,2,4,2,0,2,2,3,0
clone-3-0133-preserve_ids,clone,preserve_ids,3,0.5381894102768635,7,70.00171833414923,"S001,S002,S004,S009,S010,S013 / S003,S005,S006,S007,S011,S012,S014,S015 / S008",6,5,4,6,6,6,5,7,2,3,2,0,2,2,3,1
clone-3-0134-preserve_ids,clone,preserve_ids,3,0.42695172136014164,7,70.00171833414923,"S001,S002,S004,S009,S010,S013 / S003,S005,S006,S007,S011,S012,S015 / S008,S014",6,5,4,6,5,6,5,7,2,3,2,0,1,2,3,1
clone-3-0135-preserve_ids,clone,preserve_ids,3,0.40391460760194897,6,69.57490669989525,"S001,S002,S004,S009,S010,S013,S014 / S003,S005,S006,S007,S011,S015 / S008,S012",6,5,4,6,6,6,5,6,2,3,2,0,2,2,3,0
clone-3-0136-preserve_ids,clone,preserve_ids,3,0.42380937913305616,7,70.00171833414923,"S001,S002,S004,S009,S010,S013 / S003,S005,S006,S007,S011,S014,S015 / S008,S012",6,5,4,6,6,6,5,7,2,3,2,0,2,2,3,1
clone-3-0137-preserve_ids,clone,preserve_ids,3,0.3140549423134858,7,70.00171833414923,"S001,S002,S004,S009,S010,S013 / S003,S005,S006,S007,S011,S015 / S008,S012,S014",6,4,4,6,5,6,5,7,2,2,2,0,1,2,3,1
clone-3-0138-preserve_ids,clone,preserve_ids,3,0.5071292223159022,6,69.28636661563625,"S001,S002,S004,S009,S012,S013,S014 / S003,S005,S006,S007,S010,S011,S015 / S008",6,4,4,6,6,6,4,6,2,2,2,0,2,2,2,0
clone-3-0139-preserve_ids,clone,preserve_ids,3,0.5308440781206221,5,68.85955498138226,"S001,S002,S004,S009,S012,S013 / S003,S005,S006,S007,S010,S011,S014,S015 / S008",6,5,4,6,6,6,4,5,2,3,2,0,2,2,2,0
clone-3-0140-preserve_ids,clone,preserve_ids,3,0.42066068157239866,6,69.28636661563624,"S001,S002,S004,S009,S012,S013 / S003,S005,S006,S007,S010,S011,S015 / S008,S014",6,4,4,6,5,6,4,6,2,2,2,0,1,2,2,0
clone-3-0141-preserve_ids,clone,preserve_ids,3,0.5318539385021428,7,70.00171833414923,"S001,S002,S004,S009,S013,S014 / S003,S005,S006,S007,S010,S011,S012,S015 / S008",6,5,4,6,6,6,5,7,2,3,2,0,2,2,3,1
clone-3-0142-preserve_ids,clone,preserve_ids,3,0.5778063559371711,6,69.57490669989525,"S001,S002,S004,S009,S013 / S003,S005,S006,S007,S010,S011,S012,S014,S015 / S008",6,4,4,6,6,6,5,6,2,2,2,0,2,2,3,0
clone-3-0143-preserve_ids,clone,preserve_ids,3,0.46457729792849284,7,70.00171833414923,"S001,S002,S004,S009,S013 / S003,S005,S006,S007,S010,S011,S012,S015 / S008,S014",6,4,4,6,5,6,5,7,2,2,2,0,1,2,3,1
clone-3-0144-preserve_ids,clone,preserve_ids,3,0.4183925851133952,7,70.00171833414923,"S001,S002,S004,S009,S013,S014 / S003,S005,S006,S007,S010,S011,S015 / S008,S012",6,4,4,6,6,6,5,7,2,2,2,0,2,2,3,1
clone-3-0145-preserve_ids,clone,preserve_ids,3,0.4613630190890317,6,69.57490669989525,"S001,S002,S004,S009,S013 / S003,S005,S006,S007,S010,S011,S014,S015 / S008,S012",6,4,4,6,6,6,5,6,2,2,2,0,2,2,3,0
clone-3-0146-preserve_ids,clone,preserve_ids,3,0.3481435078875425,7,70.00171833414923,"S001,S002,S004,S009,S013 / S003,S005,S006,S007,S010,S011,S015 / S008,S012,S014",6,3,4,6,5,6,5,7,2,1,2,0,1,2,3,1
clone-3-0147-preserve_ids,clone,preserve_ids,3,0.4228952060397664,6,69.28636661563625,"S001,S002,S004,S009,S012,S013,S014 / S003,S005,S006,S007,S011,S015 / S008,S010",6,4,4,6,5,6,4,6,2,2,2,0,1,2,2,0
clone-3-0148-preserve_ids,clone,preserve_ids,3,0.4390759526452509,6,69.28636661563625,"S001,S002,S004,S009,S012,S013 / S003,S005,S006,S007,S011,S014,S015 / S008,S010",6,5,4,6,5,6,4,6,2,3,2,0,1,2,2,0
clone-3-0149-preserve_ids,clone,preserve_ids,3,0.33058095292185685,5,68.85955498138227,"S001,S002,S004,S009,S012,S013 / S003,S005,S006,S007,S011,S015 / S008,S010,S014",6,4,4,6,4,6,4,5,2,2,2,0,0,2,2,0
clone-3-0150-preserve_ids,clone,preserve_ids,3,0.43995229398139385,7,70.00171833414923,"S001,S002,S004,S009,S013,S014 / S003,S005,S006,S007,S011,S012,S015 / S008,S010",6,5,4,6,5,6,5,7,2,3,2,0,1,2,3,1
clone-3-0151-preserve_ids,clone,preserve_ids,3,0.48361301036216897,7,70.00171833414923,"S001,S002,S004,S009,S013 / S003,S005,S006,S007,S011,S012,S014,S015 / S008,S010",6,4,4,6,5,6,5,7,2,2,2,0,1,2,3,1
clone-3-0152-preserve_ids,clone,preserve_ids,3,0.3703910434647043,6,69.57490669989525,"S001,S002,S004,S009,S013 / S003,S005,S006,S007,S011,S012,S015 / S008,S010,S014",6,4,4,6,4,6,5,6,2,2,2,0,0,2,3,0
clone-3-0153-preserve_ids,clone,preserve_ids,3,0.3281517340011927,7,70.00171833414923,"S001,S002,S004,S009,S013,S014 / S003,S005,S006,S007,S011,S015 / S008,S010,S012",6,4,4,6,5,6,5,7,2,2,2,0,1,2,3,1
clone-3-0154-preserve_ids,clone,preserve_ids,3,0.36717705590625194,7,70.00171833414923,"S001,S002,S004,S009,S013 / S003,S005,S006,S007,S011,S014,S015 / S008,S010,S012",6,4,4,6,5,6,5,7,2,2,2,0,1,2,3,1
clone-3-0155-preserve_ids,clone,preserve_ids,3,0.25397471839426533,6,69.57490669989525,"S001,S002,S004,S009,S013 / S003,S005,S006,S007,S011,S015 / S008,S010,S012,S014",6,3,4,6,4,6,5,6,2,1,2,0,0,2,3,0
clone-3-0156-preserve_ids,clone,preserve_ids,3,0.6101484599498321,6,68.79457748474233,"S001,S002,S008,S009,S010,S012,S013 / S003,S004,S005,S006,S007,S011,S015 / S014",6,4,4,6,5,6,5,6,2,2,2,0,1,2,3,0
clone-3-0157-preserve_ids,clone,preserve_ids,3,0.6280321805472242,6,68.79457748474233,"S001,S002,S008,S009,S010,S013 / S003,S004,S005,S006,S007,S011,S012,S015 / S014",6,5,4,6,5,6,5,6,2,3,2,0,1,2,3,0
clone-3-0158-preserve_ids,clone,preserve_ids,3,0.6074690949366567,6,69.08311756900133,"S001,S002,S008,S009,S010,S013,S014 / S003,S004,S005,S006,S007,S011,S015 / S012",6,4,4,6,4,6,5,6,2,2,2,0,0,2,3,0
clone-3-0159-preserve_ids,clone,preserve_ids,3,0.6249405735397477,7,69.50992920325531,"S001,S002,S008,S009,S010,S013 / S003,S004,S005,S006,S007,S011,S014,S015 / S012",6,5,4,6,5,6,5,7,2,3,2,0,1,2,3,1
clone-3-0160-preserve_ids,clone,preserve_ids,3,0.5169958852143174,7,69.50992920325531,"S001,S002,S008,S009,S010,S013 / S003,S004,S005,S006,S007,S011,S015 / S012,S014",6,4,4,6,5,6,6,7,2,2,2,0,1,2,4,1
clone-3-0161-preserve_ids,clone,preserve_ids,3,0.6229741630769624,6,68.79457748474233,"S001,S002,S008,S009,S012,S013 / S003,S004,S005,S006,S007,S010,S011,S015 / S014",6,4,4,6,6,6,5,6,2,2,2,0,2,2,3,0
clone-3-0162-preserve_ids,clone,preserve_ids,3,0.6574054157489587,6,68.79457748474233,"S001,S002,S008,S009,S013 / S003,S004,S005,S006,S007,S010,S011,S012,S015 / S014",6,5,4,6,6,6,5,6,2,3,2,0,2,2,3,0
clone-3-0163-preserve_ids,clone,preserve_ids,3,0.6205942424981096,7,69.50992920325531,"S001,S002,S008,S009,S013,S014 / S003,S004,S005,S006,S007,S010,S011,S015 / S012",6,4,4,6,5,6,5,7,2,2,2,0,1,2,3,1
clone-3-0164-preserve_ids,clone,preserve_ids,3,0.654221165564824,6,69.08311756900133,"S001,S002,S008,S009,S013 / S003,S004,S005,S006,S007,S010,S011,S014,S015 / S012",6,5,4,6,6,6,5,6,2,3,2,0,2,2,3,0
clone-3-0165-preserve_ids,clone,preserve_ids,3,0.542283420451207,7,69.50992920325531,"S001,S002,S008,S009,S013 / S003,S004,S005,S006,S007,S010,S011,S015 / S012,S014",6,4,4,6,6,6,6,7,2,2,2,0,2,2,4,1
clone-3-0166-preserve_ids,clone,preserve_ids,3,0.6261194938414184,6,68.79457748474233,"S001,S002,S008,S009,S012,S013,S014 / S003,S004,S005,S006,S007,S011,S015 / S010",6,4,4,6,5,6,5,6,2,2,2,0,1,2,3,0
clone-3-0167-preserve_ids,clone,preserve_ids,3,0.641122138920713,6,68.79457748474233,"S001,S002,S008,S009,S012,S013 / S003,S004,S005,S006,S007,S011,S014,S015 / S010",6,5,4,6,6,6,5,6,2,3,2,0,2,2,3,0
clone-3-0168-preserve_ids,clone,preserve_ids,3,0.5340894861159737,5,68.36776585048835,"S001,S002,S008,S009,S012,S013 / S003,S004,S005,S006,S007,S011,S015 / S010,S014",6,5,4,6,6,6,5,5,2,3,2,0,2,2,3,0
clone-3-0169-preserve_ids,clone,preserve_ids,3,0.6418346378323183,6,68.79457748474232,"S001,S002,S008,S009,S013,S014 / S003,S004,S005,S006,S007,S011,S012,S015 / S010",6,5,4,6,5,6,5,6,2,3,2,0,1,2,3,0
clone-3-0170-preserve_ids,clone,preserve_ids,3,0.6762690771279799,6,68.79457748474233,"S001,S002,S008,S009,S013 / S003,S004,S005,S006,S007,S011,S012,S014,S015 / S010",6,5,4,6,6,6,5,6,2,3,2,0,2,2,3,0
clone-3-0171-preserve_ids,clone,preserve_ids,3,0.5642390928399141,5,68.36776585048834,"S001,S002,S008,S009,S013 / S003,S004,S005,S006,S007,S011,S012,S015 / S010,S014",6,6,4,6,6,6,5,5,2,4,2,0,2,2,3,0
clone-3-0172-preserve_ids,clone,preserve_ids,3,0.5315964945109565,7,69.50992920325531,"S001,S002,S008,S009,S013,S014 / S003,S004,S005,S006,S007,S011,S015 / S010,S012",6,5,4,6,5,6,6,7,2,3,2,0,1,2,4,1
clone-3-0173-preserve_ids,clone,preserve_ids,3,0.5610658627812324,7,69.50992920325531,"S001,S002,S008,S009,S013 / S003,S004,S005,S006,S007,S011,S014,S015 / S010,S012",6,6,4,6,6,6,6,7,2,4,2,0,2,2,4,1
clone-3-0174-preserve_ids,clone,preserve_ids,3,0.4496631822818928,6,69.08311756900133,"S001,S002,S008,S009,S013 / S003,S004,S005,S006,S007,S011,S015 / S010,S012,S014",6,5,4,6,6,6,6,6,2,3,2,0,2,2,4,0
clone-3-0175-preserve_ids,clone,preserve_ids,3,0.6665455737591223,6,68.79457748474233,"S001,S002,S009,S010,S012,S013 / S003,S004,S005,S006,S007,S008,S011,S015 / S014",6,5,4,6,6,6,5,6,2,3,2,0,2,2,3,0
clone-3-0176-preserve_ids,clone,preserve_ids,3,0.7217551844886715,6,68.79457748474233,"S001,S002,S009,S010,S013 / S003,S004,S005,S006,S007,S008,S011,S012,S015 / S014",6,4,4,6,6,6,5,6,2,2,2,0,2,2,3,0
clone-3-0177-preserve_ids,clone,preserve_ids,3,0.6646599474362019,6,69.08311756900133,"S001,S002,S009,S010,S013,S014 / S003,S004,S005,S006,S007,S008,S011,S015 / S012",6,5,4,6,6,6,5,6,2,3,2,0,2,2,3,0
clone-3-0178-preserve_ids,clone,preserve_ids,3,0.7185433607553239,7,69.50992920325531,"S001,S002,S009,S010,S013 / S003,S004,S005,S006,S007,S008,S011,S014,S015 / S012",6,4,4,6,5,6,5,7,2,2,2,0,1,2,3,1
clone-3-0179-preserve_ids,clone,preserve_ids,3,0.6054244279466975,7,69.50992920325531,"S001,S002,S009,S010,S013 / S003,S004,S005,S006,S007,S008,S011,S015 / S012,S014",6,4,4,6,6,6,6,7,2,2,2,0,2,2,4,1
clone-3-0180-preserve_ids,clone,preserve_ids,3,0.7100619712796963,6,68.79457748474233,"S001,S002,S009,S012,S013 / S003,S004,S005,S006,S007,S008,S010,S011,S015 / S014",6,4,4,6,5,6,5,6,2,2,2,0,1,2,3,0
clone-3-0181-preserve_ids,clone,preserve_ids,3,0.7763873670191169,6,68.79457748474233,"S001,S002,S009,S013 / S003,S004,S005,S006,S007,S008,S010,S011,S012,S015 / S014",6,3,4,6,5,6,5,6,2,1,2,0,1,2,3,0
clone-3-0182-preserve_ids,clone,preserve_ids,3,0.7085059595529012,7,69.50992920325531,"S001,S002,S009,S013,S014 / S003,S004,S005,S006,S007,S008,S010,S011,S015 / S012",6,4,4,6,5,6,5,7,2,2,2,0,1,2,3,1
clone-3-0183-preserve_ids,clone,preserve_ids,3,0.7732066417069918,6,69.08311756900133,"S001,S002,S009,S013 / S003,S004,S005,S006,S007,S008,S010,S011,S014,S015 / S012",6,3,4,6,4,6,5,6,2,1,2,0,0,2,3,0
clone-3-0184-preserve_ids,clone,preserve_ids,3,0.6613732964066146,7,69.50992920325531,"S001,S002,S009,S013 / S003,S004,S005,S006,S007,S008,S010,S011,S015 / S012,S014",6,3,4,6,5,6,6,7,2,1,2,0,1,2,4,1
clone-3-0185-preserve_ids,clone,preserve_ids,3,0.677917619864216,6,68.79457748474233,"S001,S002,S009,S012,S013,S014 / S003,S004,S005,S006,S007,S008,S011,S015 / S010",6,4,4,6,6,6,5,6,2,2,2,0,2,2,3,0
clone-3-0186-preserve_ids,clone,preserve_ids,3,0.7290980538823515,6,68.79457748474233,"S001,S002,S009,S012,S013 / S003,S004,S005,S006,S007,S008,S011,S014,S015 / S010",6,4,4,6,5,6,5,6,2,2,2,0,1,2,3,0
clone-3-0187-preserve_ids,clone,preserve_ids,3,0.6158718260621043,5,68.36776585048835,"S001,S002,S009,S012,S013 / S003,S004,S005,S006,S007,S008,S011,S015 / S010,S014",6,5,4,6,6,6,5,5,2,3,2,0,2,2,3,0
clone-3-0188-preserve_ids,clone,preserve_ids,3,0.7307548486942267,6,68.79457748474232,"S001,S002,S009,S013,S014 / S003,S004,S005,S006,S007,S008,S011,S012,S015 / S010",6,4,4,6,6,6,5,6,2,2,2,0,2,2,3,0
clone-3-0189-preserve_ids,clone,preserve_ids,3,0.7952298458024204,6,68.79457748474233,"S001,S002,S009,S013 / S003,S004,S005,S006,S007,S008,S011,S012,S014,S015 / S010",6,3,4,6,5,6,5,6,2,1,2,0,1,2,3,0
clone-3-0190-preserve_ids,clone,preserve_ids,3,0.6833129214795405,5,68.36776585048834,"S001,S002,S009,S013 / S003,S004,S005,S006,S007,S008,S011,S012,S015 / S010,S014",6,4,4,6,6,6,5,5,2,2,2,0,2,2,3,0
clone-3-0191-preserve_ids,clone,preserve_ids,3,0.6143237303228581,7,69.50992920325531,"S001,S002,S009,S013,S014 / S003,S004,S005,S006,S007,S008,S011,S015 / S010,S012",6,5,4,6,6,6,6,7,2,3,2,0,2,2,4,1
clone-3-0192-preserve_ids,clone,preserve_ids,3,0.6801421994307777,7,69.50992920325531,"S001,S002,S009,S013 / S003,S004,S005,S006,S007,S008,S011,S014,S015 / S010,S012",6,4,4,6,5,6,6,7,2,2,2,0,1,2,4,1
clone-3-0193-preserve_ids,clone,preserve_ids,3,0.5687667697436705,6,69.08311756900133,"S001,S002,S009,S013 / S003,S004,S005,S006,S007,S008,S011,S015 / S010,S012,S014",6,4,4,6,6,6,6,6,2,2,2,0,2,2,4,0
clone-3-0194-preserve_ids,clone,preserve_ids,3,0.5137333290564705,6,69.57490669989525,"S001,S002,S009,S010,S012,S013,S014 / S003,S004,S005,S006,S007,S011,S015 / S008",6,5,4,6,6,6,5,6,2,3,2,0,2,2,3,0
clone-3-0195-preserve_ids,clone,preserve_ids,3,0.5465946466840972,7,70.00171833414923,"S001,S002,S009,S010,S012,S013 / S003,S004,S005,S006,S007,S011,S014,S015 / S008",6,6,4,6,6,6,5,7,2,4,2,0,2,2,3,1
clone-3-0196-preserve_ids,clone,preserve_ids,3,0.43452443878716535,7,70.00171833414923,"S001,S002,S009,S010,S012,S013 / S003,S004,S005,S006,S007,S011,S015 / S008,S014",6,5,4,6,5,6,5,7,2,3,2,0,1,2,3,1
clone-3-0197-preserve_ids,clone,preserve_ids,3,0.5478405342418928,6,69.57490669989524,"S001,S002,S009,S010,S013,S014 / S003,S004,S005,S006,S007,S011,S012,S015 / S008",6,6,4,6,6,6,5,6,2,4,2,0,2,2,3,0
clone-3-0198-preserve_ids,clone,preserve_ids,3,0.6011232912397108,7,70.00171833414923,"S001,S002,S009,S010,S013 / S003,S004,S005,S006,S007,S011,S012,S014,S015 / S008",6,5,4,6,6,6,5,7,2,3,2,0,2,2,3,1
clone-3-0199-preserve_ids,clone,preserve_ids,3,0.48806444086244893,7,70.00171833414922,"S001,S002,S009,S010,S013 / S003,S004,S005,S006,S007,S011,S012,S015 / S008,S014",6,5,4,6,5,6,5,7,2,3,2,0,1,2,3,1
clone-3-0200-preserve_ids,clone,preserve_ids,3,0.4324969565619236,7,70.29025841840823,"S001,S002,S009,S010,S013,S014 / S003,S004,S005,S006,S007,S011,S015 / S008,S012",6,5,4,6,6,6,6,7,2,3,2,0,2,2,4,1
clone-3-0201-preserve_ids,clone,preserve_ids,3,0.4848561485550852,8,70.71707005266221,"S001,S002,S009,S010,S013 / S003,S004,S005,S006,S007,S011,S014,S015 / S008,S012",6,5,4,6,6,6,6,8,2,3,2,0,2,2,4,2
clone-3-0202-preserve_ids,clone,preserve_ids,3,0.3719131052642996,8,70.71707005266221,"S001,S002,S009,S010,S013 / S003,S004,S005,S006,S007,S011,S015 / S008,S012,S014",6,4,4,6,5,6,6,8,2,2,2,0,1,2,4,2
clone-3-0203-preserve_ids,clone,preserve_ids,3,0.5395500125617373,7,70.00171833414923,"S001,S002,S009,S012,S013,S014 / S003,S004,S005,S006,S007,S010,S011,S015 / S008",6,4,4,6,6,6,5,7,2,2,2,0,2,2,3,1
clone-3-0204-preserve_ids,clone,preserve_ids,3,0.5893166304744899,6,69.57490669989525,"S001,S002,S009,S012,S013 / S003,S004,S005,S006,S007,S010,S011,S014,S015 / S008",6,5,4,6,6,6,5,6,2,3,2,0,2,2,3,0
clone-3-0205-preserve_ids,clone,preserve_ids,3,0.4761006414869772,7,70.00171833414923,"S001,S002,S009,S012,S013 / S003,S004,S005,S006,S007,S010,S011,S015 / S008,S014",6,4,4,6,5,6,5,7,2,2,2,0,1,2,3,1
clone-3-0206-preserve_ids,clone,preserve_ids,3,0.5909850504041873,7,70.00171833414923,"S001,S002,S009,S013,S014 / S003,S004,S005,S006,S007,S010,S011,S012,S015 / S008",6,5,4,6,6,6,5,7,2,3,2,0,2,2,3,1
clone-3-0207-preserve_ids,clone,preserve_ids,3,0.6571296604261793,6,69.57490669989525,"S001,S002,S009,S013 / S003,S004,S005,S006,S007,S010,S011,S012,S014,S015 / S008",6,4,4,6,6,6,5,6,2,2,2,0,2,2,3,0
clone-3-0208-preserve_ids,clone,preserve_ids,3,0.5459020310699122,7,70.00171833414923,"S001,S002,S009,S013 / S003,S004,S005,S006,S007,S010,S011,S012,S015 / S008,S014",6,4,4,6,5,6,5,7,2,2,2,0,1,2,3,1
clone-3-0209-preserve_ids,clone,preserve_ids,3,0.474570119363502,8,70.71707005266221,"S001,S002,S009,S013,S014 / S003,S004,S005,S006,S007,S010,S011,S015 / S008,S012",6,4,4,6,6,6,6,8,2,2,2,0,2,2,4,2
clone-3-0210-preserve_ids,clone,preserve_ids,3,0.5427566361153029,7,70.29025841840823,"S001,S002,S009,S013 / S003,S004,S005,S006,S007,S010,S011,S014,S015 / S008,S012",6,4,4,6,6,6,6,7,2,2,2,0,2,2,4,1
clone-3-0211-preserve_ids,clone,preserve_ids,3,0.4326090485343312,8,70.71707005266221,"S001,S002,S009,S013 / S003,S004,S005,S006,S007,S010,S011,S015 / S008,S012,S014",6,3,4,6,5,6,6,8,2,1,2,0,1,2,4,2
clone-3-0212-preserve_ids,clone,preserve_ids,3,0.44681719456976043,7,70.00171833414923,"S001,S002,S009,S012,S013,S014 / S003,S004,S005,S006,S007,S011,S015 / S008,S010",6,4,4,6,5,6,5,7,2,2,2,0,1,2,3,1
clone-3-0213-preserve_ids,clone,preserve_ids,3,0.49513374961978057,7,70.00171833414923,"S001,S002,S009,S012,S013 / S003,S004,S005,S006,S007,S011,S014,S015 / S008,S010",6,5,4,6,5,6,5,7,2,3,2,0,1,2,3,1
clone-3-0214-preserve_ids,clone,preserve_ids,3,0.38193096284697153,6,69.57490669989525,"S001,S002,S009,S012,S013 / S003,S004,S005,S006,S007,S011,S015 / S008,S010,S014",6,4,4,6,4,6,5,6,2,2,2,0,0,2,3,0
clone-3-0215-preserve_ids,clone,preserve_ids,3,0.49681366831401186,7,70.00171833414922,"S001,S002,S009,S013,S014 / S003,S004,S005,S006,S007,S011,S012,S015 / S008,S010",6,5,4,6,5,6,5,7,2,3,2,0,1,2,3,1
clone-3-0216-preserve_ids,clone,preserve_ids,3,0.5645456860034693,7,70.00171833414923,"S001,S002,S009,S013 / S003,S004,S005,S006,S007,S011,S012,S014,S015 / S008,S010",6,4,4,6,5,6,5,7,2,2,2,0,1,2,3,1
clone-3-0217-preserve_ids,clone,preserve_ids,3,0.4541338668253269,6,69.57490669989524,"S001,S002,S009,S013 / S003,S004,S005,S006,S007,S011,S012,S015 / S008,S010,S014",6,4,4,6,4,6,5,6,2,2,2,0,0,2,3,0
clone-3-0218-preserve_ids,clone,preserve_ids,3,0.3804196177721963,8,70.71707005266221,"S001,S002,S009,S013,S014 / S003,S004,S005,S006,S007,S011,S015 / S008,S010,S012",6,4,4,6,5,6,6,8,2,2,2,0,1,2,4,2
clone-3-0219-preserve_ids,clone,preserve_ids,3,0.4510199587505763,8,70.71707005266221,"S001,S002,S009,S013 / S003,S004,S005,S006,S007,S011,S014,S015 / S008,S010,S012",6,4,4,6,5,6,6,8,2,2,2,0,1,2,4,2
clone-3-0220-preserve_ids,clone,preserve_ids,3,0.3425214249008636,7,70.29025841840823,"S001,S002,S009,S013 / S003,S004,S005,S006,S007,S011,S015 / S008,S010,S012,S014",6,3,4,6,4,6,6,7,2,1,2,0,0,2,4,1
clone-3-0221-preserve_ids,clone,preserve_ids,3,0.5931975360840013,5,68.36776585048835,"S001,S002,S008,S009,S010,S012,S013,S014 / S003,S005,S006,S007,S011,S015 / S004",6,3,5,6,4,6,4,5,2,1,3,0,0,2,2,0
clone-3-0222-preserve_ids,clone,preserve_ids,3,0.5868943679559089,6,68.79457748474233,"S001,S002,S008,S009,S010,S012,S013 / S003,S005,S006,S007,S011,S014,S015 / S004",6,4,5,6,5,6,4,6,2,2,3,0,1,2,2,0
clone-3-0223-preserve_ids,clone,preserve_ids,3,0.4894439894452394,6,68.79457748474233,"S001,S002,S008,S009,S010,S012,S013 / S003,S005,S006,S007,S011,S015 / S004,S014",6,4,5,6,5,6,5,6,2,2,3,0,1,2,3,0
clone-3-0224-preserve_ids,clone,preserve_ids,3,0.5870334108869991,6,69.08311756900133,"S001,S002,S008,S009,S010,S013,S014 / S003,S005,S006,S007,S011,S012,S015 / S004",6,4,5,6,4,6,5,6,2,2,3,0,0,2,3,0
clone-3-0225-preserve_ids,clone,preserve_ids,3,0.6029478366592009,7,69.50992920325531,"S001,S002,S008,S009,S010,S013 / S003,S005,S006,S007,S011,S012,S014,S015 / S004",6,4,5,6,5,6,5,7,2,2,3,0,1,2,3,1
clone-3-0226-preserve_ids,clone,preserve_ids,3,0.4954476969788447,7,69.50992920325531,"S001,S002,S008,S009,S010,S013 / S003,S005,S006,S007,S011,S012,S015 / S004,S014",6,5,5,6,5,6,6,7,2,3,3,0,1,2,4,1
clone-3-0227-preserve_ids,clone,preserve_ids,3,0.4865603847823444,5,68.36776585048835,"S001,S002,S008,S009,S010,S013,S014 / S003,S005,S006,S007,S011,S015 / S004,S012",6,4,5,6,4,6,4,5,2,2,3,0,0,2,2,0
clone-3-0228-preserve_ids,clone,preserve_ids,3,0.4924335318780129,6,68.79457748474233,"S001,S002,S008,S009,S010,S013 / S003,S005,S006,S007,S011,S014,S015 / S004,S012",6,5,5,6,5,6,4,6,2,3,3,0,1,2,2,0
clone-3-0229-preserve_ids,clone,preserve_ids,3,0.38831597435546616,6,68.79457748474233,"S001,S002,S008,S009,S010,S013 / S003,S005,S006,S007,S011,S015 / S004,S012,S014",6,4,5,6,5,6,5,6,2,2,3,0,1,2,3,0
clone-3-0230-preserve_ids,clone,preserve_ids,3,0.5864315931056855,6,68.79457748474233,"S001,S002,S008,S009,S012,S013,S014 / S003,S005,S006,S007,S010,S011,S015 / S004",6,3,5,6,5,6,4,6,2,1,3,0,1,2,2,0
clone-3-0231-preserve_ids,clone,preserve_ids,3,0.5981636868056054,5,68.36776585048835,"S001,S002,S008,S009,S012,S013 / S003,S005,S006,S007,S010,S011,S014,S015 / S004",6,4,5,6,6,6,4,5,2,2,3,0,2,2,2,0
clone-3-0232-preserve_ids,clone,preserve_ids,3,0.49218102932711355,6,68.79457748474233,"S001,S002,S008,S009,S012,S013 / S003,S005,S006,S007,S010,S011,S015 / S004,S014",6,4,5,6,6,6,5,6,2,2,3,0,2,2,3,0
clone-3-0233-preserve_ids,clone,preserve_ids,3,0.5988060773279081,7,69.50992920325531,"S001,S002,S008,S009,S013,S014 / S003,S005,S006,S007,S010,S011,S012,S015 / S004",6,4,5,6,5,6,5,7,2,2,3,0,1,2,3,1
clone-3-0234-preserve_ids,clone,preserve_ids,3,0.6315399330029647,6,69.08311756900133,"S001,S002,S008,S009,S013 / S003,S005,S006,S007,S010,S011,S012,S014,S015 / S004",6,4,5,6,6,6,5,6,2,2,3,0,2,2,3,0
clone-3-0235-preserve_ids,clone,preserve_ids,3,0.5197085370069812,7,69.50992920325531,"S001,S002,S008,S009,S013 / S003,S005,S006,S007,S010,S011,S012,S015 / S004,S014",6,5,5,6,6,6,6,7,2,3,3,0,2,2,4,1
clone-3-0236-preserve_ids,clone,preserve_ids,3,0.48962291888893467,6,68.79457748474233,"S001,S002,S008,S009,S013,S014 / S003,S005,S006,S007,S010,S011,S015 / S004,S012",6,4,5,6,5,6,4,6,2,2,3,0,1,2,2,0
clone-3-0237-preserve_ids,clone,preserve_ids,3,0.5165428137897163,5,68.36776585048835,"S001,S002,S008,S009,S013 / S003,S005,S006,S007,S010,S011,S014,S015 / S004,S012",6,5,5,6,6,6,4,5,2,3,3,0,2,2,2,0
clone-3-0238-preserve_ids,clone,preserve_ids,3,0.4055205800578998,6,68.79457748474233,"S001,S002,S008,S009,S013 / S003,S005,S006,S007,S010,S011,S015 / S004,S012,S014",6,4,5,6,6,6,5,6,2,2,3,0,2,2,3,0
clone-3-0239-preserve_ids,clone,preserve_ids,3,0.5066029709499352,6,68.79457748474233,"S001,S002,S008,S009,S012,S013,S014 / S003,S005,S006,S007,S011,S015 / S004,S010",6,4,5,6,5,6,5,6,2,2,3,0,1,2,3,0
clone-3-0240-preserve_ids,clone,preserve_ids,3,0.509780641792742,6,68.79457748474233,"S001,S002,S008,S009,S012,S013 / S003,S005,S006,S007,S011,S014,S015 / S004,S010",6,5,5,6,6,6,5,6,2,3,3,0,2,2,3,0
clone-3-0241-preserve_ids,clone,preserve_ids,3,0.4070070916598493,5,68.36776585048835,"S001,S002,S008,S009,S012,S013 / S003,S005,S006,S007,S011,S015 / S004,S010,S014",6,5,5,6,6,6,5,5,2,3,3,0,2,2,3,0
clone-3-0242-preserve_ids,clone,preserve_ids,3,0.5102375691207287,7,69.50992920325531,"S001,S002,S008,S009,S013,S014 / S003,S005,S006,S007,S011,S012,S015 / S004,S010",6,5,5,6,5,6,6,7,2,3,3,0,1,2,4,1
clone-3-0243-preserve_ids,clone,preserve_ids,3,0.5384684720814207,7,69.50992920325531,"S001,S002,S008,S009,S013 / S003,S005,S006,S007,S011,S012,S014,S015 / S004,S010",6,5,5,6,6,6,6,7,2,3,3,0,2,2,4,1
clone-3-0244-preserve_ids,clone,preserve_ids,3,0.4272454474706706,6,69.08311756900133,"S001,S002,S008,S009,S013 / S003,S005,S006,S007,S011,S012,S015 / S004,S010,S014",6,6,5,6,6,6,6,6,2,4,3,0,2,2,4,0
clone-3-0245-preserve_ids,clone,preserve_ids,3,0.40428462445359475,6,68.79457748474233,"S001,S002,S008,S009,S013,S014 / S003,S005,S006,S007,S011,S015 / S004,S010,S012",6,5,5,6,5,6,5,6,2,3,3,0,1,2,3,0
clone-3-0246-preserve_ids,clone,preserve_ids,3,0.4241036230651399,6,68.79457748474233,"S001,S002,S008,S009,S013 / S003,S005,S006,S007,S011,S014,S015 / S004,S010,S012",6,6,5,6,6,6,5,6,2,4,3,0,2,2,3,0
clone-3-0247-preserve_ids,clone,preserve_ids,3,0.3143730999431131,5,68.36776585048835,"S001,S002,S008,S009,S013 / S003,S005,S006,S007,S011,S015 / S004,S010,S012,S014",6,5,5,6,6,6,5,5,2,3,3,0,2,2,3,0
clone-3-0248-preserve_ids,clone,preserve_ids,3,0.6039640627502354,5,68.36776585048835,"S001,S002,S009,S010,S012,S013,S014 / S003,S005,S006,S007,S008,S011,S015 / S004",6,4,5,6,6,6,4,5,2,2,3,0,2,2,2,0
clone-3-0249-preserve_ids,clone,preserve_ids,3,0.6405731557149728,6,68.79457748474233,"S001,S002,S009,S010,S012,S013 / S003,S005,S006,S007,S008,S011,S014,S015 / S004",6,4,5,6,5,6,4,6,2,2,3,0,1,2,2,0
clone-3-0250-preserve_ids,clone,preserve_ids,3,0.5281520039581675,6,68.79457748474233,"S001,S002,S009,S010,S012,S013 / S003,S005,S006,S007,S008,S011,S015 / S004,S014",6,5,5,6,6,6,5,6,2,3,3,0,2,2,3,0
clone-3-0251-preserve_ids,clone,preserve_ids,3,0.6418736367774532,6,69.08311756900133,"S001,S002,S009,S010,S013,S014 / S003,S005,S006,S007,S008,S011,S012,S015 / S004",6,4,5,6,6,6,5,6,2,2,3,0,2,2,3,0
clone-3-0252-preserve_ids,clone,preserve_ids,3,0.6956574805397645,7,69.50992920325531,"S001,S002,S009,S010,S013 / S003,S005,S006,S007,S008,S011,S012,S014,S015 / S004",6,3,5,6,5,6,5,7,2,1,3,0,1,2,3,1
clone-3-0253-preserve_ids,clone,preserve_ids,3,0.5825476879511643,7,69.50992920325531,"S001,S002,S009,S010,S013 / S003,S005,S006,S007,S008,S011,S012,S015 / S004,S014",6,4,5,6,6,6,6,7,2,2,3,0,2,2,4,1
clone-3-0254-preserve_ids,clone,preserve_ids,3,0.5261961746578058,5,68.36776585048835,"S001,S002,S009,S010,S013,S014 / S003,S005,S006,S007,S008,S011,S015 / S004,S012",6,5,5,6,6,6,4,5,2,3,3,0,2,2,2,0
clone-3-0255-preserve_ids,clone,preserve_ids,3,0.5793374542608579,6,68.79457748474233,"S001,S002,S009,S010,S013 / S003,S005,S006,S007,S008,S011,S014,S015 / S004,S012",6,4,5,6,5,6,4,6,2,2,3,0,1,2,2,0
clone-3-0256-preserve_ids,clone,preserve_ids,3,0.46629448884574687,6,68.79457748474233,"S001,S002,S009,S010,S013 / S003,S005,S006,S007,S008,S011,S015 / S004,S012,S014",6,4,5,6,6,6,5,6,2,2,3,0,2,2,3,0
clone-3-0257-preserve_ids,clone,preserve_ids,3,0.6331513422141292,6,68.79457748474233,"S001,S002,S009,S012,S013,S014 / S003,S005,S006,S007,S008,S010,S011,S015 / S004",6,3,5,6,5,6,4,6,2,1,3,0,1,2,2,0
clone-3-0258-preserve_ids,clone,preserve_ids,3,0.6839430541898851,5,68.36776585048835,"S001,S002,S009,S012,S013 / S003,S005,S006,S007,S008,S010,S011,S014,S015 / S004",6,3,5,6,4,6,4,5,2,1,3,0,0,2,2,0
clone-3-0259-preserve_ids,clone,preserve_ids,3,0.5707193904081886,6,68.79457748474233,"S001,S002,S009,S012,S013 / S003,S005,S006,S007,S008,S010,S011,S015 / S004,S014",6,4,5,6,5,6,5,6,2,2,3,0,1,2,3,0
clone-3-0260-preserve_ids,clone,preserve_ids,3,0.6856030883933992,7,69.50992920325531,"S001,S002,S009,S013,S014 / S003,S005,S006,S007,S008,S010,S011,S012,S015 / S004",6,3,5,6,5,6,5,7,2,1,3,0,1,2,3,1
clone-3-0261-preserve_ids,clone,preserve_ids,3,0.7505499716566195,6,69.08311756900133,"S001,S002,S009,S013 / S003,S005,S006,S007,S008,S010,S011,S012,S014,S015 / S004",6,2,5,6,4,6,5,6,2,0,3,0,0,2,3,0
clone-3-0262-preserve_ids,clone,preserve_ids,3,0.6388111522280928,7,69.50992920325531,"S001,S002,S009,S013 / S003,S005,S006,S007,S008,S010,S011,S012,S015 / S004,S014",6,3,5,6,5,6,6,7,2,1,3,0,1,2,4,1
clone-3-0263-preserve_ids,clone,preserve_ids,3,0.569176023180638,6,68.79457748474233,"S001,S002,S009,S013,S014 / S003,S005,S006,S007,S008,S010,S011,S015 / S004,S012",6,4,5,6,5,6,4,6,2,2,3,0,1,2,2,0
clone-3-0264-preserve_ids,clone,preserve_ids,3,0.6356468497104631,5,68.36776585048835,"S001,S002,S009,S013 / S003,S005,S006,S007,S008,S010,S011,S014,S015 / S004,S012",6,3,5,6,4,6,4,5,2,1,3,0,0,2,2,0
clone-3-0265-preserve_ids,clone,preserve_ids,3,0.5245736666248294,6,68.79457748474233,"S001,S002,S009,S013 / S003,S005,S006,S007,S008,S010,S011,S015 / S004,S012,S014",6,3,5,6,5,6,5,6,2,1,3,0,1,2,3,0
clone-3-0266-preserve_ids,clone,preserve_ids,3,0.5399819540425973,6,68.79457748474233,"S001,S002,S009,S012,S013,S014 / S003,S005,S006,S007,S008,S011,S015 / S004,S010",6,4,5,6,6,6,5,6,2,2,3,0,2,2,3,0
clone-3-0267-preserve_ids,clone,preserve_ids,3,0.5897541349321879,6,68.79457748474233,"S001,S002,S009,S012,S013 / S003,S005,S006,S007,S008,S011,S014,S015 / S004,S010",6,4,5,6,5,6,5,6,2,2,3,0,1,2,3,0
clone-3-0268-preserve_ids,clone,preserve_ids,3,0.47653810066046765,5,68.36776585048835,"S001,S002,S009,S012,S013 / S003,S005,S006,S007,S008,S011,S015 / S004,S010,S014",6,5,5,6,6,6,5,5,2,3,3,0,2,2,3,0
clone-3-0269-preserve_ids,clone,preserve_ids,3,0.5914225099480408,7,69.50992920325531,"S001,S002,S009,S013,S014 / S003,S005,S006,S007,S008,S011,S012,S015 / S004,S010",6,4,5,6,6,6,6,7,2,2,3,0,2,2,4,1
clone-3-0270-preserve_ids,clone,preserve_ids,3,0.6575607957925582,7,69.50992920325531,"S001,S002,S009,S013 / S003,S005,S006,S007,S008,S011,S012,S014,S015 / S004,S010",6,3,5,6,5,6,6,7,2,1,3,0,1,2,4,1
clone-3-0271-preserve_ids,clone,preserve_ids,3,0.5463302379685202,6,69.08311756900133,"S001,S002,S009,S013 / S003,S005,S006,S007,S008,S011,S012,S015 / S004,S010,S014",6,4,5,6,6,6,6,6,2,2,3,0,2,2,4,0
clone-3-0272-preserve_ids,clone,preserve_ids,3,0.4750075073020104,6,68.79457748474233,"S001,S002,S009,S013,S014 / S003,S005,S006,S007,S008,S011,S015 / S004,S010,S012",6,5,5,6,6,6,5,6,2,3,3,0,2,2,3,0
clone-3-0273-preserve_ids,clone,preserve_ids,3,0.543184732781856,6,68.79457748474233,"S001,S002,S009,S013 / S003,S005,S006,S007,S008,S011,S014,S015 / S004,S010,S012",6,4,5,6,5,6,5,6,2,2,3,0,1,2,3,0
clone-3-0274-preserve_ids,clone,preserve_ids,3,0.4330316023050099,5,68.36776585048835,"S001,S002,S009,S013 / S003,S005,S006,S007,S008,S011,S015 / S004,S010,S012,S014",6,4,5,6,6,6,5,5,2,2,3,0,2,2,3,0
clone-3-0275-preserve_ids,clone,preserve_ids,3,0.38474238572246666,6,69.57490669989525,"S001,S002,S009,S010,S012,S013,S014 / S003,S005,S006,S007,S011,S015 / S004,S008",6,5,5,6,6,6,5,6,2,3,3,0,2,2,3,0
clone-3-0276-preserve_ids,clone,preserve_ids,3,0.4087642766888606,7,70.00171833414923,"S001,S002,S009,S010,S012,S013 / S003,S005,S006,S007,S011,S014,S015 / S004,S008",6,6,5,6,6,6,5,7,2,4,3,0,2,2,3,1
clone-3-0277-preserve_ids,clone,preserve_ids,3,0.29782293693735146,7,70.00171833414923,"S001,S002,S009,S010,S012,S013 / S003,S005,S006,S007,S011,S015 / S004,S008,S014",6,5,5,6,5,6,5,7,2,3,3,0,1,2,3,1
clone-3-0278-preserve_ids,clone,preserve_ids,3,0.4098826002164941,7,70.29025841840823,"S001,S002,S009,S010,S013,S014 / S003,S005,S006,S007,S011,S012,S015 / S004,S008",6,6,5,6,6,6,6,7,2,4,3,0,2,2,4,1
clone-3-0279-preserve_ids,clone,preserve_ids,3,0.4619972536692581,8,70.71707005266221,"S001,S002,S009,S010,S013 / S003,S005,S006,S007,S011,S012,S014,S015 / S004,S008",6,5,5,6,6,6,6,8,2,3,3,0,2,2,4,2
clone-3-0280-preserve_ids,clone,preserve_ids,3,0.34908972673352023,8,70.71707005266221,"S001,S002,S009,S010,S013 / S003,S005,S006,S007,S011,S012,S015 / S004,S008,S014",6,5,5,6,5,6,6,8,2,3,3,0,1,2,4,2
clone-3-0281-preserve_ids,clone,preserve_ids,3,0.29561573437399724,6,69.57490669989525,"S001,S002,S009,S010,S013,S014 / S003,S005,S006,S007,S011,S015 / S004,S008,S012",6,5,5,6,6,6,5,6,2,3,3,0,2,2,3,0
clone-3-0282-preserve_ids,clone,preserve_ids,3,0.34588767814292687,7,70.00171833414923,"S001,S002,S009,S010,S013 / S003,S005,S006,S007,S011,S014,S015 / S004,S008,S012",6,5,5,6,6,6,5,7,2,3,3,0,2,2,3,1
clone-3-0283-preserve_ids,clone,preserve_ids,3,0.23331662331733333,7,70.00171833414923,"S001,S002,S009,S010,S013 / S003,S005,S006,S007,S011,S015 / S004,S008,S012,S014",6,4,5,6,5,6,5,7,2,2,3,0,1,2,3,1
clone-3-0284-preserve_ids,clone,preserve_ids,3,0.40260410850670403,7,70.00171833414923,"S001,S002,S009,S012,S013,S014 / S003,S005,S006,S007,S010,S011,S015 / S004,S008",6,4,5,6,6,6,5,7,2,2,3,0,2,2,3,1
clone-3-0285-preserve_ids,clone,preserve_ids,3,0.44998633224820994,6,69.57490669989525,"S001,S002,S009,S012,S013 / S003,S005,S006,S007,S010,S011,S014,S015 / S004,S008",6,5,5,6,6,6,5,6,2,3,3,0,2,2,3,0
clone-3-0286-preserve_ids,clone,preserve_ids,3,0.33679358193132997,7,70.00171833414923,"S001,S002,S009,S012,S013 / S003,S005,S006,S007,S010,S011,S015 / S004,S008,S014",6,4,5,6,5,6,5,7,2,2,3,0,1,2,3,1
clone-3-0287-preserve_ids,clone,preserve_ids,3,0.45167345167296147,8,70.71707005266221,"S001,S002,S009,S013,S014 / S003,S005,S006,S007,S010,S011,S012,S015 / S004,S008",6,5,5,6,6,6,6,8,2,3,3,0,2,2,4,2
clone-3-0288-preserve_ids,clone,preserve_ids,3,0.5203678736067744,7,70.29025841840823,"S001,S002,S009,S013 / S003,S005,S006,S007,S010,S011,S012,S014,S015 / S004,S008",6,4,5,6,6,6,6,7,2,2,3,0,2,2,4,1
clone-3-0289-preserve_ids,clone,preserve_ids,3,0.4105323964632996,8,70.71707005266221,"S001,S002,S009,S013 / S003,S005,S006,S007,S010,S011,S012,S015 / S004,S008,S014",6,4,5,6,5,6,6,8,2,2,3,0,1,2,4,2
clone-3-0290-preserve_ids,clone,preserve_ids,3,0.33529528077498405,7,70.00171833414923,"S001,S002,S009,S013,S014 / S003,S005,S006,S007,S010,S011,S015 / S004,S008,S012",6,4,5,6,6,6,5,7,2,2,3,0,2,2,3,1
clone-3-0291-preserve_ids,clone,preserve_ids,3,0.407441590034411,6,69.57490669989525,"S001,S002,S009,S013 / S003,S005,S006,S007,S010,S011,S014,S015 / S004,S008,S012",6,4,5,6,6,6,5,6,2,2,3,0,2,2,3,0
clone-3-0292-preserve_ids,clone,preserve_ids,3,0.3002315104478264,7,70.00171833414923,"S001,S002,S009,S013 / S003,S005,S006,S007,S010,S011,S015 / S004,S008,S012,S014",6,3,5,6,5,6,5,7,2,1,3,0,1,2,3,1
clone-3-0293-preserve_ids,clone,preserve_ids,3,0.3112543866486497,7,70.00171833414923,"S001,S002,S009,S012,S013,S014 / S003,S005,S006,S007,S011,S015 / S004,S008,S010",6,4,5,6,5,6,5,7,2,2,3,0,1,2,3,1
clone-3-0294-preserve_ids,clone,preserve_ids,3,0.3558214074260603,7,70.00171833414923,"S001,S002,S009,S012,S013 / S003,S005,S006,S007,S011,S014,S015 / S004,S008,S010",6,5,5,6,5,6,5,7,2,3,3,0,1,2,3,1
clone-3-0295-preserve_ids,clone,preserve_ids,3,0.242666833540902,6,69.57490669989525,"S001,S002,S009,S012,S013 / S003,S005,S006,S007,S011,S015 / S004,S008,S010,S014",6,4,5,6,4,6,5,6,2,2,3,0,0,2,3,0
clone-3-0296-preserve_ids,clone,preserve_ids,3,0.35752934688257576,8,70.71707005266221,"S001,S002,S009,S013,S014 / S003,S005,S006,S007,S011,S012,S015 / S004,S008,S010",6,5,5,6,5,6,6,8,2,3,3,0,1,2,4,2
clone-3-0297-preserve_ids,clone,preserve_ids,3,0.4288741080656034,8,70.71707005266221,"S001,S002,S009,S013 / S003,S005,S006,S007,S011,S012,S014,S015 / S004,S008,S010",6,4,5,6,5,6,6,8,2,2,3,0,1,2,4,2
clone-3-0298-preserve_ids,clone,preserve_ids,3,0.320972313028861,7,70.29025841840823,"S001,S002,S009,S013 / S003,S005,S006,S007,S011,S012,S015 / S004,S008,S010,S014",6,4,5,6,4,6,6,7,2,2,3,0,0,2,4,1
clone-3-0299-preserve_ids,clone,preserve_ids,3,0.2412116257914606,7,70.00171833414923,"S001,S002,S009,S013,S014 / S003,S005,S006,S007,S011,S015 / S004,S008,S010,S012",6,4,5,6,5,6,5,7,2,2,3,0,1,2,3,1
clone-3-0300-preserve_ids,clone,preserve_ids,3,0.31796339749674035,7,70.00171833414923,"S001,S002,S009,S013 / S003,S005,S006,S007,S011,S014,S015 / S004,S008,S010,S012",6,4,5,6,5,6,5,7,2,2,3,0,1,2,3,1
clone-3-0301-preserve_ids,clone,preserve_ids,3,0.21579419181676499,6,69.57490669989525,"S001,S002,S009,S013 / S003,S005,S006,S007,S011,S015 / S004,S008,S010,S012,S014",6,3,5,6,4,6,5,6,2,1,3,0,0,2,3,0
clone-3-0302-preserve_ids,clone,preserve_ids,3,0.9087734522050217,6,68.79457748474233,"S001,S003,S004,S005,S006,S007,S008,S010,S011,S012,S015 / S002,S009,S013 / S014",6,3,3,6,5,4,5,6,2,1,1,0,1,0,3,0
clone-3-0303-preserve_ids,clone,preserve_ids,3,0.8260330490742815,6,68.79457748474233,"S001,S003,S004,S005,S006,S007,S008,S010,S011,S015 / S002,S009,S012,S013 / S014",6,4,3,6,5,4,5,6,2,2,1,0,1,0,3,0
clone-3-0304-preserve_ids,clone,preserve_ids,3,0.9057151596039074,6,69.08311756900135,"S001,S003,S004,S005,S006,S007,S008,S010,S011,S014,S015 / S002,S009,S013 / S012",6,3,3,6,4,4,5,6,2,1,1,0,0,0,3,0
clone-3-0305-preserve_ids,clone,preserve_ids,3,0.825071932643786,7,69.50992920325531,"S001,S003,S004,S005,S006,S007,S008,S010,S011,S015 / S002,S009,S013,S014 / S012",6,4,3,6,5,4,5,7,2,2,1,0,1,0,3,1
clone-3-0306-preserve_ids,clone,preserve_ids,3,0.7987689632398737,7,69.50992920325531,"S001,S003,S004,S005,S006,S007,S008,S010,S011,S015 / S002,S009,S013 / S012,S014",6,3,3,6,5,4,6,7,2,1,1,0,1,0,4,1
clone-3-0307-preserve_ids,clone,preserve_ids,3,0.8412266370411436,6,68.79457748474233,"S001,S003,S004,S005,S006,S007,S008,S011,S012,S015 / S002,S009,S010,S013 / S014",6,4,3,6,6,4,5,6,2,2,1,0,2,0,3,0
clone-3-0308-preserve_ids,clone,preserve_ids,3,0.7655491243341239,6,68.79457748474233,"S001,S003,S004,S005,S006,S007,S008,S011,S015 / S002,S009,S010,S012,S013 / S014",6,5,3,6,6,4,5,6,2,3,1,0,2,0,3,0
clone-3-0309-preserve_ids,clone,preserve_ids,3,0.8381025388385377,7,69.50992920325531,"S001,S003,S004,S005,S006,S007,S008,S011,S014,S015 / S002,S009,S010,S013 / S012",6,4,3,6,5,4,5,7,2,2,1,0,1,0,3,1
clone-3-0310-preserve_ids,clone,preserve_ids,3,0.7643138817305295,6,69.08311756900133,"S001,S003,S004,S005,S006,S007,S008,S011,S015 / S002,S009,S010,S013,S014 / S012",6,5,3,6,6,4,5,6,2,3,1,0,2,0,3,0
clone-3-0311-preserve_ids,clone,preserve_ids,3,0.728557356805665,7,69.50992920325531,"S001,S003,S004,S005,S006,S007,S008,S011,S015 / S002,S009,S010,S013 / S012,S014",6,4,3,6,6,4,6,7,2,2,1,0,2,0,4,1
clone-3-0312-preserve_ids,clone,preserve_ids,3,0.9269069553760146,6,68.79457748474233,"S001,S003,S004,S005,S006,S007,S008,S011,S012,S014,S015 / S002,S009,S013 / S010",6,3,3,6,5,4,5,6,2,1,1,0,1,0,3,0
clone-3-0313-preserve_ids,clone,preserve_ids,3,0.8467940746826598,6,68.79457748474233,"S001,S003,S004,S005,S006,S007,S008,S011,S012,S015 / S002,S009,S013,S014 / S010",6,4,3,6,6,4,5,6,2,2,1,0,2,0,3,0
clone-3-0314-preserve_ids,clone,preserve_ids,3,0.8196513434439185,5,68.36776585048835,"S001,S003,S004,S005,S006,S007,S008,S011,S012,S015 / S002,S009,S013 / S010,S014",6,4,3,6,6,4,5,5,2,2,1,0,2,0,3,0
clone-3-0315-preserve_ids,clone,preserve_ids,3,0.8446305226453249,6,68.79457748474233,"S001,S003,S004,S005,S006,S007,S008,S011,S014,S015 / S002,S009,S012,S013 / S010",6,4,3,6,5,4,5,6,2,2,1,0,1,0,3,0
clone-3-0316-preserve_ids,clone,preserve_ids,3,0.7730980576159107,6,68.79457748474233,"S001,S003,S004,S005,S006,S007,S008,S011,S015 / S002,S009,S012,S013,S014 / S010",6,4,3,6,6,4,5,6,2,2,1,0,2,0,3,0
clone-3-0317-preserve_ids,clone,preserve_ids,3,0.7343436754171558,5,68.36776585048835,"S001,S003,S004,S005,S006,S007,S008,S011,S015 / S002,S009,S012,S013 / S010,S014",6,5,3,6,6,4,5,5,2,3,1,0,2,0,3,0
clone-3-0318-preserve_ids,clone,preserve_ids,3,0.8166301386710038,7,69.50992920325533,"S001,S003,S004,S005,S006,S007,S008,S011,S014,S015 / S002,S009,S013 / S010,S012",6,4,3,6,5,4,6,7,2,2,1,0,1,0,4,1
clone-3-0319-preserve_ids,clone,preserve_ids,3,0.7334688659616894,7,69.50992920325531,"S001,S003,S004,S005,S006,S007,S008,S011,S015 / S002,S009,S013,S014 / S010,S012",6,5,3,6,6,4,6,7,2,3,1,0,2,0,4,1
clone-3-0320-preserve_ids,clone,preserve_ids,3,0.7112895262710962,6,69.08311756900133,"S001,S003,S004,S005,S006,S007,S008,S011,S015 / S002,S009,S013 / S010,S012,S014",6,4,3,6,6,4,6,6,2,2,1,0,2,0,4,0
clone-3-0321-preserve_ids,clone,preserve_ids,3,0.751634050831115,6,68.79457748474233,"S001,S003,S004,S005,S006,S007,S010,S011,S012,S015 / S002,S008,S009,S013 / S014",6,5,3,6,6,4,5,6,2,3,1,0,2,0,3,0
clone-3-0322-preserve_ids,clone,preserve_ids,3,0.6898691360785479,6,68.79457748474233,"S001,S003,S004,S005,S006,S007,S010,S011,S015 / S002,S008,S009,S012,S013 / S014",6,4,3,6,6,4,5,6,2,2,1,0,2,0,3,0
clone-3-0323-preserve_ids,clone,preserve_ids,3,0.7484362330729973,6,69.08311756900133,"S001,S003,S004,S005,S006,S007,S010,S011,S014,S015 / S002,S008,S009,S013 / S012",6,5,3,6,6,4,5,6,2,3,1,0,2,0,3,0
clone-3-0324-preserve_ids,clone,preserve_ids,3,0.688171661058018,7,69.50992920325531,"S001,S003,S004,S005,S006,S007,S010,S011,S015 / S002,S008,S009,S013,S014 / S012",6,4,3,6,5,4,5,7,2,2,1,0,1,0,3,1
clone-3-0325-preserve_ids,clone,preserve_ids,3,0.6358997951554833,7,69.50992920325531,"S001,S003,S004,S005,S006,S007,S010,S011,S015 / S002,S008,S009,S013 / S012,S014",6,4,3,6,6,4,6,7,2,2,1,0,2,0,4,1
clone-3-0326-preserve_ids,clone,preserve_ids,3,0.7005969956266951,6,68.79457748474233,"S001,S003,S004,S005,S006,S007,S011,S012,S015 / S002,S008,S009,S010,S013 / S014",6,5,3,6,5,4,5,6,2,3,1,0,1,0,3,0
clone-3-0327-preserve_ids,clone,preserve_ids,3,0.6509559316858495,6,68.79457748474233,"S001,S003,S004,S005,S006,S007,S011,S015 / S002,S008,S009,S010,S012,S013 / S014",6,4,3,6,5,4,5,6,2,2,1,0,1,0,3,0
clone-3-0328-preserve_ids,clone,preserve_ids,3,0.6973822816255157,7,69.50992920325531,"S001,S003,S004,S005,S006,S007,S011,S014,S015 / S002,S008,S009,S010,S013 / S012",6,5,3,6,5,4,5,7,2,3,1,0,1,0,3,1
clone-3-0329-preserve_ids,clone,preserve_ids,3,0.6489234063664447,6,69.08311756900133,"S001,S003,S004,S005,S006,S007,S011,S015 / S002,S008,S009,S010,S013,S014 / S012",6,4,3,6,4,4,5,6,2,2,1,0,0,0,3,0
clone-3-0330-preserve_ids,clone,preserve_ids,3,0.5841419788686488,7,69.50992920325531,"S001,S003,S004,S005,S006,S007,S011,S015 / S002,S008,S009,S010,S013 / S012,S014",6,4,3,6,5,4,6,7,2,2,1,0,1,0,4,1
clone-3-0331-preserve_ids,clone,preserve_ids,3,0.7705750339168767,6,68.79457748474233,"S001,S003,S004,S005,S006,S007,S011,S012,S014,S015 / S002,S008,S009,S013 / S010",6,5,3,6,6,4,5,6,2,3,1,0,2,0,3,0
clone-3-0332-preserve_ids,clone,preserve_ids,3,0.7104148649175756,6,68.79457748474233,"S001,S003,S004,S005,S006,S007,S011,S012,S015 / S002,S008,S009,S013,S014 / S010",6,5,3,6,5,4,5,6,2,3,1,0,1,0,3,0
clone-3-0333-preserve_ids,clone,preserve_ids,3,0.657995100273778,5,68.36776585048834,"S001,S003,S004,S005,S006,S007,S011,S012,S015 / S002,S008,S009,S013 / S010,S014",6,6,3,6,6,4,5,5,2,4,1,0,2,0,3,0
clone-3-0334-preserve_ids,clone,preserve_ids,3,0.7088965838331615,6,68.79457748474233,"S001,S003,S004,S005,S006,S007,S011,S014,S015 / S002,S008,S009,S012,S013 / S010",6,5,3,6,6,4,5,6,2,3,1,0,2,0,3,0
clone-3-0335-preserve_ids,clone,preserve_ids,3,0.6631847026902372,6,68.79457748474233,"S001,S003,S004,S005,S006,S007,S011,S015 / S002,S008,S009,S012,S013,S014 / S010",6,4,3,6,5,4,5,6,2,2,1,0,1,0,3,0
clone-3-0336-preserve_ids,clone,preserve_ids,3,0.5957299124726786,5,68.36776585048835,"S001,S003,S004,S005,S006,S007,S011,S015 / S002,S008,S009,S012,S013 / S010,S014",6,5,3,6,6,4,5,5,2,3,1,0,2,0,3,0
clone-3-0337-preserve_ids,clone,preserve_ids,3,0.6548024864527546,7,69.50992920325531,"S001,S003,S004,S005,S006,S007,S011,S014,S015 / S002,S008,S009,S013 / S010,S012",6,6,3,6,6,4,6,7,2,4,1,0,2,0,4,1
clone-3-0338-preserve_ids,clone,preserve_ids,3,0.5940183386231831,7,69.50992920325531,"S001,S003,S004,S005,S006,S007,S011,S015 / S002,S008,S009,S013,S014 / S010,S012",6,5,3,6,5,4,6,7,2,3,1,0,1,0,4,1
clone-3-0339-preserve_ids,clone,preserve_ids,3,0.5425072822231641,6,69.08311756900133,"S001,S003,S004,S005,S006,S007,S011,S015 / S002,S008,S009,S013 / S010,S012,S014",6,5,3,6,6,4,6,6,2,3,1,0,2,0,4,0
clone-3-0340-preserve_ids,clone,preserve_ids,3,0.7947360980048941,6,69.57490669989525,"S001,S003,S004,S005,S006,S007,S010,S011,S012,S014,S015 / S002,S009,S013 / S008",6,4,3,6,6,4,5,6,2,2,1,0,2,0,3,0
clone-3-0341-preserve_ids,clone,preserve_ids,3,0.7108733814256282,7,70.00171833414923,"S001,S003,S004,S005,S006,S007,S010,S011,S012,S015 / S002,S009,S013,S014 / S008",6,5,3,6,6,4,5,7,2,3,1,0,2,0,3,1
clone-3-0342-preserve_ids,clone,preserve_ids,3,0.6898846876583783,7,70.00171833414923,"S001,S003,S004,S005,S006,S007,S010,S011,S012,S015 / S002,S009,S013 / S008,S014",6,4,3,6,5,4,5,7,2,2,1,0,1,0,3,1
clone-3-0343-preserve_ids,clone,preserve_ids,3,0.7086119651499089,6,69.57490669989525,"S001,S003,S004,S005,S006,S007,S010,S011,S014,S015 / S002,S009,S012,S013 / S008",6,5,3,6,6,4,5,6,2,3,1,0,2,0,3,0
clone-3-0344-preserve_ids,clone,preserve_ids,3,0.6342259865483502,7,70.00171833414923,"S001,S003,S004,S005,S006,S007,S010,S011,S015 / S002,S009,S012,S013,S014 / S008",6,4,3,6,6,4,5,7,2,2,1,0,2,0,3,1
clone-3-0345-preserve_ids,clone,preserve_ids,3,0.5997119532768581,7,70.00171833414923,"S001,S003,S004,S005,S006,S007,S010,S011,S015 / S002,S009,S012,S013 / S008,S014",6,4,3,6,5,4,5,7,2,2,1,0,1,0,3,1
clone-3-0346-preserve_ids,clone,preserve_ids,3,0.6869470260341866,7,70.29025841840823,"S001,S003,S004,S005,S006,S007,S010,S011,S014,S015 / S002,S009,S013 / S008,S012",6,4,3,6,6,4,6,7,2,2,1,0,2,0,4,1
clone-3-0347-preserve_ids,clone,preserve_ids,3,0.5990156996947162,8,70.71707005266221,"S001,S003,S004,S005,S006,S007,S010,S011,S015 / S002,S009,S013,S014 / S008,S012",6,4,3,6,6,4,6,8,2,2,1,0,2,0,4,2
clone-3-0348-preserve_ids,clone,preserve_ids,3,0.5853271045174804,8,70.71707005266221,"S001,S003,S004,S005,S006,S007,S010,S011,S015 / S002,S009,S013 / S008,S012,S014",6,3,3,6,5,4,6,8,2,1,1,0,1,0,4,2
clone-3-0349-preserve_ids,clone,preserve_ids,3,0.7244136600704056,7,70.00171833414923,"S001,S003,S004,S005,S006,S007,S011,S012,S014,S015 / S002,S009,S010,S013 / S008",6,5,3,6,6,4,5,7,2,3,1,0,2,0,3,1
clone-3-0350-preserve_ids,clone,preserve_ids,3,0.6479558243755739,6,69.57490669989524,"S001,S003,S004,S005,S006,S007,S011,S012,S015 / S002,S009,S010,S013,S014 / S008",6,6,3,6,6,4,5,6,2,4,1,0,2,0,3,0
clone-3-0351-preserve_ids,clone,preserve_ids,3,0.6162618095737703,7,70.00171833414922,"S001,S003,S004,S005,S006,S007,S011,S012,S015 / S002,S009,S010,S013 / S008,S014",6,5,3,6,5,4,5,7,2,3,1,0,1,0,3,1
clone-3-0352-preserve_ids,clone,preserve_ids,3,0.6459430305754853,7,70.00171833414923,"S001,S003,S004,S005,S006,S007,S011,S014,S015 / S002,S009,S010,S012,S013 / S008",6,6,3,6,6,4,5,7,2,4,1,0,2,0,3,1
clone-3-0353-preserve_ids,clone,preserve_ids,3,0.581970947820268,6,69.57490669989525,"S001,S003,S004,S005,S006,S007,S011,S015 / S002,S009,S010,S012,S013,S014 / S008",6,5,3,6,6,4,5,6,2,3,1,0,2,0,3,0
clone-3-0354-preserve_ids,clone,preserve_ids,3,0.5342601976075462,7,70.00171833414923,"S001,S003,S004,S005,S006,S007,S011,S015 / S002,S009,S010,S012,S013 / S008,S014",6,5,3,6,5,4,5,7,2,3,1,0,1,0,3,1
clone-3-0355-preserve_ids,clone,preserve_ids,3,0.6132183950985204,8,70.71707005266221,"S001,S003,S004,S005,S006,S007,S011,S014,S015 / S002,S009,S010,S013 / S008,S012",6,5,3,6,6,4,6,8,2,3,1,0,2,0,4,2
clone-3-0356-preserve_ids,clone,preserve_ids,3,0.5331946103337022,7,70.29025841840823,"S001,S003,S004,S005,S006,S007,S011,S015 / S002,S009,S010,S013,S014 / S008,S012",6,5,3,6,6,4,6,7,2,3,1,0,2,0,4,1
clone-3-0357-preserve_ids,clone,preserve_ids,3,0.5073622503122323,8,70.71707005266221,"S001,S003,S004,S005,S006,S007,S011,S015 / S002,S009,S010,S013 / S008,S012,S014",6,4,3,6,5,4,6,8,2,2,1,0,1,0,4,2
clone-3-0358-preserve_ids,clone,preserve_ids,3,0.7073314914720726,7,70.00171833414923,"S001,S003,S004,S005,S006,S007,S011,S012,S014,S015 / S002,S009,S013 / S008,S010",6,4,3,6,5,4,5,7,2,2,1,0,1,0,3,1
clone-3-0359-preserve_ids,clone,preserve_ids,3,0.6202591297390566,7,70.00171833414923,"S001,S003,S004,S005,S006,S007,S011,S012,S015 / S002,S009,S013,S014 / S008,S010",6,5,3,6,5,4,5,7,2,3,1,0,1,0,3,1
clone-3-0360-preserve_ids,clone,preserve_ids,3,0.6049705415305168,6,69.57490669989525,"S001,S003,S004,S005,S006,S007,S011,S012,S015 / S002,S009,S013 / S008,S010,S014",6,4,3,6,4,4,5,6,2,2,1,0,0,0,3,0
clone-3-0361-preserve_ids,clone,preserve_ids,3,0.6179111494342151,7,70.00171833414923,"S001,S003,S004,S005,S006,S007,S011,S014,S015 / S002,S009,S012,S013 / S008,S010",6,5,3,6,5,4,5,7,2,3,1,0,1,0,3,1
clone-3-0362-preserve_ids,clone,preserve_ids,3,0.5409195168449816,7,70.00171833414923,"S001,S003,S004,S005,S006,S007,S011,S015 / S002,S009,S012,S013,S014 / S008,S010",6,4,3,6,5,4,5,7,2,2,1,0,1,0,3,1
clone-3-0363-preserve_ids,clone,preserve_ids,3,0.5105622379718344,6,69.57490669989525,"S001,S003,S004,S005,S006,S007,S011,S015 / S002,S009,S012,S013 / S008,S010,S014",6,4,3,6,4,4,5,6,2,2,1,0,0,0,3,0
clone-3-0364-preserve_ids,clone,preserve_ids,3,0.6021215708676659,8,70.71707005266221,"S001,S003,S004,S005,S006,S007,S011,S014,S015 / S002,S009,S013 / S008,S010,S012",6,4,3,6,5,4,6,8,2,2,1,0,1,0,4,2
clone-3-0365-preserve_ids,clone,preserve_ids,3,0.5100412025089405,8,70.71707005266221,"S001,S003,S004,S005,S006,S007,S011,S015 / S002,S009,S013,S014 / S008,S010,S012",6,4,3,6,5,4,6,8,2,2,1,0,1,0,4,2
clone-3-0366-preserve_ids,clone,preserve_ids,3,0.5045771391055247,7,70.29025841840823,"S001,S003,S004,S005,S006,S007,S011,S015 / S002,S009,S013 / S008,S010,S012,S014",6,3,3,6,4,4,6,7,2,1,1,0,0,0,4,1
clone-3-0367-preserve_ids,clone,preserve_ids,3,0.8107333351908887,6,68.79457748474233,"S001,S003,S005,S006,S007,S008,S010,S011,S012,S015 / S002,S004,S009,S013 / S014",6,3,4,6,5,4,5,6,2,1,2,0,1,0,3,0
clone-3-0368-preserve_ids,clone,preserve_ids,3,0.7390605533326908,5,68.07922576622936,"S001,S003,S005,S006,S007,S008,S010,S011,S015 / S002,S004,S009,S012,S013 / S014",6,4,4,6,5,4,4,5,2,2,2,0,1,0,2,0
clone-3-0369-preserve_ids,clone,preserve_ids,3,0.8075811629829557,5,68.36776585048835,"S001,S003,S005,S006,S007,S008,S010,S011,S014,S015 / S002,S004,S009,S013 / S012",6,3,4,6,4,4,4,5,2,1,2,0,0,0,2,0
clone-3-0370-preserve_ids,clone,preserve_ids,3,0.7376825646947054,6,68.79457748474233,"S001,S003,S005,S006,S007,S008,S010,S011,S015 / S002,S004,S009,S013,S014 / S012",6,4,4,6,5,4,4,6,2,2,2,0,1,0,2,0
clone-3-0371-preserve_ids,clone,preserve_ids,3,0.6969085198062882,6,68.79457748474233,"S001,S003,S005,S006,S007,S008,S010,S011,S015 / S002,S004,S009,S013 / S012,S014",6,3,4,6,5,4,5,6,2,1,2,0,1,0,3,0
clone-3-0372-preserve_ids,clone,preserve_ids,3,0.7518905797643631,6,68.79457748474233,"S001,S003,S005,S006,S007,S008,S011,S012,S015 / S002,S004,S009,S010,S013 / S014",6,4,4,6,6,4,5,6,2,2,2,0,2,0,3,0
clone-3-0373-preserve_ids,clone,preserve_ids,3,0.6900747791449426,5,68.07922576622936,"S001,S003,S005,S006,S007,S008,S011,S015 / S002,S004,S009,S010,S012,S013 / S014",6,5,4,6,6,4,4,5,2,3,2,0,2,0,2,0
clone-3-0374-preserve_ids,clone,preserve_ids,3,0.748692918218079,6,68.79457748474233,"S001,S003,S005,S006,S007,S008,S011,S014,S015 / S002,S004,S009,S010,S013 / S012",6,4,4,6,5,4,4,6,2,2,2,0,1,0,2,0
clone-3-0375-preserve_ids,clone,preserve_ids,3,0.6883788330111006,5,68.36776585048835,"S001,S003,S005,S006,S007,S008,S011,S015 / S002,S004,S009,S010,S013,S014 / S012",6,5,4,6,6,4,4,5,2,3,2,0,2,0,2,0
clone-3-0376-preserve_ids,clone,preserve_ids,3,0.6361629399868204,6,68.79457748474233,"S001,S003,S005,S006,S007,S008,S011,S015 / S002,S004,S009,S010,S013 / S012,S014",6,4,4,6,6,4,5,6,2,2,2,0,2,0,3,0
clone-3-0377-preserve_ids,clone,preserve_ids,3,0.8294109543909399,6,68.79457748474233,"S001,S003,S005,S006,S007,S008,S011,S012,S014,S015 / S002,S004,S009,S013 / S010",6,3,4,6,5,4,5,6,2,1,2,0,1,0,3,0
clone-3-0378-preserve_ids,clone,preserve_ids,3,0.7598623033197217,6,68.79457748474233,"S001,S003,S005,S006,S007,S008,S011,S012,S015 / S002,S004,S009,S013,S014 / S010",6,4,4,6,6,4,5,6,2,2,2,0,2,0,3,0
clone-3-0379-preserve_ids,clone,preserve_ids,3,0.7185934845400382,5,68.36776585048835,"S001,S003,S005,S006,S007,S008,S011,S012,S015 / S002,S004,S009,S013 / S010,S014",6,4,4,6,6,4,5,5,2,2,2,0,2,0,3,0
clone-3-0380-preserve_ids,clone,preserve_ids,3,0.7580417515518064,5,68.07922576622936,"S001,S003,S005,S006,S007,S008,S011,S014,S015 / S002,S004,S009,S012,S013 / S010",6,4,4,6,5,4,4,5,2,2,2,0,1,0,2,0
clone-3-0381-preserve_ids,clone,preserve_ids,3,0.7003368273556261,5,68.07922576622936,"S001,S003,S005,S006,S007,S008,S011,S015 / S002,S004,S009,S012,S013,S014 / S010",6,4,4,6,6,4,4,5,2,2,2,0,2,0,2,0
clone-3-0382-preserve_ids,clone,preserve_ids,3,0.6451894720246993,4,67.65241413197538,"S001,S003,S005,S006,S007,S008,S011,S015 / S002,S004,S009,S012,S013 / S010,S014",6,5,4,6,6,4,4,4,2,3,2,0,2,0,2,0
clone-3-0383-preserve_ids,clone,preserve_ids,3,0.7154586540892905,6,68.79457748474233,"S001,S003,S005,S006,S007,S008,S011,S014,S015 / S002,S004,S009,S013 / S010,S012",6,4,4,6,5,4,5,6,2,2,2,0,1,0,3,0
clone-3-0384-preserve_ids,clone,preserve_ids,3,0.6438457636810211,6,68.79457748474233,"S001,S003,S005,S006,S007,S008,S011,S015 / S002,S004,S009,S013,S014 / S010,S012",6,5,4,6,6,4,5,6,2,3,2,0,2,0,3,0
clone-3-0385-preserve_ids,clone,preserve_ids,3,0.6055669545005853,5,68.36776585048835,"S001,S003,S005,S006,S007,S008,S011,S015 / S002,S004,S009,S013 / S010,S012,S014",6,4,4,6,6,4,5,5,2,2,2,0,2,0,3,0
clone-3-0386-preserve_ids,clone,preserve_ids,3,0.6794104622401972,6,68.79457748474233,"S001,S003,S005,S006,S007,S010,S011,S012,S015 / S002,S004,S008,S009,S013 / S014",6,5,4,6,6,4,5,6,2,3,2,0,2,0,3,0
clone-3-0387-preserve_ids,clone,preserve_ids,3,0.6364155911971113,5,68.07922576622936,"S001,S003,S005,S006,S007,S010,S011,S015 / S002,S004,S008,S009,S012,S013 / S014",6,4,4,6,6,4,4,5,2,2,2,0,2,0,2,0
clone-3-0388-preserve_ids,clone,preserve_ids,3,0.6762023779317904,5,68.36776585048835,"S001,S003,S005,S006,S007,S010,S011,S014,S015 / S002,S004,S008,S009,S013 / S012",6,5,4,6,6,4,4,5,2,3,2,0,2,0,2,0
clone-3-0389-preserve_ids,clone,preserve_ids,3,0.6342220303465463,6,68.79457748474233,"S001,S003,S005,S006,S007,S010,S011,S015 / S002,S004,S008,S009,S013,S014 / S012",6,4,4,6,5,4,4,6,2,2,2,0,1,0,2,0
clone-3-0390-preserve_ids,clone,preserve_ids,3,0.5632438675188685,6,68.79457748474233,"S001,S003,S005,S006,S007,S010,S011,S015 / S002,S004,S008,S009,S013 / S012,S014",6,4,4,6,6,4,5,6,2,2,2,0,2,0,3,0
clone-3-0391-preserve_ids,clone,preserve_ids,3,0.643225322750533,6,68.79457748474233,"S001,S003,S005,S006,S007,S011,S012,S015 / S002,S004,S008,S009,S010,S013 / S014",6,5,4,6,5,4,5,6,2,3,2,0,1,0,3,0
clone-3-0392-preserve_ids,clone,preserve_ids,3,0.6157165261024979,5,68.07922576622936,"S001,S003,S005,S006,S007,S011,S015 / S002,S004,S008,S009,S010,S012,S013 / S014",6,4,4,6,5,4,4,5,2,2,2,0,1,0,2,0
clone-3-0393-preserve_ids,clone,preserve_ids,3,0.640072451667035,6,68.79457748474233,"S001,S003,S005,S006,S007,S011,S014,S015 / S002,S004,S008,S009,S010,S013 / S012",6,5,4,6,5,4,4,6,2,3,2,0,1,0,2,0
clone-3-0394-preserve_ids,clone,preserve_ids,3,0.6132020643617427,5,68.36776585048835,"S001,S003,S005,S006,S007,S011,S015 / S002,S004,S008,S009,S010,S013,S014 / S012",6,4,4,6,4,4,4,5,2,2,2,0,0,0,2,0
clone-3-0395-preserve_ids,clone,preserve_ids,3,0.5294854030180026,6,68.79457748474233,"S001,S003,S005,S006,S007,S011,S015 / S002,S004,S008,S009,S010,S013 / S012,S014",6,4,4,6,5,4,5,6,2,2,2,0,1,0,3,0
clone-3-0396-preserve_ids,clone,preserve_ids,3,0.6984106146893747,6,68.79457748474233,"S001,S003,S005,S006,S007,S011,S012,S014,S015 / S002,S004,S008,S009,S013 / S010",6,5,4,6,6,4,5,6,2,3,2,0,2,0,3,0
clone-3-0397-preserve_ids,clone,preserve_ids,3,0.6559308438090755,6,68.79457748474233,"S001,S003,S005,S006,S007,S011,S012,S015 / S002,S004,S008,S009,S013,S014 / S010",6,5,4,6,5,4,5,6,2,3,2,0,1,0,3,0
clone-3-0398-preserve_ids,clone,preserve_ids,3,0.5854325748314753,5,68.36776585048835,"S001,S003,S005,S006,S007,S011,S012,S015 / S002,S004,S008,S009,S013 / S010,S014",6,6,4,6,6,4,5,5,2,4,2,0,2,0,3,0
clone-3-0399-preserve_ids,clone,preserve_ids,3,0.6549705492291088,5,68.07922576622936,"S001,S003,S005,S006,S007,S011,S014,S015 / S002,S004,S008,S009,S012,S013 / S010",6,5,4,6,6,4,4,5,2,3,2,0,2,0,2,0
clone-3-0400-preserve_ids,clone,preserve_ids,3,0.6307380529339629,5,68.07922576622936,"S001,S003,S005,S006,S007,S011,S015 / S002,S004,S008,S009,S012,S013,S014 / S010",6,4,4,6,5,4,4,5,2,2,2,0,1,0,2,0
clone-3-0401-preserve_ids,clone,preserve_ids,3,0.5450948782336671,4,67.65241413197538,"S001,S003,S005,S006,S007,S011,S015 / S002,S004,S008,S009,S012,S013 / S010,S014",6,5,4,6,6,4,4,4,2,3,2,0,2,0,2,0
clone-3-0402-preserve_ids,clone,preserve_ids,3,0.582226824412689,6,68.79457748474233,"S001,S003,S005,S006,S007,S011,S014,S015 / S002,S004,S008,S009,S013 / S010,S012",6,6,4,6,6,4,5,6,2,4,2,0,2,0,3,0
clone-3-0403-preserve_ids,clone,preserve_ids,3,0.5428112500409835,6,68.79457748474233,"S001,S003,S005,S006,S007,S011,S015 / S002,S004,S008,S009,S013,S014 / S010,S012",6,5,4,6,5,4,5,6,2,3,2,0,1,0,3,0
clone-3-0404-preserve_ids,clone,preserve_ids,3,0.4693806279991275,5,68.36776585048835,"S001,S003,S005,S006,S007,S011,S015 / S002,S004,S008,S009,S013 / S010,S012,S014",6,5,4,6,6,4,5,5,2,3,2,0,2,0,3,0
clone-3-0405-preserve_ids,clone,preserve_ids,3,0.6927158964483244,6,69.57490669989525,"S001,S003,S005,S006,S007,S010,S011,S012,S014,S015 / S002,S004,S009,S013 / S008",6,4,4,6,6,4,5,6,2,2,2,0,2,0,3,0
clone-3-0406-preserve_ids,clone,preserve_ids,3,0.6206088138989825,7,70.00171833414923,"S001,S003,S005,S006,S007,S010,S011,S012,S015 / S002,S004,S009,S013,S014 / S008",6,5,4,6,6,4,5,7,2,3,2,0,2,0,3,1
clone-3-0407-preserve_ids,clone,preserve_ids,3,0.5830720143004434,7,70.00171833414923,"S001,S003,S005,S006,S007,S010,S011,S012,S015 / S002,S004,S009,S013 / S008,S014",6,4,4,6,5,4,5,7,2,2,2,0,1,0,3,1
clone-3-0408-preserve_ids,clone,preserve_ids,3,0.6187417190121709,5,68.85955498138227,"S001,S003,S005,S006,S007,S010,S011,S014,S015 / S002,S004,S009,S012,S013 / S008",6,5,4,6,6,4,4,5,2,3,2,0,2,0,2,0
clone-3-0409-preserve_ids,clone,preserve_ids,3,0.5608185869380425,6,69.28636661563625,"S001,S003,S005,S006,S007,S010,S011,S015 / S002,S004,S009,S012,S013,S014 / S008",6,4,4,6,6,4,4,6,2,2,2,0,2,0,2,0
clone-3-0410-preserve_ids,clone,preserve_ids,3,0.5061097395529769,6,69.28636661563625,"S001,S003,S005,S006,S007,S010,S011,S015 / S002,S004,S009,S012,S013 / S008,S014",6,4,4,6,5,4,4,6,2,2,2,0,1,0,2,0
clone-3-0411-preserve_ids,clone,preserve_ids,3,0.5799796024719786,6,69.57490669989525,"S001,S003,S005,S006,S007,S010,S011,S014,S015 / S002,S004,S009,S013 / S008,S012",6,4,4,6,6,4,5,6,2,2,2,0,2,0,3,0
clone-3-0412-preserve_ids,clone,preserve_ids,3,0.5048409838122551,7,70.00171833414923,"S001,S003,S005,S006,S007,S010,S011,S015 / S002,S004,S009,S013,S014 / S008,S012",6,4,4,6,6,4,5,7,2,2,2,0,2,0,3,1
clone-3-0413-preserve_ids,clone,preserve_ids,3,0.47209128975641496,7,70.00171833414923,"S001,S003,S005,S006,S007,S010,S011,S015 / S002,S004,S009,S013 / S008,S012,S014",6,3,4,6,5,4,5,7,2,1,2,0,1,0,3,1
clone-3-0414-preserve_ids,clone,preserve_ids,3,0.6318883084299718,7,70.00171833414923,"S001,S003,S005,S006,S007,S011,S012,S014,S015 / S002,S004,S009,S010,S013 / S008",6,5,4,6,6,4,5,7,2,3,2,0,2,0,3,1
clone-3-0415-preserve_ids,clone,preserve_ids,3,0.5708930911524098,6,69.57490669989525,"S001,S003,S005,S006,S007,S011,S012,S015 / S002,S004,S009,S010,S013,S014 / S008",6,6,4,6,6,4,5,6,2,4,2,0,2,0,3,0
clone-3-0416-preserve_ids,clone,preserve_ids,3,0.5196811957803986,7,70.00171833414923,"S001,S003,S005,S006,S007,S011,S012,S015 / S002,S004,S009,S010,S013 / S008,S014",6,5,4,6,5,4,5,7,2,3,2,0,1,0,3,1
clone-3-0417-preserve_ids,clone,preserve_ids,3,0.5693949702581608,6,69.28636661563624,"S001,S003,S005,S006,S007,S011,S014,S015 / S002,S004,S009,S010,S012,S013 / S008",6,6,4,6,6,4,4,6,2,4,2,0,2,0,2,0
clone-3-0418-preserve_ids,clone,preserve_ids,3,0.5265196152685148,5,68.85955498138227,"S001,S003,S005,S006,S007,S011,S015 / S002,S004,S009,S010,S012,S013,S014 / S008",6,5,4,6,6,4,4,5,2,3,2,0,2,0,2,0
clone-3-0419-preserve_ids,clone,preserve_ids,3,0.45627232660837636,6,69.28636661563625,"S001,S003,S005,S006,S007,S011,S015 / S002,S004,S009,S010,S012,S013 / S008,S014",6,5,4,6,5,4,4,6,2,3,2,0,1,0,2,0
clone-3-0420-preserve_ids,clone,preserve_ids,3,0.5165024283653221,7,70.00171833414923,"S001,S003,S005,S006,S007,S011,S014,S015 / S002,S004,S009,S010,S013 / S008,S012",6,5,4,6,6,4,5,7,2,3,2,0,2,0,3,1
clone-3-0421-preserve_ids,clone,preserve_ids,3,0.45453155958460406,6,69.57490669989525,"S001,S003,S005,S006,S007,S011,S015 / S002,S004,S009,S010,S013,S014 / S008,S012",6,5,4,6,6,4,5,6,2,3,2,0,2,0,3,0
clone-3-0422-preserve_ids,clone,preserve_ids,3,0.40489091782439257,7,70.00171833414923,"S001,S003,S005,S006,S007,S011,S015 / S002,S004,S009,S010,S013 / S008,S012,S014",6,4,4,6,5,4,5,7,2,2,2,0,1,0,3,1
clone-3-0423-preserve_ids,clone,preserve_ids,3,0.6014121751387581,7,70.00171833414923,"S001,S003,S005,S006,S007,S011,S012,S014,S015 / S002,S004,S009,S013 / S008,S010",6,4,4,6,5,4,5,7,2,2,2,0,1,0,3,1
clone-3-0424-preserve_ids,clone,preserve_ids,3,0.52693893512542,7,70.00171833414923,"S001,S003,S005,S006,S007,S011,S012,S015 / S002,S004,S009,S013,S014 / S008,S010",6,5,4,6,5,4,5,7,2,3,2,0,1,0,3,1
clone-3-0425-preserve_ids,clone,preserve_ids,3,0.4931027941225535,6,69.57490669989525,"S001,S003,S005,S006,S007,S011,S012,S015 / S002,S004,S009,S013 / S008,S010,S014",6,4,4,6,4,4,5,6,2,2,2,0,0,0,3,0
clone-3-0426-preserve_ids,clone,preserve_ids,3,0.5250271461024638,6,69.28636661563625,"S001,S003,S005,S006,S007,S011,S014,S015 / S002,S004,S009,S012,S013 / S008,S010",6,5,4,6,5,4,4,6,2,3,2,0,1,0,2,0
clone-3-0427-preserve_ids,clone,preserve_ids,3,0.46690226707805527,6,69.28636661563625,"S001,S003,S005,S006,S007,S011,S015 / S002,S004,S009,S012,S013,S014 / S008,S010",6,4,4,6,5,4,4,6,2,2,2,0,1,0,2,0
clone-3-0428-preserve_ids,clone,preserve_ids,3,0.4126685816329009,5,68.85955498138227,"S001,S003,S005,S006,S007,S011,S015 / S002,S004,S009,S012,S013 / S008,S010,S014",6,4,4,6,4,4,4,5,2,2,2,0,0,0,2,0
clone-3-0429-preserve_ids,clone,preserve_ids,3,0.49006063570475744,7,70.00171833414923,"S001,S003,S005,S006,S007,S011,S014,S015 / S002,S004,S009,S013 / S008,S010,S012",6,4,4,6,5,4,5,7,2,2,2,0,1,0,3,1
clone-3-0430-preserve_ids,clone,preserve_ids,3,0.4114797158662934,7,70.00171833414923,"S001,S003,S005,S006,S007,S011,S015 / S002,S004,S009,S013,S014 / S008,S010,S012",6,4,4,6,5,4,5,7,2,2,2,0,1,0,3,1
clone-3-0431-preserve_ids,clone,preserve_ids,3,0.38469387016930545,6,69.57490669989525,"S001,S003,S005,S006,S007,S011,S015 / S002,S004,S009,S013 / S008,S010,S012,S014",6,3,4,6,4,4,5,6,2,1,2,0,0,0,3,0
clone-3-0432-preserve_ids,clone,preserve_ids,3,0.8839546654245234,6,69.08311756900135,"S001,S003,S005,S006,S007,S008,S010,S011,S012,S014,S015 / S002,S009,S013 / S004",6,2,4,6,4,4,5,6,2,0,2,0,0,0,3,0
clone-3-0433-preserve_ids,clone,preserve_ids,3,0.8027413936907974,7,69.50992920325531,"S001,S003,S005,S006,S007,S008,S010,S011,S012,S015 / S002,S009,S013,S014 / S004",6,3,4,6,5,4,5,7,2,1,2,0,1,0,3,1
clone-3-0434-preserve_ids,clone,preserve_ids,3,0.7773519528900897,7,69.50992920325531,"S001,S003,S005,S006,S007,S008,S010,S011,S012,S015 / S002,S009,S013 / S004,S014",6,3,4,6,5,4,6,7,2,1,2,0,1,0,4,1
clone-3-0435-preserve_ids,clone,preserve_ids,3,0.8005494633601394,5,68.36776585048835,"S001,S003,S005,S006,S007,S008,S010,S011,S014,S015 / S002,S009,S012,S013 / S004",6,3,4,6,4,4,4,5,2,1,2,0,0,0,2,0
clone-3-0436-preserve_ids,clone,preserve_ids,3,0.7281988216258115,6,68.79457748474233,"S001,S003,S005,S006,S007,S008,S010,S011,S015 / S002,S009,S012,S013,S014 / S004",6,3,4,6,5,4,4,6,2,1,2,0,1,0,2,0
clone-3-0437-preserve_ids,clone,preserve_ids,3,0.6906285140207705,6,68.79457748474233,"S001,S003,S005,S006,S007,S008,S010,S011,S015 / S002,S009,S012,S013 / S004,S014",6,4,4,6,5,4,5,6,2,2,2,0,1,0,3,0
clone-3-0438-preserve_ids,clone,preserve_ids,3,0.7743532035115889,5,68.36776585048835,"S001,S003,S005,S006,S007,S008,S010,S011,S014,S015 / S002,S009,S013 / S004,S012",6,3,4,6,4,4,4,5,2,1,2,0,0,0,2,0
clone-3-0439-preserve_ids,clone,preserve_ids,3,0.6898035019942984,6,68.79457748474233,"S001,S003,S005,S006,S007,S008,S010,S011,S015 / S002,S009,S013,S014 / S004,S012",6,4,4,6,5,4,4,6,2,2,2,0,1,0,2,0
clone-3-0440-preserve_ids,clone,preserve_ids,3,0.6699994610722203,6,68.79457748474233,"S001,S003,S005,S006,S007,S008,S010,S011,S015 / S002,S009,S013 / S004,S012,S014",6,3,4,6,5,4,5,6,2,1,2,0,1,0,3,0
clone-3-0441-preserve_ids,clone,preserve_ids,3,0.8158613764411707,7,69.50992920325531,"S001,S003,S005,S006,S007,S008,S011,S012,S014,S015 / S002,S009,S010,S013 / S004",6,3,4,6,5,4,5,7,2,1,2,0,1,0,3,1
clone-3-0442-preserve_ids,clone,preserve_ids,3,0.7416089135693494,6,69.08311756900133,"S001,S003,S005,S006,S007,S008,S011,S012,S015 / S002,S009,S010,S013,S014 / S004",6,4,4,6,6,4,5,6,2,2,2,0,2,0,3,0
clone-3-0443-preserve_ids,clone,preserve_ids,3,0.7065394850635172,7,69.50992920325531,"S001,S003,S005,S006,S007,S008,S011,S012,S015 / S002,S009,S010,S013 / S004,S014",6,4,4,6,6,4,6,7,2,2,2,0,2,0,4,1
clone-3-0444-preserve_ids,clone,preserve_ids,3,0.7396453031688757,6,68.79457748474233,"S001,S003,S005,S006,S007,S008,S011,S014,S015 / S002,S009,S010,S012,S013 / S004",6,4,4,6,5,4,4,6,2,2,2,0,1,0,2,0
clone-3-0445-preserve_ids,clone,preserve_ids,3,0.6766131505734702,5,68.36776585048835,"S001,S003,S005,S006,S007,S008,S011,S015 / S002,S009,S010,S012,S013,S014 / S004",6,4,4,6,6,4,4,5,2,2,2,0,2,0,2,0
clone-3-0446-preserve_ids,clone,preserve_ids,3,0.6275599778835418,6,68.79457748474233,"S001,S003,S005,S006,S007,S008,S011,S015 / S002,S009,S010,S012,S013 / S004,S014",6,5,4,6,6,4,5,6,2,3,2,0,2,0,3,0
clone-3-0447-preserve_ids,clone,preserve_ids,3,0.7034541327739824,6,68.79457748474233,"S001,S003,S005,S006,S007,S008,S011,S014,S015 / S002,S009,S010,S013 / S004,S012",6,4,4,6,5,4,4,6,2,2,2,0,1,0,2,0
clone-3-0448-preserve_ids,clone,preserve_ids,3,0.6264102529412334,5,68.36776585048835,"S001,S003,S005,S006,S007,S008,S011,S015 / S002,S009,S010,S013,S014 / S004,S012",6,5,4,6,6,4,4,5,2,3,2,0,2,0,2,0
clone-3-0449-preserve_ids,clone,preserve_ids,3,0.5956443244204417,6,68.79457748474233,"S001,S003,S005,S006,S007,S008,S011,S015 / S002,S009,S010,S013 / S004,S012,S014",6,4,4,6,6,4,5,6,2,2,2,0,2,0,3,0
clone-3-0450-preserve_ids,clone,preserve_ids,3,0.7951457244544118,7,69.50992920325533,"S001,S003,S005,S006,S007,S008,S011,S012,S014,S015 / S002,S009,S013 / S004,S010",6,3,4,6,5,4,6,7,2,1,2,0,1,0,4,1
clone-3-0451-preserve_ids,clone,preserve_ids,3,0.7112964698254006,7,69.50992920325531,"S001,S003,S005,S006,S007,S008,S011,S012,S015 / S002,S009,S013,S014 / S004,S010",6,4,4,6,6,4,6,7,2,2,2,0,2,0,4,1
clone-3-0452-preserve_ids,clone,preserve_ids,3,0.6902847468636062,6,69.08311756900133,"S001,S003,S005,S006,S007,S008,S011,S012,S015 / S002,S009,S013 / S004,S010,S014",6,4,4,6,6,4,6,6,2,2,2,0,2,0,4,0
clone-3-0453-preserve_ids,clone,preserve_ids,3,0.7090354109379816,6,68.79457748474233,"S001,S003,S005,S006,S007,S008,S011,S014,S015 / S002,S009,S012,S013 / S004,S010",6,4,4,6,5,4,5,6,2,2,2,0,1,0,3,0
clone-3-0454-preserve_ids,clone,preserve_ids,3,0.6346600229603947,6,68.79457748474233,"S001,S003,S005,S006,S007,S008,S011,S015 / S002,S009,S012,S013,S014 / S004,S010",6,4,4,6,6,4,5,6,2,2,2,0,2,0,3,0
clone-3-0455-preserve_ids,clone,preserve_ids,3,0.6001296656177639,5,68.36776585048835,"S001,S003,S005,S006,S007,S008,S011,S015 / S002,S009,S012,S013 / S004,S010,S014",6,5,4,6,6,4,5,5,2,3,2,0,2,0,3,0
clone-3-0456-preserve_ids,clone,preserve_ids,3,0.6873467484115134,6,68.79457748474233,"S001,S003,S005,S006,S007,S008,S011,S014,S015 / S002,S009,S013 / S004,S010,S012",6,4,4,6,5,4,5,6,2,2,2,0,1,0,3,0
clone-3-0457-preserve_ids,clone,preserve_ids,3,0.599432723811356,6,68.79457748474233,"S001,S003,S005,S006,S007,S008,S011,S015 / S002,S009,S013,S014 / S004,S010,S012",6,5,4,6,6,4,5,6,2,3,2,0,2,0,3,0
clone-3-0458-preserve_ids,clone,preserve_ids,3,0.5857115733007606,5,68.36776585048835,"S001,S003,S005,S006,S007,S008,S011,S015 / S002,S009,S013 / S004,S010,S012,S014",6,4,4,6,6,4,5,5,2,2,2,0,2,0,3,0
clone-3-0459-preserve_ids,clone,preserve_ids,3,0.7256537049422349,6,69.08311756900133,"S001,S003,S005,S006,S007,S010,S011,S012,S014,S015 / S002,S008,S009,S013 / S004",6,4,4,6,6,4,5,6,2,2,2,0,2,0,3,0
clone-3-0460-preserve_ids,clone,preserve_ids,3,0.6652750487744806,7,69.50992920325531,"S001,S003,S005,S006,S007,S010,S011,S012,S015 / S002,S008,S009,S013,S014 / S004",6,4,4,6,5,4,5,7,2,2,2,0,1,0,3,1
clone-3-0461-preserve_ids,clone,preserve_ids,3,0.6131666623651058,7,69.50992920325531,"S001,S003,S005,S006,S007,S010,S011,S012,S015 / S002,S008,S009,S013 / S004,S014",6,5,4,6,6,4,6,7,2,3,2,0,2,0,4,1
clone-3-0462-preserve_ids,clone,preserve_ids,3,0.6637628794015734,5,68.36776585048835,"S001,S003,S005,S006,S007,S010,S011,S014,S015 / S002,S008,S009,S012,S013 / S004",6,4,4,6,6,4,4,5,2,2,2,0,2,0,2,0
clone-3-0463-preserve_ids,clone,preserve_ids,3,0.618849688542471,6,68.79457748474233,"S001,S003,S005,S006,S007,S010,S011,S015 / S002,S008,S009,S012,S013,S014 / S004",6,3,4,6,5,4,4,6,2,1,2,0,1,0,2,0
clone-3-0464-preserve_ids,clone,preserve_ids,3,0.5506081268625758,6,68.79457748474233,"S001,S003,S005,S006,S007,S010,S011,S015 / S002,S008,S009,S012,S013 / S004,S014",6,4,4,6,6,4,5,6,2,2,2,0,2,0,3,0
clone-3-0465-preserve_ids,clone,preserve_ids,3,0.6099774312764332,5,68.36776585048835,"S001,S003,S005,S006,S007,S010,S011,S014,S015 / S002,S008,S009,S013 / S004,S012",6,5,4,6,6,4,4,5,2,3,2,0,2,0,2,0
clone-3-0466-preserve_ids,clone,preserve_ids,3,0.5488881039412007,6,68.79457748474233,"S001,S003,S005,S006,S007,S010,S011,S015 / S002,S008,S009,S013,S014 / S004,S012",6,4,4,6,5,4,4,6,2,2,2,0,1,0,2,0
clone-3-0467-preserve_ids,clone,preserve_ids,3,0.4978440608446762,6,68.79457748474233,"S001,S003,S005,S006,S007,S010,S011,S015 / S002,S008,S009,S013 / S004,S012,S014",6,4,4,6,6,4,5,6,2,2,2,0,2,0,3,0
clone-3-0468-preserve_ids,clone,preserve_ids,3,0.6744750336495292,7,69.50992920325531,"S001,S003,S005,S006,S007,S011,S012,S014,S015 / S002,S008,S009,S010,S013 / S004",6,4,4,6,5,4,5,7,2,2,2,0,1,0,3,1
clone-3-0469-preserve_ids,clone,preserve_ids,3,0.6263148270160905,6,69.08311756900133,"S001,S003,S005,S006,S007,S011,S012,S015 / S002,S008,S009,S010,S013,S014 / S004",6,4,4,6,4,4,5,6,2,2,2,0,0,0,3,0
clone-3-0470-preserve_ids,clone,preserve_ids,3,0.5612349575758697,7,69.50992920325531,"S001,S003,S005,S006,S007,S011,S012,S015 / S002,S008,S009,S010,S013 / S004,S014",6,5,4,6,5,4,6,7,2,3,2,0,1,0,4,1
clone-3-0471-preserve_ids,clone,preserve_ids,3,0.6251929524254726,6,68.79457748474233,"S001,S003,S005,S006,S007,S011,S014,S015 / S002,S008,S009,S010,S012,S013 / S004",6,4,4,6,5,4,4,6,2,2,2,0,1,0,2,0
clone-3-0472-preserve_ids,clone,preserve_ids,3,0.5954797269414731,5,68.36776585048835,"S001,S003,S005,S006,S007,S011,S015 / S002,S008,S009,S010,S012,S013,S014 / S004",6,3,4,6,4,4,4,5,2,1,2,0,0,0,2,0
clone-3-0473-preserve_ids,clone,preserve_ids,3,0.5139284262494234,6,68.79457748474233,"S001,S003,S005,S006,S007,S011,S015 / S002,S008,S009,S010,S012,S013 / S004,S014",6,4,4,6,5,4,5,6,2,2,2,0,1,0,3,0
clone-3-0474-preserve_ids,clone,preserve_ids,3,0.5580202830293647,6,68.79457748474233,"S001,S003,S005,S006,S007,S011,S014,S015 / S002,S008,S009,S010,S013 / S004,S012",6,5,4,6,5,4,4,6,2,3,2,0,1,0,2,0
clone-3-0475-preserve_ids,clone,preserve_ids,3,0.5117894300900608,5,68.36776585048835,"S001,S003,S005,S006,S007,S011,S015 / S002,S008,S009,S010,S013,S014 / S004,S012",6,4,4,6,4,4,4,5,2,2,2,0,0,0,2,0
clone-3-0476-preserve_ids,clone,preserve_ids,3,0.4447818889893982,6,68.79457748474233,"S001,S003,S005,S006,S007,S011,S015 / S002,S008,S009,S010,S013 / S004,S012,S014",6,4,4,6,5,4,5,6,2,2,2,0,1,0,3,0
clone-3-0477-preserve_ids,clone,preserve_ids,3,0.6320592063465754,7,69.50992920325531,"S001,S003,S005,S006,S007,S011,S012,S014,S015 / S002,S008,S009,S013 / S004,S010",6,5,4,6,6,4,6,7,2,3,2,0,2,0,4,1
clone-3-0478-preserve_ids,clone,preserve_ids,3,0.5711256268125615,7,69.50992920325531,"S001,S003,S005,S006,S007,S011,S012,S015 / S002,S008,S009,S013,S014 / S004,S010",6,5,4,6,5,4,6,7,2,3,2,0,1,0,4,1
clone-3-0479-preserve_ids,clone,preserve_ids,3,0.5198413192169324,6,69.08311756900133,"S001,S003,S005,S006,S007,S011,S012,S015 / S002,S008,S009,S013 / S004,S010,S014",6,6,4,6,6,4,6,6,2,4,2,0,2,0,4,0
clone-3-0480-preserve_ids,clone,preserve_ids,3,0.5696293522879358,6,68.79457748474233,"S001,S003,S005,S006,S007,S011,S014,S015 / S002,S008,S009,S012,S013 / S004,S010",6,5,4,6,6,4,5,6,2,3,2,0,2,0,3,0
clone-3-0481-preserve_ids,clone,preserve_ids,3,0.5268201079825088,6,68.79457748474233,"S001,S003,S005,S006,S007,S011,S015 / S002,S008,S009,S012,S013,S014 / S004,S010",6,4,4,6,5,4,5,6,2,2,2,0,1,0,3,0
clone-3-0482-preserve_ids,clone,preserve_ids,3,0.45651051333105824,5,68.36776585048835,"S001,S003,S005,S006,S007,S011,S015 / S002,S008,S009,S012,S013 / S004,S010,S014",6,5,4,6,6,4,5,5,2,3,2,0,2,0,3,0
clone-3-0483-preserve_ids,clone,preserve_ids,3,0.5166621755736881,6,68.79457748474233,"S001,S003,S005,S006,S007,S011,S014,S015 / S002,S008,S009,S013 / S004,S010,S012",6,6,4,6,6,4,5,6,2,4,2,0,2,0,3,0
clone-3-0484-preserve_ids,clone,preserve_ids,3,0.4547675646956259,6,68.79457748474233,"S001,S003,S005,S006,S007,S011,S015 / S002,S008,S009,S013,S014 / S004,S010,S012",6,5,4,6,5,4,5,6,2,3,2,0,1,0,3,0
clone-3-0485-preserve_ids,clone,preserve_ids,3,0.4050335127102753,5,68.36776585048835,"S001,S003,S005,S006,S007,S011,S015 / S002,S008,S009,S013 / S004,S010,S012,S014",6,5,4,6,6,4,5,5,2,3,2,0,2,0,3,0
clone-3-0486-preserve_ids,clone,preserve_ids,3,0.6660880763289131,7,70.29025841840823,"S001,S003,S005,S006,S007,S010,S011,S012,S014,S015 / S002,S009,S013 / S004,S008",6,4,4,6,6,4,6,7,2,2,2,0,2,0,4,1
clone-3-0487-preserve_ids,clone,preserve_ids,3,0.5772270508645024,8,70.71707005266221,"S001,S003,S005,S006,S007,S010,S011,S012,S015 / S002,S009,S013,S014 / S004,S008",6,5,4,6,6,4,6,8,2,3,2,0,2,0,4,2
clone-3-0488-preserve_ids,clone,preserve_ids,3,0.5653080841191285,8,70.71707005266221,"S001,S003,S005,S006,S007,S010,S011,S012,S015 / S002,S009,S013 / S004,S008,S014",6,4,4,6,5,4,6,8,2,2,2,0,1,0,4,2
clone-3-0489-preserve_ids,clone,preserve_ids,3,0.5748295852644527,6,69.57490669989525,"S001,S003,S005,S006,S007,S010,S011,S014,S015 / S002,S009,S012,S013 / S004,S008",6,5,4,6,6,4,5,6,2,3,2,0,2,0,3,0
clone-3-0490-preserve_ids,clone,preserve_ids,3,0.4963093600060673,7,70.00171833414923,"S001,S003,S005,S006,S007,S010,S011,S015 / S002,S009,S012,S013,S014 / S004,S008",6,4,4,6,6,4,5,7,2,2,2,0,2,0,3,1
clone-3-0491-preserve_ids,clone,preserve_ids,3,0.4685264662687324,7,70.00171833414923,"S001,S003,S005,S006,S007,S010,S011,S015 / S002,S009,S012,S013 / S004,S008,S014",6,4,4,6,5,4,5,7,2,2,2,0,1,0,3,1
clone-3-0492-preserve_ids,clone,preserve_ids,3,0.5625163344340146,6,69.57490669989525,"S001,S003,S005,S006,S007,S010,S011,S014,S015 / S002,S009,S013 / S004,S008,S012",6,4,4,6,6,4,5,6,2,2,2,0,2,0,3,0
clone-3-0493-preserve_ids,clone,preserve_ids,3,0.46811372793727635,7,70.00171833414923,"S001,S003,S005,S006,S007,S010,S011,S015 / S002,S009,S013,S014 / S004,S008,S012",6,4,4,6,6,4,5,7,2,2,2,0,2,0,3,1
clone-3-0494-preserve_ids,clone,preserve_ids,3,0.46765448459318587,7,70.00171833414923,"S001,S003,S005,S006,S007,S010,S011,S015 / S002,S009,S013 / S004,S008,S012,S014",6,3,4,6,5,4,5,7,2,1,2,0,1,0,3,1
clone-3-0495-preserve_ids,clone,preserve_ids,3,0.5915842532631956,8,70.71707005266221,"S001,S003,S005,S006,S007,S011,S012,S014,S015 / S002,S009,S010,S013 / S004,S008",6,5,4,6,6,4,6,8,2,3,2,0,2,0,4,2
clone-3-0496-preserve_ids,clone,preserve_ids,3,0.5107110455329101,7,70.29025841840823,"S001,S003,S005,S006,S007,S011,S012,S015 / S002,S009,S010,S013,S014 / S004,S008",6,6,4,6,6,4,6,7,2,4,2,0,2,0,4,1
clone-3-0497-preserve_ids,clone,preserve_ids,3,0.4863536609309565,8,70.71707005266221,"S001,S003,S005,S006,S007,S011,S012,S015 / S002,S009,S010,S013 / S004,S008,S014",6,5,4,6,5,4,6,8,2,3,2,0,1,0,4,2
clone-3-0498-preserve_ids,clone,preserve_ids,3,0.5085955677624351,7,70.00171833414923,"S001,S003,S005,S006,S007,S011,S014,S015 / S002,S009,S010,S012,S013 / S004,S008",6,6,4,6,6,4,5,7,2,4,2,0,2,0,3,1
clone-3-0499-preserve_ids,clone,preserve_ids,3,0.4426053329774615,6,69.57490669989525,"S001,S003,S005,S006,S007,S011,S015 / S002,S009,S010,S012,S013,S014 / S004,S008",6,5,4,6,6,4,5,6,2,3,2,0,2,0,3,0
clone-3-0500-preserve_ids,clone,preserve_ids,3,0.398027008248988,7,70.00171833414923,"S001,S003,S005,S006,S007,S011,S015 / S002,S009,S010,S012,S013 / S004,S008,S014",6,5,4,6,5,4,5,7,2,3,2,0,1,0,3,1
clone-3-0501-preserve_ids,clone,preserve_ids,3,0.4834192051128463,7,70.00171833414923,"S001,S003,S005,S006,S007,S011,S014,S015 / S002,S009,S010,S013 / S004,S008,S012",6,5,4,6,6,4,5,7,2,3,2,0,2,0,3,1
clone-3-0502-preserve_ids,clone,preserve_ids,3,0.3971599981724705,6,69.57490669989525,"S001,S003,S005,S006,S007,S011,S015 / S002,S009,S010,S013,S014 / S004,S008,S012",6,5,4,6,6,4,5,6,2,3,2,0,2,0,3,0
clone-3-0503-preserve_ids,clone,preserve_ids,3,0.382933765259813,7,70.00171833414923,"S001,S003,S005,S006,S007,S011,S015 / S002,S009,S010,S013 / S004,S008,S012,S014",6,4,4,6,5,4,5,7,2,2,2,0,1,0,3,1
clone-3-0504-preserve_ids,clone,preserve_ids,3,0.5819308674553558,8,70.71707005266221,"S001,S003,S005,S006,S007,S011,S012,S014,S015 / S002,S009,S013 / S004,S008,S010",6,4,4,6,5,4,6,8,2,2,2,0,1,0,4,2
clone-3-0505-preserve_ids,clone,preserve_ids,3,0.48870167543052795,8,70.71707005266221,"S001,S003,S005,S006,S007,S011,S012,S015 / S002,S009,S013,S014 / S004,S008,S010",6,5,4,6,5,4,6,8,2,3,2,0,1,0,4,2
clone-3-0506-preserve_ids,clone,preserve_ids,3,0.4856743142666668,7,70.29025841840823,"S001,S003,S005,S006,S007,S011,S012,S015 / S002,S009,S013 / S004,S008,S010,S014",6,4,4,6,4,4,6,7,2,2,2,0,0,0,4,1
clone-3-0507-preserve_ids,clone,preserve_ids,3,0.48617914316692845,7,70.00171833414923,"S001,S003,S005,S006,S007,S011,S014,S015 / S002,S009,S012,S013 / S004,S008,S010",6,5,4,6,5,4,5,7,2,3,2,0,1,0,3,1
clone-3-0508-preserve_ids,clone,preserve_ids,3,0.4036485330506495,7,70.00171833414923,"S001,S003,S005,S006,S007,S011,S015 / S002,S009,S012,S013,S014 / S004,S008,S010",6,4,4,6,5,4,5,7,2,2,2,0,1,0,3,1
clone-3-0509-preserve_ids,clone,preserve_ids,3,0.38313738690926274,6,69.57490669989525,"S001,S003,S005,S006,S007,S011,S015 / S002,S009,S012,S013 / S004,S008,S010,S014",6,4,4,6,4,4,5,6,2,2,2,0,0,0,3,0
clone-3-0510-preserve_ids,clone,preserve_ids,3,0.48304930570878707,7,70.00171833414923,"S001,S003,S005,S006,S007,S011,S014,S015 / S002,S009,S013 / S004,S008,S010,S012",6,4,4,6,5,4,5,7,2,2,2,0,1,0,3,1
clone-3-0511-preserve_ids,clone,preserve_ids,3,0.38302809005747696,7,70.00171833414923,"S001,S003,S005,S006,S007,S011,S015 / S002,S009,S013,S014 / S004,S008,S010,S012",6,4,4,6,5,4,5,7,2,2,2,0,1,0,3,1
clone-3-0512-preserve_ids,clone,preserve_ids,3,0.39616766993148983,6,69.57490669989525,"S001,S003,S005,S006,S007,S011,S015 / S002,S009,S013 / S004,S008,S010,S012,S014",6,3,4,6,4,4,5,6,2,1,2,0,0,0,3,0
clone-3-0513-preserve_ids,clone,preserve_ids,3,0.7237986726647149,6,68.79457748474233,"S001,S004,S008,S010,S012 / S002,S003,S005,S006,S007,S009,S011,S013,S015 / S014",4,4,4,6,5,6,5,6,0,2,2,0,1,2,3,0
clone-3-0514-preserve_ids,clone,preserve_ids,3,0.7928057228413823,6,68.79457748474233,"S001,S004,S008,S010 / S002,S003,S005,S006,S007,S009,S011,S012,S013,S015 / S014",4,5,4,6,5,6,5,6,0,3,2,0,1,2,3,0
clone-3-0515-preserve_ids,clone,preserve_ids,3,0.7223302220523182,6,69.08311756900133,"S001,S004,S008,S010,S014 / S002,S003,S005,S006,S007,S009,S011,S013,S015 / S012",4,4,4,6,4,6,5,6,0,2,2,0,0,2,3,0
clone-3-0516-preserve_ids,clone,preserve_ids,3,0.7896381081282708,7,69.50992920325533,"S001,S004,S008,S010 / S002,S003,S005,S006,S007,S009,S011,S013,S014,S015 / S012",4,5,4,6,5,6,5,7,0,3,2,0,1,2,3,1
clone-3-0517-preserve_ids,clone,preserve_ids,3,0.6783396495842874,7,69.50992920325531,"S001,S004,S008,S010 / S002,S003,S005,S006,S007,S009,S011,S013,S015 / S012,S014",4,4,4,6,5,6,6,7,0,2,2,0,1,2,4,1
clone-3-0518-preserve_ids,clone,preserve_ids,3,0.7787466264030899,6,68.79457748474233,"S001,S004,S008,S012 / S002,S003,S005,S006,S007,S009,S010,S011,S013,S015 / S014",4,4,4,6,6,6,5,6,0,2,2,0,2,2,3,0
clone-3-0519-preserve_ids,clone,preserve_ids,3,0.8561801795906674,6,68.79457748474233,"S001,S004,S008 / S002,S003,S005,S006,S007,S009,S010,S011,S012,S013,S015 / S014",4,5,4,6,6,6,5,6,0,3,2,0,2,2,3,0
clone-3-0520-preserve_ids,clone,preserve_ids,3,0.7775767403346721,7,69.50992920325531,"S001,S004,S008,S014 / S002,S003,S005,S006,S007,S009,S010,S011,S013,S015 / S012",4,4,4,6,5,6,5,7,0,2,2,0,1,2,3,1
clone-3-0521-preserve_ids,clone,preserve_ids,3,0.8530703838054065,6,69.08311756900133,"S001,S004,S008 / S002,S003,S005,S006,S007,S009,S010,S011,S013,S014,S015 / S012",4,5,4,6,6,6,5,6,0,3,2,0,2,2,3,0
clone-3-0522-preserve_ids,clone,preserve_ids,3,0.7440949992215776,7,69.50992920325533,"S001,S004,S008 / S002,S003,S005,S006,S007,S009,S010,S011,S013,S015 / S012,S014",4,4,4,6,6,6,6,7,0,2,2,0,2,2,4,1
clone-3-0523-preserve_ids,clone,preserve_ids,3,0.7327239397672413,6,68.79457748474233,"S001,S004,S008,S012,S014 / S002,S003,S005,S006,S007,S009,S011,S013,S015 / S010",4,4,4,6,5,6,5,6,0,2,2,0,1,2,3,0
clone-3-0524-preserve_ids,clone,preserve_ids,3,0.7975786615245415,6,68.79457748474233,"S001,S004,S008,S012 / S002,S003,S005,S006,S007,S009,S011,S013,S014,S015 / S010",4,5,4,6,6,6,5,6,0,3,2,0,2,2,3,0
clone-3-0525-preserve_ids,clone,preserve_ids,3,0.6857317383656865,5,68.36776585048835,"S001,S004,S008,S012 / S002,S003,S005,S006,S007,S009,S011,S013,S015 / S010,S014",4,5,4,6,6,6,5,5,0,3,2,0,2,2,3,0
clone-3-0526-preserve_ids,clone,preserve_ids,3,0.7995771211435652,6,68.79457748474233,"S001,S004,S008,S014 / S002,S003,S005,S006,S007,S009,S011,S012,S013,S015 / S010",4,5,4,6,5,6,5,6,0,3,2,0,1,2,3,0
clone-3-0527-preserve_ids,clone,preserve_ids,3,0.8746125473486148,6,68.79457748474233,"S001,S004,S008 / S002,S003,S005,S006,S007,S009,S011,S012,S013,S014,S015 / S010",4,5,4,6,6,6,5,6,0,3,2,0,2,2,3,0
clone-3-0528-preserve_ids,clone,preserve_ids,3,0.7654118569151546,5,68.36776585048835,"S001,S004,S008 / S002,S003,S005,S006,S007,S009,S011,S012,S013,S015 / S010,S014",4,6,4,6,6,6,5,5,0,4,2,0,2,2,3,0
clone-3-0529-preserve_ids,clone,preserve_ids,3,0.6846240894196454,7,69.50992920325531,"S001,S004,S008,S014 / S002,S003,S005,S006,S007,S009,S011,S013,S015 / S010,S012",4,5,4,6,5,6,6,7,0,3,2,0,1,2,4,1
clone-3-0530-preserve_ids,clone,preserve_ids,3,0.7623290537432014,7,69.50992920325533,"S001,S004,S008 / S002,S003,S005,S006,S007,S009,S011,S013,S014,S015 / S010,S012",4,6,4,6,6,6,6,7,0,4,2,0,2,2,4,1
clone-3-0531-preserve_ids,clone,preserve_ids,3,0.6545456247045177,6,69.08311756900133,"S001,S004,S008 / S002,S003,S005,S006,S007,S009,S011,S013,S015 / S010,S012,S014",4,5,4,6,6,6,6,6,0,3,2,0,2,2,4,0
clone-3-0532-preserve_ids,clone,preserve_ids,3,0.8727464267515561,5,67.58743663533544,"S001,S004,S010,S012 / S002,S003,S005,S006,S007,S008,S009,S011,S013,S015 / S014",4,5,4,6,6,6,5,5,0,3,2,0,2,2,3,0
clone-3-0533-preserve_ids,clone,preserve_ids,3,0.9596077265430403,5,67.58743663533544,"S001,S004,S010 / S002,S003,S005,S006,S007,S008,S009,S011,S012,S013,S015 / S014",4,4,4,6,6,6,5,5,0,2,2,0,2,2,3,0
clone-3-0534-preserve_ids,clone,preserve_ids,3,0.8719604591095665,5,67.87597671959443,"S001,S004,S010,S014 / S002,S003,S005,S006,S007,S008,S009,S011,S013,S015 / S012",4,5,4,6,6,6,5,5,0,3,2,0,2,2,3,0
clone-3-0535-preserve_ids,clone,preserve_ids,3,0.9565992529661739,6,68.30278835384843,"S001,S004,S010 / S002,S003,S005,S006,S007,S008,S009,S011,S013,S014,S015 / S012",4,4,4,6,5,6,5,6,0,2,2,0,1,2,3,0
clone-3-0536-preserve_ids,clone,preserve_ids,3,0.8515859445539627,6,68.30278835384841,"S001,S004,S010 / S002,S003,S005,S006,S007,S008,S009,S011,S013,S015 / S012,S014",4,4,4,6,6,6,6,6,0,2,2,0,2,2,4,0
clone-3-0537-preserve_ids,clone,preserve_ids,3,0.9425165523575917,5,67.58743663533544,"S001,S004,S012 / S002,S003,S005,S006,S007,S008,S009,S010,S011,S013,S015 / S014",4,4,4,6,5,6,4,5,0,2,2,0,1,2,2,0
clone-3-0538-preserve_ids,clone,preserve_ids,3,1.0341372786397385,5,67.58743663533544,"S001,S004 / S002,S003,S005,S006,S007,S008,S009,S010,S011,S012,S013,S015 / S014",4,3,4,6,5,6,4,5,0,1,2,0,1,2,2,0
clone-3-0539-preserve_ids,clone,preserve_ids,3,0.9419495825931181,6,68.30278835384843,"S001,S004,S014 / S002,S003,S005,S006,S007,S008,S009,S010,S011,S013,S015 / S012",4,4,4,6,5,6,5,6,0,2,2,0,1,2,3,0
clone-3-0540-preserve_ids,clone,preserve_ids,3,1.0311994012655321,5,67.87597671959443,"S001,S004 / S002,S003,S005,S006,S007,S008,S009,S010,S011,S013,S014,S015 / S012",4,3,4,6,4,6,4,5,0,1,2,0,0,2,2,0
clone-3-0541-preserve_ids,clone,preserve_ids,3,0.9288813945320099,6,68.30278835384843,"S001,S004 / S002,S003,S005,S006,S007,S008,S009,S010,S011,S013,S015 / S012,S014",4,3,4,6,5,6,5,6,0,1,2,0,1,2,3,0
clone-3-0542-preserve_ids,clone,preserve_ids,3,0.8776280526509156,5,67.58743663533544,"S001,S004,S012,S014 / S002,S003,S005,S006,S007,S008,S009,S011,S013,S015 / S010",4,4,4,6,6,6,5,5,0,2,2,0,2,2,3,0
clone-3-0543-preserve_ids,clone,preserve_ids,3,0.9604572060314411,5,67.58743663533545,"S001,S004,S012 / S002,S003,S005,S006,S007,S008,S009,S011,S013,S014,S015 / S010",4,4,4,6,5,6,4,5,0,2,2,0,1,2,2,0
clone-3-0544-preserve_ids,clone,preserve_ids,3,0.8544439666222432,4,67.16062500108146,"S001,S004,S012 / S002,S003,S005,S006,S007,S008,S009,S011,S013,S015 / S010,S014",4,5,4,6,6,6,4,4,0,3,2,0,2,2,2,0
clone-3-0545-preserve_ids,clone,preserve_ids,3,0.9628989912564512,5,67.58743663533544,"S001,S004,S014 / S002,S003,S005,S006,S007,S008,S009,S011,S012,S013,S015 / S010",4,4,4,6,6,6,5,5,0,2,2,0,2,2,3,0
clone-3-0546-preserve_ids,clone,preserve_ids,3,1.0515691603944675,5,67.58743663533544,"S001,S004 / S002,S003,S005,S006,S007,S008,S009,S011,S012,S013,S014,S015 / S010",4,3,4,6,5,6,4,5,0,1,2,0,1,2,2,0
clone-3-0547-preserve_ids,clone,preserve_ids,3,0.9487918916264415,4,67.16062500108146,"S001,S004 / S002,S003,S005,S006,S007,S008,S009,S011,S012,S013,S015 / S010,S014",4,4,4,6,6,6,4,4,0,2,2,0,2,2,2,0
clone-3-0548-preserve_ids,clone,preserve_ids,3,0.8539958457819414,6,68.30278835384841,"S001,S004,S014 / S002,S003,S005,S006,S007,S008,S009,S011,S013,S015 / S010,S012",4,5,4,6,6,6,6,6,0,3,2,0,2,2,4,0
clone-3-0549-preserve_ids,clone,preserve_ids,3,0.9459091094744635,6,68.30278835384843,"S001,S004 / S002,S003,S005,S006,S007,S008,S009,S011,S013,S014,S015 / S010,S012",4,4,4,6,5,6,5,6,0,2,2,0,1,2,3,0
clone-3-0550-preserve_ids,clone,preserve_ids,3,0.8458892266853142,5,67.87597671959443,"S001,S004 / S002,S003,S005,S006,S007,S008,S009,S011,S013,S015 / S010,S012,S014",4,4,4,6,6,6,5,5,0,2,2,0,2,2,3,0
clone-3-0551-preserve_ids,clone,preserve_ids,3,0.6769841920914605,5,68.36776585048835,"S001,S004,S010,S012,S014 / S002,S003,S005,S006,S007,S009,S011,S013,S015 / S008",4,5,4,6,6,6,5,5,0,3,2,0,2,2,3,0
clone-3-0552-preserve_ids,clone,preserve_ids,3,0.7572230475277493,6,68.79457748474233,"S001,S004,S010,S012 / S002,S003,S005,S006,S007,S009,S011,S013,S014,S015 / S008",4,6,4,6,6,6,5,6,0,4,2,0,2,2,3,0
clone-3-0553-preserve_ids,clone,preserve_ids,3,0.6506264960360839,6,68.79457748474233,"S001,S004,S010,S012 / S002,S003,S005,S006,S007,S009,S011,S013,S015 / S008,S014",4,5,4,6,5,6,5,6,0,3,2,0,1,2,3,0
clone-3-0554-preserve_ids,clone,preserve_ids,3,0.7596236126607839,5,68.36776585048835,"S001,S004,S010,S014 / S002,S003,S005,S006,S007,S009,S011,S012,S013,S015 / S008",4,6,4,6,6,6,5,5,0,4,2,0,2,2,3,0
clone-3-0555-preserve_ids,clone,preserve_ids,3,0.8476339812616384,6,68.79457748474233,"S001,S004,S010 / S002,S003,S005,S006,S007,S009,S011,S012,S013,S014,S015 / S008",4,5,4,6,6,6,5,6,0,3,2,0,2,2,3,0
clone-3-0556-preserve_ids,clone,preserve_ids,3,0.7451331202344724,6,68.79457748474233,"S001,S004,S010 / S002,S003,S005,S006,S007,S009,S011,S012,S013,S015 / S008,S014",4,5,4,6,5,6,5,6,0,3,2,0,1,2,3,0
clone-3-0557-preserve_ids,clone,preserve_ids,3,0.6501506286170593,6,69.08311756900133,"S001,S004,S010,S014 / S002,S003,S005,S006,S007,S009,S011,S013,S015 / S008,S012",4,5,4,6,6,6,6,6,0,3,2,0,2,2,4,0
clone-3-0558-preserve_ids,clone,preserve_ids,3,0.7422688732613789,7,69.50992920325533,"S001,S004,S010 / S002,S003,S005,S006,S007,S009,S011,S013,S014,S015 / S008,S012",4,5,4,6,6,6,6,7,0,3,2,0,2,2,4,1
clone-3-0559-preserve_ids,clone,preserve_ids,3,0.6434899119689232,7,69.50992920325531,"S001,S004,S010 / S002,S003,S005,S006,S007,S009,S011,S013,S015 / S008,S012,S014",4,4,4,6,5,6,6,7,0,2,2,0,1,2,4,1
clone-3-0560-preserve_ids,clone,preserve_ids,3,0.7431325614682454,6,68.79457748474233,"S001,S004,S012,S014 / S002,S003,S005,S006,S007,S009,S010,S011,S013,S015 / S008",4,4,4,6,6,6,5,6,0,2,2,0,2,2,3,0
clone-3-0561-preserve_ids,clone,preserve_ids,3,0.8298561633066336,5,68.36776585048835,"S001,S004,S012 / S002,S003,S005,S006,S007,S009,S010,S011,S013,S014,S015 / S008",4,5,4,6,6,6,4,5,0,3,2,0,2,2,2,0
clone-3-0562-preserve_ids,clone,preserve_ids,3,0.7265819259835077,6,68.79457748474233,"S001,S004,S012 / S002,S003,S005,S006,S007,S009,S010,S011,S013,S015 / S008,S014",4,4,4,6,5,6,4,6,0,2,2,0,1,2,2,0
clone-3-0563-preserve_ids,clone,preserve_ids,3,0.8324110983494386,6,68.79457748474233,"S001,S004,S014 / S002,S003,S005,S006,S007,S009,S010,S011,S012,S013,S015 / S008",4,5,4,6,6,6,5,6,0,3,2,0,2,2,3,0
clone-3-0564-preserve_ids,clone,preserve_ids,3,0.9250403615146314,5,68.36776585048835,"S001,S004 / S002,S003,S005,S006,S007,S009,S010,S011,S012,S013,S014,S015 / S008",4,4,4,6,6,6,4,5,0,2,2,0,2,2,2,0
clone-3-0565-preserve_ids,clone,preserve_ids,3,0.8256946293048913,6,68.79457748474233,"S001,S004 / S002,S003,S005,S006,S007,S009,S010,S011,S012,S013,S015 / S008,S014",4,4,4,6,5,6,4,6,0,2,2,0,1,2,2,0
clone-3-0566-preserve_ids,clone,preserve_ids,3,0.7263643338912094,7,69.50992920325533,"S001,S004,S014 / S002,S003,S005,S006,S007,S009,S010,S011,S013,S015 / S008,S012",4,4,4,6,6,6,6,7,0,2,2,0,2,2,4,1
clone-3-0567-preserve_ids,clone,preserve_ids,3,0.8229267806852237,6,69.08311756900133,"S001,S004 / S002,S003,S005,S006,S007,S009,S010,S011,S013,S014,S015 / S008,S012",4,4,4,6,6,6,5,6,0,2,2,0,2,2,3,0
clone-3-0568-preserve_ids,clone,preserve_ids,3,0.7277751182287827,7,69.50992920325533,"S001,S004 / S002,S003,S005,S006,S007,S009,S010,S011,S013,S015 / S008,S012,S014",4,3,4,6,5,6,5,7,0,1,2,0,1,2,3,1
clone-3-0569-preserve_ids,clone,preserve_ids,3,0.6537616773502599,6,68.79457748474233,"S001,S004,S012,S014 / S002,S003,S005,S006,S007,S009,S011,S013,S015 / S008,S010",4,4,4,6,5,6,5,6,0,2,2,0,1,2,3,0
clone-3-0570-preserve_ids,clone,preserve_ids,3,0.7437415736574048,6,68.79457748474235,"S001,S004,S012 / S002,S003,S005,S006,S007,S009,S011,S013,S014,S015 / S008,S010",4,5,4,6,5,6,4,6,0,3,2,0,1,2,2,0
clone-3-0571-preserve_ids,clone,preserve_ids,3,0.6432322071168829,5,68.36776585048835,"S001,S004,S012 / S002,S003,S005,S006,S007,S009,S011,S013,S015 / S008,S010,S014",4,4,4,6,4,6,4,5,0,2,2,0,0,2,2,0
clone-3-0572-preserve_ids,clone,preserve_ids,3,0.7463884145854313,6,68.79457748474233,"S001,S004,S014 / S002,S003,S005,S006,S007,S009,S011,S012,S013,S015 / S008,S010",4,5,4,6,5,6,5,6,0,3,2,0,1,2,3,0
clone-3-0573-preserve_ids,clone,preserve_ids,3,0.8421514406293393,6,68.79457748474233,"S001,S004 / S002,S003,S005,S006,S007,S009,S011,S012,S013,S014,S015 / S008,S010",4,4,4,6,5,6,4,6,0,2,2,0,1,2,2,0
clone-3-0574-preserve_ids,clone,preserve_ids,3,0.7460744600132483,5,68.36776585048835,"S001,S004 / S002,S003,S005,S006,S007,S009,S011,S012,S013,S015 / S008,S010,S014",4,4,4,6,4,6,4,5,0,2,2,0,0,2,2,0
clone-3-0575-preserve_ids,clone,preserve_ids,3,0.6432218672372119,7,69.50992920325531,"S001,S004,S014 / S002,S003,S005,S006,S007,S009,S011,S013,S015 / S008,S010,S012",4,4,4,6,5,6,6,7,0,2,2,0,1,2,4,1
clone-3-0576-preserve_ids,clone,preserve_ids,3,0.7434175549869455,7,69.50992920325533,"S001,S004 / S002,S003,S005,S006,S007,S009,S011,S013,S014,S015 / S008,S010,S012",4,4,4,6,5,6,5,7,0,2,2,0,1,2,3,1
clone-3-0577-preserve_ids,clone,preserve_ids,3,0.6530343772765006,6,69.08311756900133,"S001,S004 / S002,S003,S005,S006,S007,S009,S011,S013,S015 / S008,S010,S012,S014",4,3,4,6,4,6,5,6,0,1,2,0,0,2,3,0
clone-3-0578-preserve_ids,clone,preserve_ids,3,0.8076631775733664,6,68.79457748474233,"S001,S008,S010,S012 / S002,S003,S004,S005,S006,S007,S009,S011,S013,S015 / S014",4,4,4,6,5,6,5,6,0,2,2,0,1,2,3,0
clone-3-0579-preserve_ids,clone,preserve_ids,3,0.8885025346047755,5,68.07922576622936,"S001,S008,S010 / S002,S003,S004,S005,S006,S007,S009,S011,S012,S013,S015 / S014",4,5,4,6,5,6,4,5,0,3,2,0,1,2,2,0
clone-3-0580-preserve_ids,clone,preserve_ids,3,0.8066252355699753,5,68.36776585048835,"S001,S008,S010,S014 / S002,S003,S004,S005,S006,S007,S009,S011,S013,S015 / S012",4,4,4,6,4,6,4,5,0,2,2,0,0,2,2,0
clone-3-0581-preserve_ids,clone,preserve_ids,3,0.8854242771270707,6,68.79457748474233,"S001,S008,S010 / S002,S003,S004,S005,S006,S007,S009,S011,S013,S014,S015 / S012",4,5,4,6,5,6,4,6,0,3,2,0,1,2,2,0
clone-3-0582-preserve_ids,clone,preserve_ids,3,0.777695470631672,6,68.79457748474233,"S001,S008,S010 / S002,S003,S004,S005,S006,S007,S009,S011,S013,S015 / S012,S014",4,4,4,6,5,6,5,6,0,2,2,0,1,2,3,0
clone-3-0583-preserve_ids,clone,preserve_ids,3,0.8724330539959079,6,68.79457748474233,"S001,S008,S012 / S002,S003,S004,S005,S006,S007,S009,S010,S011,S013,S015 / S014",4,4,4,6,6,6,5,6,0,2,2,0,2,2,3,0
clone-3-0584-preserve_ids,clone,preserve_ids,3,0.9592696052031983,5,68.07922576622936,"S001,S008 / S002,S003,S004,S005,S006,S007,S009,S010,S011,S012,S013,S015 / S014",4,5,4,6,6,6,4,5,0,3,2,0,2,2,2,0
clone-3-0585-preserve_ids,clone,preserve_ids,3,0.8716459968309322,6,68.79457748474233,"S001,S008,S014 / S002,S003,S004,S005,S006,S007,S009,S010,S011,S013,S015 / S012",4,4,4,6,5,6,4,6,0,2,2,0,1,2,2,0
clone-3-0586-preserve_ids,clone,preserve_ids,3,0.9562608034198795,5,68.36776585048835,"S001,S008 / S002,S003,S004,S005,S006,S007,S009,S010,S011,S013,S014,S015 / S012",4,5,4,6,6,6,4,5,0,3,2,0,2,2,2,0
clone-3-0587-preserve_ids,clone,preserve_ids,3,0.8512348491592507,6,68.79457748474233,"S001,S008 / S002,S003,S004,S005,S006,S007,S009,S010,S011,S013,S015 / S012,S014",4,4,4,6,6,6,5,6,0,2,2,0,2,2,3,0
clone-3-0588-preserve_ids,clone,preserve_ids,3,0.8140432026292458,6,68.79457748474233,"S001,S008,S012,S014 / S002,S003,S004,S005,S006,S007,S009,S011,S013,S015 / S010",4,4,4,6,5,6,5,6,0,2,2,0,1,2,3,0
clone-3-0589-preserve_ids,clone,preserve_ids,3,0.89077391795425,6,68.79457748474233,"S001,S008,S012 / S002,S003,S004,S005,S006,S007,S009,S011,S013,S014,S015 / S010",4,5,4,6,6,6,5,6,0,3,2,0,2,2,3,0
clone-3-0590-preserve_ids,clone,preserve_ids,3,0.7821714803772859,5,68.36776585048835,"S001,S008,S012 / S002,S003,S004,S005,S006,S007,S009,S011,S013,S015 / S010,S014",4,5,4,6,6,6,5,5,0,3,2,0,2,2,3,0
clone-3-0591-preserve_ids,clone,preserve_ids,3,0.8930655555262683,5,68.07922576622936,"S001,S008,S014 / S002,S003,S004,S005,S006,S007,S009,S011,S012,S013,S015 / S010",4,5,4,6,5,6,4,5,0,3,2,0,1,2,2,0
clone-3-0592-preserve_ids,clone,preserve_ids,3,0.9771151976815622,5,68.07922576622936,"S001,S008 / S002,S003,S004,S005,S006,S007,S009,S011,S012,S013,S014,S015 / S010",4,5,4,6,6,6,4,5,0,3,2,0,2,2,2,0
clone-3-0593-preserve_ids,clone,preserve_ids,3,0.8717110004997258,4,67.65241413197538,"S001,S008 / S002,S003,S004,S005,S006,S007,S009,S011,S012,S013,S015 / S010,S014",4,6,4,6,6,6,4,4,0,4,2,0,2,2,2,0
clone-3-0594-preserve_ids,clone,preserve_ids,3,0.7814872888529344,6,68.79457748474233,"S001,S008,S014 / S002,S003,S004,S005,S006,S007,S009,S011,S013,S015 / S010,S012",4,5,4,6,5,6,5,6,0,3,2,0,1,2,3,0
clone-3-0595-preserve_ids,clone,preserve_ids,3,0.8687475541004247,6,68.79457748474233,"S001,S008 / S002,S003,S004,S005,S006,S007,S009,S011,S013,S014,S015 / S010,S012",4,6,4,6,6,6,5,6,0,4,2,0,2,2,3,0
clone-3-0596-preserve_ids,clone,preserve_ids,3,0.765652961543006,5,68.36776585048835,"S001,S008 / S002,S003,S004,S005,S006,S007,S009,S011,S013,S015 / S010,S012,S014",4,5,4,6,6,6,5,5,0,3,2,0,2,2,3,0
clone-3-0597-preserve_ids,clone,preserve_ids,3,0.9774185857348179,5,67.58743663533544,"S001,S010,S012 / S002,S003,S004,S005,S006,S007,S008,S009,S011,S013,S015 / S014",4,5,4,6,6,6,5,5,0,3,2,0,2,2,3,0
clone-3-0598-preserve_ids,clone,preserve_ids,3,1.0709660616217975,4,66.87208491682246,"S001,S010 / S002,S003,S004,S005,S006,S007,S008,S009,S011,S012,S013,S015 / S014",4,4,4,6,6,6,4,4,0,2,2,0,2,2,2,0
clone-3-0599-preserve_ids,clone,preserve_ids,3,0.9769461805515547,4,67.16062500108146,"S001,S010,S014 / S002,S003,S004,S005,S006,S007,S008,S009,S011,S013,S015 / S012",4,5,4,6,6,6,4,4,0,3,2,0,2,2,2,0
clone-3-0600-preserve_ids,clone,preserve_ids,3,1.0680615225578445,5,67.58743663533544,"S001,S010 / S002,S003,S004,S005,S006,S007,S008,S009,S011,S013,S014,S015 / S012",4,4,4,6,5,6,4,5,0,2,2,0,1,2,2,0
clone-3-0601-preserve_ids,clone,preserve_ids,3,0.9670003424406254,5,67.58743663533544,"S001,S010 / S002,S003,S004,S005,S006,S007,S008,S009,S011,S013,S015 / S012,S014",4,4,4,6,6,6,5,5,0,2,2,0,2,2,3,0
clone-3-0602-preserve_ids,clone,preserve_ids,3,1.0527374095727822,5,67.58743663533544,"S001,S012 / S002,S003,S004,S005,S006,S007,S008,S009,S010,S011,S013,S015 / S014",4,4,4,6,5,6,4,5,0,2,2,0,1,2,2,0
clone-3-0603-preserve_ids,clone,preserve_ids,3,1.1497039023551823,4,66.87208491682246,"S001 / S002,S003,S004,S005,S006,S007,S008,S009,S010,S011,S012,S013,S015 / S014",4,3,4,6,5,6,3,4,0,1,2,0,1,2,1,0
clone-3-0604-preserve_ids,clone,preserve_ids,3,1.0524427059487766,5,67.58743663533545,"S001,S014 / S002,S003,S004,S005,S006,S007,S008,S009,S010,S011,S013,S015 / S012",4,4,4,6,5,6,4,5,0,2,2,0,1,2,2,0
clone-3-0605-preserve_ids,clone,preserve_ids,3,1.146866742946738,4,67.16062500108146,"S001 / S002,S003,S004,S005,S006,S007,S008,S009,S010,S011,S013,S014,S015 / S012",4,3,4,6,4,6,3,4,0,1,2,0,0,2,1,0
clone-3-0606-preserve_ids,clone,preserve_ids,3,1.0483174720187973,5,67.58743663533544,"S001 / S002,S003,S004,S005,S006,S007,S008,S009,S010,S011,S013,S015 / S012,S014",4,3,4,6,5,6,4,5,0,1,2,0,1,2,2,0
clone-3-0607-preserve_ids,clone,preserve_ids,3,0.9804276817360001,5,67.58743663533544,"S001,S012,S014 / S002,S003,S004,S005,S006,S007,S008,S009,S011,S013,S015 / S010",4,4,4,6,6,6,5,5,0,2,2,0,2,2,3,0
clone-3-0608-preserve_ids,clone,preserve_ids,3,1.0700700783974597,5,67.58743663533544,"S001,S012 / S002,S003,S004,S005,S006,S007,S008,S009,S011,S013,S014,S015 / S010",4,4,4,6,5,6,4,5,0,2,2,0,1,2,2,0
clone-3-0609-preserve_ids,clone,preserve_ids,3,0.9679174429083607,4,67.16062500108146,"S001,S012 / S002,S003,S004,S005,S006,S007,S008,S009,S011,S013,S015 / S010,S014",4,5,4,6,6,6,4,4,0,3,2,0,2,2,2,0
clone-3-0610-preserve_ids,clone,preserve_ids,3,1.0726800350754366,4,66.87208491682246,"S001,S014 / S002,S003,S004,S005,S006,S007,S008,S009,S011,S012,S013,S015 / S010",4,4,4,6,6,6,4,4,0,2,2,0,2,2,2,0
clone-3-0611-preserve_ids,clone,preserve_ids,3,1.1665462601752699,4,66.87208491682246,"S001 / S002,S003,S004,S005,S006,S007,S008,S009,S011,S012,S013,S014,S015 / S010",4,3,4,6,5,6,3,4,0,1,2,0,1,2,1,0
clone-3-0612-preserve_ids,clone,preserve_ids,3,1.0674531782600805,3,66.44527328256848,"S001 / S002,S003,S004,S005,S006,S007,S008,S009,S011,S012,S013,S015 / S010,S014",4,4,4,6,6,6,3,3,0,2,2,0,2,2,1,0
clone-3-0613-preserve_ids,clone,preserve_ids,3,0.9677533879627509,5,67.58743663533544,"S001,S014 / S002,S003,S004,S005,S006,S007,S008,S009,S011,S013,S015 / S010,S012",4,5,4,6,6,6,5,5,0,3,2,0,2,2,3,0
clone-3-0614-preserve_ids,clone,preserve_ids,3,1.064681288666602,5,67.58743663533544,"S001 / S002,S003,S004,S005,S006,S007,S008,S009,S011,S013,S014,S015 / S010,S012",4,4,4,6,5,6,4,5,0,2,2,0,1,2,2,0
clone-3-0615-preserve_ids,clone,preserve_ids,3,0.9687871505122088,4,67.16062500108146,"S001 / S002,S003,S004,S005,S006,S007,S008,S009,S011,S013,S015 / S010,S012,S014",4,4,4,6,6,6,4,4,0,2,2,0,2,2,2,0
clone-3-0616-preserve_ids,clone,preserve_ids,3,0.7768998523371488,5,68.36776585048835,"S001,S010,S012,S014 / S002,S003,S004,S005,S006,S007,S009,S011,S013,S015 / S008",4,5,4,6,6,6,5,5,0,3,2,0,2,2,3,0
clone-3-0617-preserve_ids,clone,preserve_ids,3,0.8661506887813473,6,68.79457748474233,"S001,S010,S012 / S002,S003,S004,S005,S006,S007,S009,S011,S013,S014,S015 / S008",4,6,4,6,6,6,5,6,0,4,2,0,2,2,3,0
clone-3-0618-preserve_ids,clone,preserve_ids,3,0.7644363056780241,6,68.79457748474233,"S001,S010,S012 / S002,S003,S004,S005,S006,S007,S009,S011,S013,S015 / S008,S014",4,5,4,6,5,6,5,6,0,3,2,0,1,2,3,0
clone-3-0619-preserve_ids,clone,preserve_ids,3,0.8687660025023632,4,67.65241413197538,"S001,S010,S014 / S002,S003,S004,S005,S006,S007,S009,S011,S012,S013,S015 / S008",4,6,4,6,6,6,4,4,0,4,2,0,2,2,2,0
clone-3-0620-preserve_ids,clone,preserve_ids,3,0.9632103550787882,5,68.07922576622936,"S001,S010 / S002,S003,S004,S005,S006,S007,S009,S011,S012,S013,S014,S015 / S008",4,5,4,6,6,6,4,5,0,3,2,0,2,2,2,0
clone-3-0621-preserve_ids,clone,preserve_ids,3,0.8652929821379538,5,68.07922576622936,"S001,S010 / S002,S003,S004,S005,S006,S007,S009,S011,S012,S013,S015 / S008,S014",4,5,4,6,5,6,4,5,0,3,2,0,1,2,2,0
clone-3-0622-preserve_ids,clone,preserve_ids,3,0.7643244723918586,5,68.36776585048835,"S001,S010,S014 / S002,S003,S004,S005,S006,S007,S009,S011,S013,S015 / S008,S012",4,5,4,6,6,6,5,5,0,3,2,0,2,2,3,0
clone-3-0623-preserve_ids,clone,preserve_ids,3,0.8625680420512268,6,68.79457748474233,"S001,S010 / S002,S003,S004,S005,S006,S007,S009,S011,S013,S014,S015 / S008,S012",4,5,4,6,6,6,5,6,0,3,2,0,2,2,3,0
clone-3-0624-preserve_ids,clone,preserve_ids,3,0.7689977697538697,6,68.79457748474233,"S001,S010 / S002,S003,S004,S005,S006,S007,S009,S011,S013,S015 / S008,S012,S014",4,4,4,6,5,6,5,6,0,2,2,0,1,2,3,0
clone-3-0625-preserve_ids,clone,preserve_ids,3,0.8507465097476687,6,68.79457748474233,"S001,S012,S014 / S002,S003,S004,S005,S006,S007,S009,S010,S011,S013,S015 / S008",4,4,4,6,6,6,5,6,0,2,2,0,2,2,3,0
clone-3-0626-preserve_ids,clone,preserve_ids,3,0.9443248167134682,5,68.36776585048835,"S001,S012 / S002,S003,S004,S005,S006,S007,S009,S010,S011,S013,S014,S015 / S008",4,5,4,6,6,6,4,5,0,3,2,0,2,2,2,0
clone-3-0627-preserve_ids,clone,preserve_ids,3,0.8457110375146498,6,68.79457748474233,"S001,S012 / S002,S003,S004,S005,S006,S007,S009,S010,S011,S013,S015 / S008,S014",4,4,4,6,5,6,4,6,0,2,2,0,1,2,2,0
clone-3-0628-preserve_ids,clone,preserve_ids,3,0.9470440362312426,5,68.07922576622936,"S001,S014 / S002,S003,S004,S005,S006,S007,S009,S010,S011,S012,S013,S015 / S008",4,5,4,6,6,6,4,5,0,3,2,0,2,2,2,0
clone-3-0629-preserve_ids,clone,preserve_ids,3,1.0446283205458287,4,67.65241413197538,"S001 / S002,S003,S004,S005,S006,S007,S009,S010,S011,S012,S013,S014,S015 / S008",4,4,4,6,6,6,3,4,0,2,2,0,2,2,1,0
clone-3-0630-preserve_ids,clone,preserve_ids,3,0.9494935674576755,5,68.07922576622936,"S001 / S002,S003,S004,S005,S006,S007,S009,S010,S011,S012,S013,S015 / S008,S014",4,4,4,6,5,6,3,5,0,2,2,0,1,2,1,0
clone-3-0631-preserve_ids,clone,preserve_ids,3,0.8457890046985034,6,68.79457748474235,"S001,S014 / S002,S003,S004,S005,S006,S007,S009,S010,S011,S013,S015 / S008,S012",4,4,4,6,6,6,5,6,0,2,2,0,2,2,3,0
clone-3-0632-preserve_ids,clone,preserve_ids,3,0.9468510279014568,5,68.36776585048835,"S001 / S002,S003,S004,S005,S006,S007,S009,S010,S011,S013,S014,S015 / S008,S012",4,4,4,6,6,6,4,5,0,2,2,0,2,2,2,0
clone-3-0633-preserve_ids,clone,preserve_ids,3,0.856266758380413,6,68.79457748474233,"S001 / S002,S003,S004,S005,S006,S007,S009,S010,S011,S013,S015 / S008,S012,S014",4,3,4,6,5,6,4,6,0,1,2,0,1,2,2,0
clone-3-0634-preserve_ids,clone,preserve_ids,3,0.7653750929109503,6,68.79457748474233,"S001,S012,S014 / S002,S003,S004,S005,S006,S007,S009,S011,S013,S015 / S008,S010",4,4,4,6,5,6,5,6,0,2,2,0,1,2,3,0
clone-3-0635-preserve_ids,clone,preserve_ids,3,0.862038698790517,6,68.79457748474233,"S001,S012 / S002,S003,S004,S005,S006,S007,S009,S011,S013,S014,S015 / S008,S010",4,5,4,6,5,6,4,6,0,3,2,0,1,2,2,0
clone-3-0636-preserve_ids,clone,preserve_ids,3,0.766762426194577,5,68.36776585048835,"S001,S012 / S002,S003,S004,S005,S006,S007,S009,S011,S013,S015 / S008,S010,S014",4,4,4,6,4,6,4,5,0,2,2,0,0,2,2,0
clone-3-0637-preserve_ids,clone,preserve_ids,3,0.8648415562843482,5,68.07922576622936,"S001,S014 / S002,S003,S004,S005,S006,S007,S009,S011,S012,S013,S015 / S008,S010",4,5,4,6,5,6,4,5,0,3,2,0,1,2,2,0
clone-3-0638-preserve_ids,clone,preserve_ids,3,0.965214374505729,5,68.07922576622936,"S001 / S002,S003,S004,S005,S006,S007,S009,S011,S012,S013,S014,S015 / S008,S010",4,4,4,6,5,6,3,5,0,2,2,0,1,2,1,0
clone-3-0639-preserve_ids,clone,preserve_ids,3,0.8736501564171766,4,67.65241413197538,"S001 / S002,S003,S004,S005,S006,S007,S009,S011,S012,S013,S015 / S008,S010,S014",4,4,4,6,4,6,3,4,0,2,2,0,0,2,1,0
clone-3-0640-preserve_ids,clone,preserve_ids,3,0.767045857530647,6,68.79457748474233,"S001,S014 / S002,S003,S004,S005,S006,S007,S009,S011,S013,S015 / S008,S010,S012",4,4,4,6,5,6,5,6,0,2,2,0,1,2,3,0
clone-3-0641-preserve_ids,clone,preserve_ids,3,0.8711252067728281,6,68.79457748474233,"S001 / S002,S003,S004,S005,S006,S007,S009,S011,S013,S014,S015 / S008,S010,S012",4,4,4,6,5,6,4,6,0,2,2,0,1,2,2,0
clone-3-0642-preserve_ids,clone,preserve_ids,3,0.785405066728261,5,68.36776585048835,"S001 / S002,S003,S004,S005,S006,S007,S009,S011,S013,S015 / S008,S010,S012,S014",4,3,4,6,4,6,4,5,0,1,2,0,0,2,2,0
clone-3-0643-preserve_ids,clone,preserve_ids,3,0.7121989368744787,6,69.08311756900133,"S001,S008,S010,S012,S014 / S002,S003,S005,S006,S007,S009,S011,S013,S015 / S004",4,3,5,6,4,6,5,6,0,1,3,0,0,2,3,0
clone-3-0644-preserve_ids,clone,preserve_ids,3,0.7820414750651162,7,69.50992920325533,"S001,S008,S010,S012 / S002,S003,S005,S006,S007,S009,S011,S013,S014,S015 / S004",4,4,5,6,5,6,5,7,0,2,3,0,1,2,3,1
clone-3-0645-preserve_ids,clone,preserve_ids,3,0.6714159351924885,7,69.50992920325531,"S001,S008,S010,S012 / S002,S003,S005,S006,S007,S009,S011,S013,S015 / S004,S014",4,4,5,6,5,6,6,7,0,2,3,0,1,2,4,1
clone-3-0646-preserve_ids,clone,preserve_ids,3,0.7841721133361513,5,68.36776585048835,"S001,S008,S010,S014 / S002,S003,S005,S006,S007,S009,S011,S012,S013,S015 / S004",4,4,5,6,4,6,4,5,0,2,3,0,0,2,2,0
clone-3-0647-preserve_ids,clone,preserve_ids,3,0.863518171368224,6,68.79457748474233,"S001,S008,S010 / S002,S003,S005,S006,S007,S009,S011,S012,S013,S014,S015 / S004",4,4,5,6,5,6,4,6,0,2,3,0,1,2,2,0
clone-3-0648-preserve_ids,clone,preserve_ids,3,0.7560992187771571,6,68.79457748474233,"S001,S008,S010 / S002,S003,S005,S006,S007,S009,S011,S012,S013,S015 / S004,S014",4,5,5,6,5,6,5,6,0,3,3,0,1,2,3,0
clone-3-0649-preserve_ids,clone,preserve_ids,3,0.6705011941766231,5,68.36776585048835,"S001,S008,S010,S014 / S002,S003,S005,S006,S007,S009,S011,S013,S015 / S004,S012",4,4,5,6,4,6,4,5,0,2,3,0,0,2,2,0
clone-3-0650-preserve_ids,clone,preserve_ids,3,0.7530746891147239,6,68.79457748474233,"S001,S008,S010 / S002,S003,S005,S006,S007,S009,S011,S013,S014,S015 / S004,S012",4,5,5,6,5,6,4,6,0,3,3,0,1,2,2,0
clone-3-0651-preserve_ids,clone,preserve_ids,3,0.6477036896989968,6,68.79457748474233,"S001,S008,S010 / S002,S003,S005,S006,S007,S009,S011,S013,S015 / S004,S012,S014",4,4,5,6,5,6,5,6,0,2,3,0,1,2,3,0
clone-3-0652-preserve_ids,clone,preserve_ids,3,0.7695777952071574,7,69.50992920325531,"S001,S008,S012,S014 / S002,S003,S005,S006,S007,S009,S010,S011,S013,S015 / S004",4,3,5,6,5,6,5,7,0,1,3,0,1,2,3,1
clone-3-0653-preserve_ids,clone,preserve_ids,3,0.8473179016230927,6,69.08311756900133,"S001,S008,S012 / S002,S003,S005,S006,S007,S009,S010,S011,S013,S014,S015 / S004",4,4,5,6,6,6,5,6,0,2,3,0,2,2,3,0
clone-3-0654-preserve_ids,clone,preserve_ids,3,0.739249663828303,7,69.50992920325533,"S001,S008,S012 / S002,S003,S005,S006,S007,S009,S010,S011,S013,S015 / S004,S014",4,4,5,6,6,6,6,7,0,2,3,0,2,2,4,1
clone-3-0655-preserve_ids,clone,preserve_ids,3,0.8496413106103822,6,68.79457748474233,"S001,S008,S014 / S002,S003,S005,S006,S007,S009,S010,S011,S012,S013,S015 / S004",4,4,5,6,5,6,4,6,0,2,3,0,1,2,2,0
clone-3-0656-preserve_ids,clone,preserve_ids,3,0.9348605169451375,5,68.36776585048835,"S001,S008 / S002,S003,S005,S006,S007,S009,S010,S011,S012,S013,S014,S015 / S004",4,4,5,6,6,6,4,5,0,2,3,0,2,2,2,0
clone-3-0657-preserve_ids,clone,preserve_ids,3,0.8302520895765049,6,68.79457748474233,"S001,S008 / S002,S003,S005,S006,S007,S009,S010,S011,S012,S013,S015 / S004,S014",4,5,5,6,6,6,5,6,0,3,3,0,2,2,3,0
clone-3-0658-preserve_ids,clone,preserve_ids,3,0.738623995459452,6,68.79457748474233,"S001,S008,S014 / S002,S003,S005,S006,S007,S009,S010,S011,S013,S015 / S004,S012",4,4,5,6,5,6,4,6,0,2,3,0,1,2,2,0
clone-3-0659-preserve_ids,clone,preserve_ids,3,0.827315624873368,5,68.36776585048835,"S001,S008 / S002,S003,S005,S006,S007,S009,S010,S011,S013,S014,S015 / S004,S012",4,5,5,6,6,6,4,5,0,3,3,0,2,2,2,0
clone-3-0660-preserve_ids,clone,preserve_ids,3,0.725383812319371,6,68.79457748474233,"S001,S008 / S002,S003,S005,S006,S007,S009,S010,S011,S013,S015 / S004,S012,S014",4,4,5,6,6,6,5,6,0,2,3,0,2,2,3,0
clone-3-0661-preserve_ids,clone,preserve_ids,3,0.677120786382698,7,69.50992920325531,"S001,S008,S012,S014 / S002,S003,S005,S006,S007,S009,S011,S013,S015 / S004,S010",4,4,5,6,5,6,6,7,0,2,3,0,1,2,4,1
clone-3-0662-preserve_ids,clone,preserve_ids,3,0.7573124537715538,7,69.50992920325533,"S001,S008,S012 / S002,S003,S005,S006,S007,S009,S011,S013,S014,S015 / S004,S010",4,5,5,6,6,6,6,7,0,3,3,0,2,2,4,1
clone-3-0663-preserve_ids,clone,preserve_ids,3,0.6506924712911285,6,69.08311756900133,"S001,S008,S012 / S002,S003,S005,S006,S007,S009,S011,S013,S015 / S004,S010,S014",4,5,5,6,6,6,6,6,0,3,3,0,2,2,4,0
clone-3-0664-preserve_ids,clone,preserve_ids,3,0.7597118105478594,6,68.79457748474233,"S001,S008,S014 / S002,S003,S005,S006,S007,S009,S011,S012,S013,S015 / S004,S010",4,5,5,6,5,6,5,6,0,3,3,0,1,2,3,0
clone-3-0665-preserve_ids,clone,preserve_ids,3,0.847683793807588,6,68.79457748474233,"S001,S008 / S002,S003,S005,S006,S007,S009,S011,S012,S013,S014,S015 / S004,S010",4,5,5,6,6,6,5,6,0,3,3,0,2,2,3,0
clone-3-0666-preserve_ids,clone,preserve_ids,3,0.7451565344848119,5,68.36776585048835,"S001,S008 / S002,S003,S005,S006,S007,S009,S011,S012,S013,S015 / S004,S010,S014",4,6,5,6,6,6,5,5,0,4,3,0,2,2,3,0
clone-3-0667-preserve_ids,clone,preserve_ids,3,0.6502144886339688,6,68.79457748474233,"S001,S008,S014 / S002,S003,S005,S006,S007,S009,S011,S013,S015 / S004,S010,S012",4,5,5,6,5,6,5,6,0,3,3,0,1,2,3,0
clone-3-0668-preserve_ids,clone,preserve_ids,3,0.7422914302829968,6,68.79457748474233,"S001,S008 / S002,S003,S005,S006,S007,S009,S011,S013,S014,S015 / S004,S010,S012",4,6,5,6,6,6,5,6,0,4,3,0,2,2,3,0
clone-3-0669-preserve_ids,clone,preserve_ids,3,0.6434774277199757,5,68.36776585048835,"S001,S008 / S002,S003,S005,S006,S007,S009,S011,S013,S015 / S004,S010,S012,S014",4,5,5,6,6,6,5,5,0,3,3,0,2,2,3,0
clone-3-0670-preserve_ids,clone,preserve_ids,3,0.8666845000206226,5,67.87597671959443,"S001,S010,S012,S014 / S002,S003,S005,S006,S007,S008,S009,S011,S013,S015 / S004",4,4,5,6,6,6,5,5,0,2,3,0,2,2,3,0
clone-3-0671-preserve_ids,clone,preserve_ids,3,0.9531543747051232,6,68.30278835384843,"S001,S010,S012 / S002,S003,S005,S006,S007,S008,S009,S011,S013,S014,S015 / S004",4,4,5,6,5,6,5,6,0,2,3,0,1,2,3,0
clone-3-0672-preserve_ids,clone,preserve_ids,3,0.8492431354592036,6,68.30278835384841,"S001,S010,S012 / S002,S003,S005,S006,S007,S008,S009,S011,S013,S015 / S004,S014",4,5,5,6,6,6,6,6,0,3,3,0,2,2,4,0
clone-3-0673-preserve_ids,clone,preserve_ids,3,0.9556907805559255,4,67.16062500108146,"S001,S010,S014 / S002,S003,S005,S006,S007,S008,S009,S011,S012,S013,S015 / S004",4,4,5,6,6,6,4,4,0,2,3,0,2,2,2,0
clone-3-0674-preserve_ids,clone,preserve_ids,3,1.0474169625298524,5,67.58743663533544,"S001,S010 / S002,S003,S005,S006,S007,S008,S009,S011,S012,S013,S014,S015 / S004",4,3,5,6,5,6,4,5,0,1,3,0,1,2,2,0
clone-3-0675-preserve_ids,clone,preserve_ids,3,0.9468922016492964,5,67.58743663533544,"S001,S010 / S002,S003,S005,S006,S007,S008,S009,S011,S012,S013,S015 / S004,S014",4,4,5,6,6,6,5,5,0,2,3,0,2,2,3,0
clone-3-0676-preserve_ids,clone,preserve_ids,3,0.848963298494382,4,67.16062500108146,"S001,S010,S014 / S002,S003,S005,S006,S007,S008,S009,S011,S013,S015 / S004,S012",4,5,5,6,6,6,4,4,0,3,3,0,2,2,2,0
clone-3-0677-preserve_ids,clone,preserve_ids,3,0.9440805127689345,5,67.58743663533545,"S001,S010 / S002,S003,S005,S006,S007,S008,S009,S011,S013,S014,S015 / S004,S012",4,4,5,6,5,6,4,5,0,2,3,0,1,2,2,0
clone-3-0678-preserve_ids,clone,preserve_ids,3,0.8468687906938088,5,67.58743663533544,"S001,S010 / S002,S003,S005,S006,S007,S008,S009,S011,S013,S015 / S004,S012,S014",4,4,5,6,6,6,5,5,0,2,3,0,2,2,3,0
clone-3-0679-preserve_ids,clone,preserve_ids,3,0.9382185333088497,6,68.30278835384843,"S001,S012,S014 / S002,S003,S005,S006,S007,S008,S009,S010,S011,S013,S015 / S004",4,3,5,6,5,6,5,6,0,1,3,0,1,2,3,0
clone-3-0680-preserve_ids,clone,preserve_ids,3,1.0290536216280926,5,67.87597671959443,"S001,S012 / S002,S003,S005,S006,S007,S008,S009,S010,S011,S013,S014,S015 / S004",4,3,5,6,4,6,4,5,0,1,3,0,0,2,2,0
clone-3-0681-preserve_ids,clone,preserve_ids,3,0.9278975951266795,6,68.30278835384843,"S001,S012 / S002,S003,S005,S006,S007,S008,S009,S010,S011,S013,S015 / S004,S014",4,4,5,6,5,6,5,6,0,2,3,0,1,2,3,0
clone-3-0682-preserve_ids,clone,preserve_ids,3,1.0316969796789546,5,67.58743663533545,"S001,S014 / S002,S003,S005,S006,S007,S008,S009,S010,S011,S012,S013,S015 / S004",4,3,5,6,5,6,4,5,0,1,3,0,1,2,2,0
clone-3-0683-preserve_ids,clone,preserve_ids,3,1.12670856202148,4,67.16062500108146,"S001 / S002,S003,S005,S006,S007,S008,S009,S010,S011,S012,S013,S014,S015 / S004",4,2,5,6,4,6,3,4,0,0,3,0,0,2,1,0
clone-3-0684-preserve_ids,clone,preserve_ids,3,1.028750057901538,5,67.58743663533544,"S001 / S002,S003,S005,S006,S007,S008,S009,S010,S011,S012,S013,S015 / S004,S014",4,3,5,6,5,6,4,5,0,1,3,0,1,2,2,0
clone-3-0685-preserve_ids,clone,preserve_ids,3,0.9278047067913101,5,67.58743663533545,"S001,S014 / S002,S003,S005,S006,S007,S008,S009,S010,S011,S013,S015 / S004,S012",4,4,5,6,5,6,4,5,0,2,3,0,1,2,2,0
clone-3-0686-preserve_ids,clone,preserve_ids,3,1.0260151104354498,4,67.16062500108146,"S001 / S002,S003,S005,S006,S007,S008,S009,S010,S011,S013,S014,S015 / S004,S012",4,3,5,6,4,6,3,4,0,1,3,0,0,2,1,0
clone-3-0687-preserve_ids,clone,preserve_ids,3,0.93163173553391,5,67.58743663533544,"S001 / S002,S003,S005,S006,S007,S008,S009,S010,S011,S013,S015 / S004,S012,S014",4,3,5,6,5,6,4,5,0,1,3,0,1,2,2,0
clone-3-0688-preserve_ids,clone,preserve_ids,3,0.8511474164215637,6,68.30278835384841,"S001,S012,S014 / S002,S003,S005,S006,S007,S008,S009,S011,S013,S015 / S004,S010",4,4,5,6,6,6,6,6,0,2,3,0,2,2,4,0
clone-3-0689-preserve_ids,clone,preserve_ids,3,0.9447122388186276,6,68.30278835384843,"S001,S012 / S002,S003,S005,S006,S007,S008,S009,S011,S013,S014,S015 / S004,S010",4,4,5,6,5,6,5,6,0,2,3,0,1,2,3,0
clone-3-0690-preserve_ids,clone,preserve_ids,3,0.8460850462736307,5,67.87597671959443,"S001,S012 / S002,S003,S005,S006,S007,S008,S009,S011,S013,S015 / S004,S010,S014",4,5,5,6,6,6,5,5,0,3,3,0,2,2,3,0
clone-3-0691-preserve_ids,clone,preserve_ids,3,0.9474310888028402,5,67.58743663533544,"S001,S014 / S002,S003,S005,S006,S007,S008,S009,S011,S012,S013,S015 / S004,S010",4,4,5,6,6,6,5,5,0,2,3,0,2,2,3,0
clone-3-0692-preserve_ids,clone,preserve_ids,3,1.045002939534089,5,67.58743663533544,"S001 / S002,S003,S005,S006,S007,S008,S009,S011,S012,S013,S014,S015 / S004,S010",4,3,5,6,5,6,4,5,0,1,3,0,1,2,2,0
clone-3-0693-preserve_ids,clone,preserve_ids,3,0.9498535371482068,4,67.16062500108146,"S001 / S002,S003,S005,S006,S007,S008,S009,S011,S012,S013,S015 / S004,S010,S014",4,4,5,6,6,6,4,4,0,2,3,0,2,2,2,0
clone-3-0694-preserve_ids,clone,preserve_ids,3,0.8461621477390947,5,67.58743663533544,"S001,S014 / S002,S003,S005,S006,S007,S008,S009,S011,S013,S015 / S004,S010,S012",4,5,5,6,6,6,5,5,0,3,3,0,2,2,3,0
clone-3-0695-preserve_ids,clone,preserve_ids,3,0.9472105166831256,5,67.58743663533544,"S001 / S002,S003,S005,S006,S007,S008,S009,S011,S013,S014,S015 / S004,S010,S012",4,4,5,6,5,6,4,5,0,2,3,0,1,2,2,0
clone-3-0696-preserve_ids,clone,preserve_ids,3,0.8566064132525141,4,67.16062500108146,"S001 / S002,S003,S005,S006,S007,S008,S009,S011,S013,S015 / S004,S010,S012,S014",4,4,5,6,6,6,4,4,0,2,3,0,2,2,2,0
clone-3-0697-preserve_ids,clone,preserve_ids,3,0.6472120398656319,6,69.08311756900133,"S001,S010,S012,S014 / S002,S003,S005,S006,S007,S009,S011,S013,S015 / S004,S008",4,5,5,6,6,6,6,6,0,3,3,0,2,2,4,0
clone-3-0698-preserve_ids,clone,preserve_ids,3,0.7414477835877815,7,69.50992920325533,"S001,S010,S012 / S002,S003,S005,S006,S007,S009,S011,S013,S014,S015 / S004,S008",4,6,5,6,6,6,6,7,0,4,3,0,2,2,4,1
clone-3-0699-preserve_ids,clone,preserve_ids,3,0.6445581069996182,7,69.50992920325531,"S001,S010,S012 / S002,S003,S005,S006,S007,S009,S011,S013,S015 / S004,S008,S014",4,5,5,6,5,6,6,7,0,3,3,0,1,2,4,1
clone-3-0700-preserve_ids,clone,preserve_ids,3,0.7442003333130839,5,68.36776585048835,"S001,S010,S014 / S002,S003,S005,S006,S007,S009,S011,S012,S013,S015 / S004,S008",4,6,5,6,6,6,5,5,0,4,3,0,2,2,3,0
clone-3-0701-preserve_ids,clone,preserve_ids,3,0.843250682333348,6,68.79457748474233,"S001,S010 / S002,S003,S005,S006,S007,S009,S011,S012,S013,S014,S015 / S004,S008",4,5,5,6,6,6,5,6,0,3,3,0,2,2,3,0
clone-3-0702-preserve_ids,clone,preserve_ids,3,0.7507289509611837,6,68.79457748474233,"S001,S010 / S002,S003,S005,S006,S007,S009,S011,S012,S013,S015 / S004,S008,S014",4,5,5,6,5,6,5,6,0,3,3,0,1,2,3,0
clone-3-0703-preserve_ids,clone,preserve_ids,3,0.6447729973167468,5,68.36776585048835,"S001,S010,S014 / S002,S003,S005,S006,S007,S009,S011,S013,S015 / S004,S008,S012",4,5,5,6,6,6,5,5,0,3,3,0,2,2,3,0
clone-3-0704-preserve_ids,clone,preserve_ids,3,0.7481856068283446,6,68.79457748474233,"S001,S010 / S002,S003,S005,S006,S007,S009,S011,S013,S014,S015 / S004,S008,S012",4,5,5,6,6,6,5,6,0,3,3,0,2,2,3,0
clone-3-0705-preserve_ids,clone,preserve_ids,3,0.6623293234735051,6,68.79457748474233,"S001,S010 / S002,S003,S005,S006,S007,S009,S011,S013,S015 / S004,S008,S012,S014",4,4,5,6,5,6,5,6,0,2,3,0,1,2,3,0
clone-3-0706-preserve_ids,clone,preserve_ids,3,0.7252246203601506,7,69.50992920325533,"S001,S012,S014 / S002,S003,S005,S006,S007,S009,S010,S011,S013,S015 / S004,S008",4,4,5,6,6,6,6,7,0,2,3,0,2,2,4,1
clone-3-0707-preserve_ids,clone,preserve_ids,3,0.8234975663078139,6,69.08311756900133,"S001,S012 / S002,S003,S005,S006,S007,S009,S010,S011,S013,S014,S015 / S004,S008",4,5,5,6,6,6,5,6,0,3,3,0,2,2,3,0
clone-3-0708-preserve_ids,clone,preserve_ids,3,0.7301989653358232,7,69.50992920325533,"S001,S012 / S002,S003,S005,S006,S007,S009,S010,S011,S013,S015 / S004,S008,S014",4,4,5,6,5,6,5,7,0,2,3,0,1,2,3,1
clone-3-0709-preserve_ids,clone,preserve_ids,3,0.8263433049911324,6,68.79457748474235,"S001,S014 / S002,S003,S005,S006,S007,S009,S010,S011,S012,S013,S015 / S004,S008",4,5,5,6,6,6,5,6,0,3,3,0,2,2,3,0
clone-3-0710-preserve_ids,clone,preserve_ids,3,0.9281254954768702,5,68.36776585048835,"S001 / S002,S003,S005,S006,S007,S009,S010,S011,S012,S013,S014,S015 / S004,S008",4,4,5,6,6,6,4,5,0,2,3,0,2,2,2,0
clone-3-0711-preserve_ids,clone,preserve_ids,3,0.838612621930248,6,68.79457748474233,"S001 / S002,S003,S005,S006,S007,S009,S010,S011,S012,S013,S015 / S004,S008,S014",4,4,5,6,5,6,4,6,0,2,3,0,1,2,2,0
clone-3-0712-preserve_ids,clone,preserve_ids,3,0.7305959496080915,6,68.79457748474233,"S001,S014 / S002,S003,S005,S006,S007,S009,S010,S011,S013,S015 / S004,S008,S012",4,4,5,6,6,6,5,6,0,2,3,0,2,2,3,0
clone-3-0713-preserve_ids,clone,preserve_ids,3,0.8361555036464163,5,68.36776585048835,"S001 / S002,S003,S005,S006,S007,S009,S010,S011,S013,S014,S015 / S004,S008,S012",4,4,5,6,6,6,4,5,0,2,3,0,2,2,2,0
clone-3-0714-preserve_ids,clone,preserve_ids,3,0.7532505602366861,6,68.79457748474233,"S001 / S002,S003,S005,S006,S007,S009,S010,S011,S013,S015 / S004,S008,S012,S014",4,3,5,6,5,6,4,6,0,1,3,0,1,2,2,0
clone-3-0715-preserve_ids,clone,preserve_ids,3,0.6436132337754242,7,69.50992920325531,"S001,S012,S014 / S002,S003,S005,S006,S007,S009,S011,S013,S015 / S004,S008,S010",4,4,5,6,5,6,6,7,0,2,3,0,1,2,4,1
clone-3-0716-preserve_ids,clone,preserve_ids,3,0.7454981127944883,7,69.50992920325533,"S001,S012 / S002,S003,S005,S006,S007,S009,S011,S013,S014,S015 / S004,S008,S010",4,5,5,6,5,6,5,7,0,3,3,0,1,2,3,1
clone-3-0717-preserve_ids,clone,preserve_ids,3,0.657377991676725,6,69.08311756900133,"S001,S012 / S002,S003,S005,S006,S007,S009,S011,S013,S015 / S004,S008,S010,S014",4,4,5,6,4,6,5,6,0,2,3,0,0,2,3,0
clone-3-0718-preserve_ids,clone,preserve_ids,3,0.7484381098878964,6,68.79457748474233,"S001,S014 / S002,S003,S005,S006,S007,S009,S011,S012,S013,S015 / S004,S008,S010",4,5,5,6,5,6,5,6,0,3,3,0,1,2,3,0
clone-3-0719-preserve_ids,clone,preserve_ids,3,0.8532673858375239,6,68.79457748474233,"S001 / S002,S003,S005,S006,S007,S009,S011,S012,S013,S014,S015 / S004,S008,S010",4,4,5,6,5,6,4,6,0,2,3,0,1,2,2,0
clone-3-0720-preserve_ids,clone,preserve_ids,3,0.7689314186185316,5,68.36776585048835,"S001 / S002,S003,S005,S006,S007,S009,S011,S012,S013,S015 / S004,S008,S010,S014",4,4,5,6,4,6,4,5,0,2,3,0,0,2,2,0
clone-3-0721-preserve_ids,clone,preserve_ids,3,0.6580490744492529,6,68.79457748474233,"S001,S014 / S002,S003,S005,S006,S007,S009,S011,S013,S015 / S004,S008,S010,S012",4,4,5,6,5,6,5,6,0,2,3,0,1,2,3,0
clone-3-0722-preserve_ids,clone,preserve_ids,3,0.766646019248048,6,68.79457748474233,"S001 / S002,S003,S005,S006,S007,S009,S011,S013,S014,S015 / S004,S008,S010,S012",4,4,5,6,5,6,4,6,0,2,3,0,1,2,2,0
clone-3-0723-preserve_ids,clone,preserve_ids,3,0.6908781365376488,5,68.36776585048835,"S001 / S002,S003,S005,S006,S007,S009,S011,S013,S015 / S004,S008,S010,S012,S014",4,3,5,6,4,6,4,5,0,1,3,0,0,2,2,0
clone-3-0724-preserve_ids,clone,preserve_ids,3,0.29303424039689385,6,69.57490669989525,"S001,S004,S008,S010,S012,S014 / S002,S009,S013 / S003,S005,S006,S007,S011,S015",6,3,5,6,4,6,5,6,2,1,3,0,0,2,3,0
clone-3-0725-preserve_ids,clone,preserve_ids,3,0.2318976951117482,7,70.00171833414923,"S001,S004,S008,S010,S012 / S002,S009,S013,S014 / S003,S005,S006,S007,S011,S015",6,4,5,6,5,6,5,7,2,2,3,0,1,2,3,1
clone-3-0726-preserve_ids,clone,preserve_ids,3,0.34430863313287374,7,70.00171833414923,"S001,S004,S008,S010,S012 / S002,S009,S013 / S003,S005,S006,S007,S011,S014,S015",6,4,5,6,5,6,5,7,2,2,3,0,1,2,3,1
clone-3-0727-preserve_ids,clone,preserve_ids,3,0.23073767846516094,6,69.57490669989525,"S001,S004,S008,S010,S014 / S002,S009,S012,S013 / S003,S005,S006,S007,S011,S015",6,4,5,6,4,6,5,6,2,2,3,0,0,2,3,0
clone-3-0728-preserve_ids,clone,preserve_ids,3,0.2179989383662204,7,70.00171833414923,"S001,S004,S008,S010 / S002,S009,S012,S013,S014 / S003,S005,S006,S007,S011,S015",6,4,5,6,5,6,5,7,2,2,3,0,1,2,3,1
clone-3-0729-preserve_ids,clone,preserve_ids,3,0.314813179559577,7,70.00171833414923,"S001,S004,S008,S010 / S002,S009,S012,S013 / S003,S005,S006,S007,S011,S014,S015",6,5,5,6,5,6,5,7,2,3,3,0,1,2,3,1
clone-3-0730-preserve_ids,clone,preserve_ids,3,0.3461943590297596,7,70.29025841840823,"S001,S004,S008,S010,S014 / S002,S009,S013 / S003,S005,S006,S007,S011,S012,S015",6,4,5,6,4,6,6,7,2,2,3,0,0,2,4,1
clone-3-0731-preserve_ids,clone,preserve_ids,3,0.31772016324630403,8,70.71707005266221,"S001,S004,S008,S010 / S002,S009,S013,S014 / S003,S005,S006,S007,S011,S012,S015",6,5,5,6,5,6,6,8,2,3,3,0,1,2,4,2
clone-3-0732-preserve_ids,clone,preserve_ids,3,0.42297291750302385,8,70.71707005266221,"S001,S004,S008,S010 / S002,S009,S013 / S003,S005,S006,S007,S011,S012,S014,S015",6,4,5,6,5,6,6,8,2,2,3,0,1,2,4,2
clone-3-0733-preserve_ids,clone,preserve_ids,3,0.23953798092339415,7,70.00171833414923,"S001,S004,S008,S012,S014 / S002,S009,S010,S013 / S003,S005,S006,S007,S011,S015",6,4,5,6,5,6,5,7,2,2,3,0,1,2,3,1
clone-3-0734-preserve_ids,clone,preserve_ids,3,0.21592132770103908,6,69.57490669989525,"S001,S004,S008,S012 / S002,S009,S010,S013,S014 / S003,S005,S006,S007,S011,S015",6,5,5,6,6,6,5,6,2,3,3,0,2,2,3,0
clone-3-0735-preserve_ids,clone,preserve_ids,3,0.31737338161664225,7,70.00171833414923,"S001,S004,S008,S012 / S002,S009,S010,S013 / S003,S005,S006,S007,S011,S014,S015",6,5,5,6,6,6,5,7,2,3,3,0,2,2,3,1
clone-3-0736-preserve_ids,clone,preserve_ids,3,0.21608112063351095,7,70.00171833414923,"S001,S004,S008,S014 / S002,S009,S010,S012,S013 / S003,S005,S006,S007,S011,S015",6,5,5,6,5,6,5,7,2,3,3,0,1,2,3,1
clone-3-0737-preserve_ids,clone,preserve_ids,3,0.2496213373446018,6,69.57490669989525,"S001,S004,S008 / S002,S009,S010,S012,S013,S014 / S003,S005,S006,S007,S011,S015",6,5,5,6,6,6,5,6,2,3,3,0,2,2,3,0
clone-3-0738-preserve_ids,clone,preserve_ids,3,0.3212889084674969,7,70.00171833414923,"S001,S004,S008 / S002,S009,S010,S012,S013 / S003,S005,S006,S007,S011,S014,S015",6,6,5,6,6,6,5,7,2,4,3,0,2,2,3,1
clone-3-0739-preserve_ids,clone,preserve_ids,3,0.3198918732467784,8,70.71707005266221,"S001,S004,S008,S014 / S002,S009,S010,S013 / S003,S005,S006,S007,S011,S012,S015",6,5,5,6,5,6,6,8,2,3,3,0,1,2,4,2
clone-3-0740-preserve_ids,clone,preserve_ids,3,0.32367032452285666,7,70.29025841840823,"S001,S004,S008 / S002,S009,S010,S013,S014 / S003,S005,S006,S007,S011,S012,S015",6,6,5,6,6,6,6,7,2,4,3,0,2,2,4,1
clone-3-0741-preserve_ids,clone,preserve_ids,3,0.41479442563203506,8,70.71707005266221,"S001,S004,S008 / S002,S009,S010,S013 / S003,S005,S006,S007,S011,S012,S014,S015",6,5,5,6,6,6,6,8,2,3,3,0,2,2,4,2
clone-3-0742-preserve_ids,clone,preserve_ids,3,0.33355782867694345,7,70.00171833414923,"S001,S004,S008,S012,S014 / S002,S009,S013 / S003,S005,S006,S007,S010,S011,S015",6,3,5,6,5,6,5,7,2,1,3,0,1,2,3,1
clone-3-0743-preserve_ids,clone,preserve_ids,3,0.29972712635648635,7,70.00171833414923,"S001,S004,S008,S012 / S002,S009,S013,S014 / S003,S005,S006,S007,S010,S011,S015",6,4,5,6,6,6,5,7,2,2,3,0,2,2,3,1
clone-3-0744-preserve_ids,clone,preserve_ids,3,0.40654187284299126,6,69.57490669989525,"S001,S004,S008,S012 / S002,S009,S013 / S003,S005,S006,S007,S010,S011,S014,S015",6,4,5,6,6,6,5,6,2,2,3,0,2,2,3,0
clone-3-0745-preserve_ids,clone,preserve_ids,3,0.29933682261896827,7,70.00171833414923,"S001,S004,S008,S014 / S002,S009,S012,S013 / S003,S005,S006,S007,S010,S011,S015",6,4,5,6,5,6,5,7,2,2,3,0,1,2,3,1
clone-3-0746-preserve_ids,clone,preserve_ids,3,0.30749673899085506,7,70.00171833414923,"S001,S004,S008 / S002,S009,S012,S013,S014 / S003,S005,S006,S007,S010,S011,S015",6,4,5,6,6,6,5,7,2,2,3,0,2,2,3,1
clone-3-0747-preserve_ids,clone,preserve_ids,3,0.3959874942907977,6,69.57490669989525,"S001,S004,S008 / S002,S009,S012,S013 / S003,S005,S006,S007,S010,S011,S014,S015",6,5,5,6,6,6,5,6,2,3,3,0,2,2,3,0
clone-3-0748-preserve_ids,clone,preserve_ids,3,0.4088815102466592,8,70.71707005266221,"S001,S004,S008,S014 / S002,S009,S013 / S003,S005,S006,S007,S010,S011,S012,S015",6,4,5,6,5,6,6,8,2,2,3,0,1,2,4,2
clone-3-0749-preserve_ids,clone,preserve_ids,3,0.39868246460046874,8,70.71707005266221,"S001,S004,S008 / S002,S009,S013,S014 / S003,S005,S006,S007,S010,S011,S012,S015",6,5,5,6,6,6,6,8,2,3,3,0,2,2,4,2
clone-3-0750-preserve_ids,clone,preserve_ids,3,0.49756983895403967,7,70.29025841840823,"S001,S004,S008 / S002,S009,S013 / S003,S005,S006,S007,S010,S011,S012,S014,S015",6,4,5,6,6,6,6,7,2,2,3,0,2,2,4,1
clone-3-0751-preserve_ids,clone,preserve_ids,3,0.21866046907923375,5,68.36776585048835,"S001,S004,S010,S012,S014 / S002,S008,S009,S013 / S003,S005,S006,S007,S011,S015",6,5,5,6,6,6,5,5,2,3,3,0,2,2,3,0
clone-3-0752-preserve_ids,clone,preserve_ids,3,0.26214418188802135,6,68.79457748474233,"S001,S004,S010,S012 / S002,S008,S009,S013,S014 / S003,S005,S006,S007,S011,S015",6,5,5,6,5,6,5,6,2,3,3,0,1,2,3,0
clone-3-0753-preserve_ids,clone,preserve_ids,3,0.32709573177605084,6,68.79457748474233,"S001,S004,S010,S012 / S002,S008,S009,S013 / S003,S005,S006,S007,S011,S014,S015",6,6,5,6,6,6,5,6,2,4,3,0,2,2,3,0
clone-3-0754-preserve_ids,clone,preserve_ids,3,0.2639838608155948,5,68.36776585048835,"S001,S004,S010,S014 / S002,S008,S009,S012,S013 / S003,S005,S006,S007,S011,S015",6,5,5,6,6,6,5,5,2,3,3,0,2,2,3,0
clone-3-0755-preserve_ids,clone,preserve_ids,3,0.3420099940689558,6,68.79457748474233,"S001,S004,S010 / S002,S008,S009,S012,S013,S014 / S003,S005,S006,S007,S011,S015",6,4,5,6,5,6,5,6,2,2,3,0,1,2,3,0
clone-3-0756-preserve_ids,clone,preserve_ids,3,0.3769015637210094,6,68.79457748474233,"S001,S004,S010 / S002,S008,S009,S012,S013 / S003,S005,S006,S007,S011,S014,S015",6,5,5,6,6,6,5,6,2,3,3,0,2,2,3,0
clone-3-0757-preserve_ids,clone,preserve_ids,3,0.33022114230363375,6,69.08311756900133,"S001,S004,S010,S014 / S002,S008,S009,S013 / S003,S005,S006,S007,S011,S012,S015",6,6,5,6,6,6,6,6,2,4,3,0,2,2,4,0
clone-3-0758-preserve_ids,clone,preserve_ids,3,0.3783401474073052,7,69.50992920325531,"S001,S004,S010 / S002,S008,S009,S013,S014 / S003,S005,S006,S007,S011,S012,S015",6,5,5,6,5,6,6,7,2,3,3,0,1,2,4,1
clone-3-0759-preserve_ids,clone,preserve_ids,3,0.44113649332675575,7,69.50992920325531,"S001,S004,S010 / S002,S008,S009,S013 / S003,S005,S006,S007,S011,S012,S014,S015",6,5,5,6,6,6,6,7,2,3,3,0,2,2,4,1
clone-3-0760-preserve_ids,clone,preserve_ids,3,0.2518156378687852,6,68.79457748474233,"S001,S004,S012,S014 / S002,S008,S009,S010,S013 / S003,S005,S006,S007,S011,S015",6,4,5,6,5,6,5,6,2,2,3,0,1,2,3,0
clone-3-0761-preserve_ids,clone,preserve_ids,3,0.3250452081376051,5,68.36776585048835,"S001,S004,S012 / S002,S008,S009,S010,S013,S014 / S003,S005,S006,S007,S011,S015",6,4,5,6,4,6,4,5,2,2,3,0,0,2,2,0
clone-3-0762-preserve_ids,clone,preserve_ids,3,0.36504572690624115,6,68.79457748474233,"S001,S004,S012 / S002,S008,S009,S010,S013 / S003,S005,S006,S007,S011,S014,S015",6,5,5,6,5,6,4,6,2,3,3,0,1,2,2,0
clone-3-0763-preserve_ids,clone,preserve_ids,3,0.32745685162978355,6,68.79457748474233,"S001,S004,S014 / S002,S008,S009,S010,S012,S013 / S003,S005,S006,S007,S011,S015",6,4,5,6,5,6,5,6,2,2,3,0,1,2,3,0
clone-3-0764-preserve_ids,clone,preserve_ids,3,0.4193416834150838,5,68.36776585048835,"S001,S004 / S002,S008,S009,S010,S012,S013,S014 / S003,S005,S006,S007,S011,S015",6,3,5,6,4,6,4,5,2,1,3,0,0,2,2,0
clone-3-0765-preserve_ids,clone,preserve_ids,3,0.4361918727952277,6,68.79457748474233,"S001,S004 / S002,S008,S009,S010,S012,S013 / S003,S005,S006,S007,S011,S014,S015",6,4,5,6,5,6,4,6,2,2,3,0,1,2,2,0
clone-3-0766-preserve_ids,clone,preserve_ids,3,0.3682602553182524,7,69.50992920325531,"S001,S004,S014 / S002,S008,S009,S010,S013 / S003,S005,S006,S007,S011,S012,S015",6,5,5,6,5,6,6,7,2,3,3,0,1,2,4,1
clone-3-0767-preserve_ids,clone,preserve_ids,3,0.4370892133890924,6,69.08311756900133,"S001,S004 / S002,S008,S009,S010,S013,S014 / S003,S005,S006,S007,S011,S012,S015",6,4,5,6,4,6,5,6,2,2,3,0,0,2,3,0
clone-3-0768-preserve_ids,clone,preserve_ids,3,0.4814966965789669,7,69.50992920325531,"S001,S004 / S002,S008,S009,S010,S013 / S003,S005,S006,S007,S011,S012,S014,S015",6,4,5,6,5,6,5,7,2,2,3,0,1,2,3,1
clone-3-0769-preserve_ids,clone,preserve_ids,3,0.3086240885014706,6,68.79457748474233,"S001,S004,S012,S014 / S002,S008,S009,S013 / S003,S005,S006,S007,S010,S011,S015",6,4,5,6,6,6,5,6,2,2,3,0,2,2,3,0
clone-3-0770-preserve_ids,clone,preserve_ids,3,0.35612364371414074,6,68.79457748474233,"S001,S004,S012 / S002,S008,S009,S013,S014 / S003,S005,S006,S007,S010,S011,S015",6,4,5,6,5,6,4,6,2,2,3,0,1,2,2,0
clone-3-0771-preserve_ids,clone,preserve_ids,3,0.41924234699000723,5,68.36776585048835,"S001,S004,S012 / S002,S008,S009,S013 / S003,S005,S006,S007,S010,S011,S014,S015",6,5,5,6,6,6,4,5,2,3,3,0,2,2,2,0
clone-3-0772-preserve_ids,clone,preserve_ids,3,0.35790334466438756,6,68.79457748474233,"S001,S004,S014 / S002,S008,S009,S012,S013 / S003,S005,S006,S007,S010,S011,S015",6,4,5,6,6,6,5,6,2,2,3,0,2,2,3,0
clone-3-0773-preserve_ids,clone,preserve_ids,3,0.4313307450703908,6,68.79457748474233,"S001,S004 / S002,S008,S009,S012,S013,S014 / S003,S005,S006,S007,S010,S011,S015",6,3,5,6,5,6,4,6,2,1,3,0,1,2,2,0
clone-3-0774-preserve_ids,clone,preserve_ids,3,0.4709545780479861,5,68.36776585048835,"S001,S004 / S002,S008,S009,S012,S013 / S003,S005,S006,S007,S010,S011,S014,S015",6,4,5,6,6,6,4,5,2,2,3,0,2,2,2,0
clone-3-0775-preserve_ids,clone,preserve_ids,3,0.42240291933247803,7,69.50992920325531,"S001,S004,S014 / S002,S008,S009,S013 / S003,S005,S006,S007,S010,S011,S012,S015",6,5,5,6,6,6,6,7,2,3,3,0,2,2,4,1
clone-3-0776-preserve_ids,clone,preserve_ids,3,0.47242728628387654,7,69.50992920325531,"S001,S004 / S002,S008,S009,S013,S014 / S003,S005,S006,S007,S010,S011,S012,S015",6,4,5,6,5,6,5,7,2,2,3,0,1,2,3,1
clone-3-0777-preserve_ids,clone,preserve_ids,3,0.5341495386865708,6,69.08311756900133,"S001,S004 / S002,S008,S009,S013 / S003,S005,S006,S007,S010,S011,S012,S014,S015",6,4,5,6,6,6,5,6,2,2,3,0,2,2,3,0
clone-3-0778-preserve_ids,clone,preserve_ids,3,0.42621392796513013,5,68.36776585048835,"S001,S004,S010,S012,S014 / S002,S009,S013 / S003,S005,S006,S007,S008,S011,S015",6,4,5,6,6,6,5,5,2,2,3,0,2,2,3,0
clone-3-0779-preserve_ids,clone,preserve_ids,3,0.4196017582755562,6,68.79457748474233,"S001,S004,S010,S012 / S002,S009,S013,S014 / S003,S005,S006,S007,S008,S011,S015",6,5,5,6,6,6,5,6,2,3,3,0,2,2,3,0
clone-3-0780-preserve_ids,clone,preserve_ids,3,0.5170467847332011,6,68.79457748474233,"S001,S004,S010,S012 / S002,S009,S013 / S003,S005,S006,S007,S008,S011,S014,S015",6,4,5,6,5,6,5,6,2,2,3,0,1,2,3,0
clone-3-0781-preserve_ids,clone,preserve_ids,3,0.41985861491375553,5,68.36776585048835,"S001,S004,S010,S014 / S002,S009,S012,S013 / S003,S005,S006,S007,S008,S011,S015",6,5,5,6,6,6,5,5,2,3,3,0,2,2,3,0
clone-3-0782-preserve_ids,clone,preserve_ids,3,0.44391977381720765,6,68.79457748474233,"S001,S004,S010 / S002,S009,S012,S013,S014 / S003,S005,S006,S007,S008,S011,S015",6,4,5,6,6,6,5,6,2,2,3,0,2,2,3,0
clone-3-0783-preserve_ids,clone,preserve_ids,3,0.5245459128473393,6,68.79457748474233,"S001,S004,S010 / S002,S009,S012,S013 / S003,S005,S006,S007,S008,S011,S014,S015",6,4,5,6,5,6,5,6,2,2,3,0,1,2,3,0
clone-3-0784-preserve_ids,clone,preserve_ids,3,0.5197538344112105,6,69.08311756900133,"S001,S004,S010,S014 / S002,S009,S013 / S003,S005,S006,S007,S008,S011,S012,S015",6,4,5,6,6,6,6,6,2,2,3,0,2,2,4,0
clone-3-0785-preserve_ids,clone,preserve_ids,3,0.527009928272423,7,69.50992920325531,"S001,S004,S010 / S002,S009,S013,S014 / S003,S005,S006,S007,S008,S011,S012,S015",6,4,5,6,6,6,6,7,2,2,3,0,2,2,4,1
clone-3-0786-preserve_ids,clone,preserve_ids,3,0.6182226941068909,7,69.50992920325533,"S001,S004,S010 / S002,S009,S013 / S003,S005,S006,S007,S008,S011,S012,S014,S015",6,3,5,6,5,6,6,7,2,1,3,0,1,2,4,1
clone-3-0787-preserve_ids,clone,preserve_ids,3,0.41858375373401363,6,68.79457748474233,"S001,S004,S012,S014 / S002,S009,S010,S013 / S003,S005,S006,S007,S008,S011,S015",6,4,5,6,6,6,5,6,2,2,3,0,2,2,3,0
clone-3-0788-preserve_ids,clone,preserve_ids,3,0.43698487679174536,5,68.36776585048835,"S001,S004,S012 / S002,S009,S010,S013,S014 / S003,S005,S006,S007,S008,S011,S015",6,5,5,6,6,6,4,5,2,3,3,0,2,2,2,0
clone-3-0789-preserve_ids,clone,preserve_ids,3,0.5211136865892284,6,68.79457748474233,"S001,S004,S012 / S002,S009,S010,S013 / S003,S005,S006,S007,S008,S011,S014,S015",6,4,5,6,5,6,4,6,2,2,3,0,1,2,2,0
clone-3-0790-preserve_ids,clone,preserve_ids,3,0.43792362254936607,6,68.79457748474233,"S001,S004,S014 / S002,S009,S010,S012,S013 / S003,S005,S006,S007,S008,S011,S015",6,5,5,6,6,6,5,6,2,3,3,0,2,2,3,0
clone-3-0791-preserve_ids,clone,preserve_ids,3,0.48362868892731076,5,68.36776585048835,"S001,S004 / S002,S009,S010,S012,S013,S014 / S003,S005,S006,S007,S008,S011,S015",6,4,5,6,6,6,4,5,2,2,3,0,2,2,2,0
clone-3-0792-preserve_ids,clone,preserve_ids,3,0.5489192177391806,6,68.79457748474233,"S001,S004 / S002,S009,S010,S012,S013 / S003,S005,S006,S007,S008,S011,S014,S015",6,4,5,6,5,6,4,6,2,2,3,0,1,2,2,0
clone-3-0793-preserve_ids,clone,preserve_ids,3,0.524088726237441,7,69.50992920325531,"S001,S004,S014 / S002,S009,S010,S013 / S003,S005,S006,S007,S008,S011,S012,S015",6,4,5,6,6,6,6,7,2,2,3,0,2,2,4,1
clone-3-0794-preserve_ids,clone,preserve_ids,3,0.5509995549725045,6,69.08311756900133,"S001,S004 / S002,S009,S010,S013,S014 / S003,S005,S006,S007,S008,S011,S012,S015",6,4,5,6,6,6,5,6,2,2,3,0,2,2,3,0
clone-3-0795-preserve_ids,clone,preserve_ids,3,0.6303905887161491,7,69.50992920325531,"S001,S004 / S002,S009,S010,S013 / S003,S005,S006,S007,S008,S011,S012,S014,S015",6,3,5,6,5,6,5,7,2,1,3,0,1,2,3,1
clone-3-0796-preserve_ids,clone,preserve_ids,3,0.501138112595319,6,68.79457748474233,"S001,S004,S012,S014 / S002,S009,S013 / S003,S005,S006,S007,S008,S010,S011,S015",6,3,5,6,5,6,5,6,2,1,3,0,1,2,3,0
clone-3-0797-preserve_ids,clone,preserve_ids,3,0.5061766305363721,6,68.79457748474233,"S001,S004,S012 / S002,S009,S013,S014 / S003,S005,S006,S007,S008,S010,S011,S015",6,4,5,6,5,6,4,6,2,2,3,0,1,2,2,0
clone-3-0798-preserve_ids,clone,preserve_ids,3,0.5984601687708557,5,68.36776585048835,"S001,S004,S012 / S002,S009,S013 / S003,S005,S006,S007,S008,S010,S011,S014,S015",6,3,5,6,4,6,4,5,2,1,3,0,0,2,2,0
clone-3-0799-preserve_ids,clone,preserve_ids,3,0.5066885138888247,6,68.79457748474233,"S001,S004,S014 / S002,S009,S012,S013 / S003,S005,S006,S007,S008,S010,S011,S015",6,4,5,6,5,6,5,6,2,2,3,0,1,2,3,0
clone-3-0800-preserve_ids,clone,preserve_ids,3,0.536828473000988,6,68.79457748474233,"S001,S004 / S002,S009,S012,S013,S014 / S003,S005,S006,S007,S008,S010,S011,S015",6,3,5,6,5,6,4,6,2,1,3,0,1,2,2,0
clone-3-0801-preserve_ids,clone,preserve_ids,3,0.6139515524636967,5,68.36776585048835,"S001,S004 / S002,S009,S012,S013 / S003,S005,S006,S007,S008,S010,S011,S014,S015",6,3,5,6,4,6,4,5,2,1,3,0,0,2,2,0
clone-3-0802-preserve_ids,clone,preserve_ids,3,0.6013043655755043,7,69.50992920325531,"S001,S004,S014 / S002,S009,S013 / S003,S005,S006,S007,S008,S010,S011,S012,S015",6,3,5,6,5,6,6,7,2,1,3,0,1,2,4,1
clone-3-0803-preserve_ids,clone,preserve_ids,3,0.6163038263890556,7,69.50992920325531,"S001,S004 / S002,S009,S013,S014 / S003,S005,S006,S007,S008,S010,S011,S012,S015",6,3,5,6,5,6,5,7,2,1,3,0,1,2,3,1
clone-3-0804-preserve_ids,clone,preserve_ids,3,0.7035327225381578,6,69.08311756900133,"S001,S004 / S002,S009,S013 / S003,S005,S006,S007,S008,S010,S011,S012,S014,S015",6,2,5,6,4,6,5,6,2,0,3,0,0,2,3,0
clone-3-0805-preserve_ids,clone,preserve_ids,3,0.22363842196092812,6,69.57490669989525,"S001,S008,S010,S012,S014 / S002,S004,S009,S013 / S003,S005,S006,S007,S011,S015",6,3,6,6,4,6,5,6,2,1,4,0,0,2,3,0
clone-3-0806-preserve_ids,clone,preserve_ids,3,0.22245472905686936,7,70.00171833414923,"S001,S008,S010,S012 / S002,S004,S009,S013,S014 / S003,S005,S006,S007,S011,S015",6,4,6,6,5,6,5,7,2,2,4,0,1,2,3,1
clone-3-0807-preserve_ids,clone,preserve_ids,3,0.3138084709767003,7,70.00171833414923,"S001,S008,S010,S012 / S002,S004,S009,S013 / S003,S005,S006,S007,S011,S014,S015",6,4,6,6,5,6,5,7,2,2,4,0,1,2,3,1
clone-3-0808-preserve_ids,clone,preserve_ids,3,0.22326106684337294,5,68.85955498138227,"S001,S008,S010,S014 / S002,S004,S009,S012,S013 / S003,S005,S006,S007,S011,S015",6,4,6,6,4,6,4,5,2,2,4,0,0,2,2,0
clone-3-0809-preserve_ids,clone,preserve_ids,3,0.27512479456199956,6,69.28636661563624,"S001,S008,S010 / S002,S004,S009,S012,S013,S014 / S003,S005,S006,S007,S011,S015",6,4,6,6,5,6,4,6,2,2,4,0,1,2,2,0
clone-3-0810-preserve_ids,clone,preserve_ids,3,0.33390898401162655,6,69.28636661563625,"S001,S008,S010 / S002,S004,S009,S012,S013 / S003,S005,S006,S007,S011,S014,S015",6,5,6,6,5,6,4,6,2,3,4,0,1,2,2,0
clone-3-0811-preserve_ids,clone,preserve_ids,3,0.31658472316647784,6,69.57490669989525,"S001,S008,S010,S014 / S002,S004,S009,S013 / S003,S005,S006,S007,S011,S012,S015",6,4,6,6,4,6,5,6,2,2,4,0,0,2,3,0
clone-3-0812-preserve_ids,clone,preserve_ids,3,0.3359850332991957,7,70.00171833414923,"S001,S008,S010 / S002,S004,S009,S013,S014 / S003,S005,S006,S007,S011,S012,S015",6,5,6,6,5,6,5,7,2,3,4,0,1,2,3,1
clone-3-0813-preserve_ids,clone,preserve_ids,3,0.41840612511542685,7,70.00171833414923,"S001,S008,S010 / S002,S004,S009,S013 / S003,S005,S006,S007,S011,S012,S014,S015",6,4,6,6,5,6,5,7,2,2,4,0,1,2,3,1
clone-3-0814-preserve_ids,clone,preserve_ids,3,0.21858947310146193,7,70.00171833414923,"S001,S008,S012,S014 / S002,S004,S009,S010,S013 / S003,S005,S006,S007,S011,S015",6,4,6,6,5,6,5,7,2,2,4,0,1,2,3,1
clone-3-0815-preserve_ids,clone,preserve_ids,3,0.26189582079814133,6,69.57490669989525,"S001,S008,S012 / S002,S004,S009,S010,S013,S014 / S003,S005,S006,S007,S011,S015",6,5,6,6,6,6,5,6,2,3,4,0,2,2,3,0
clone-3-0816-preserve_ids,clone,preserve_ids,3,0.3269725075284134,7,70.00171833414923,"S001,S008,S012 / S002,S004,S009,S010,S013 / S003,S005,S006,S007,S011,S014,S015",6,5,6,6,6,6,5,7,2,3,4,0,2,2,3,1
clone-3-0817-preserve_ids,clone,preserve_ids,3,0.2637318981703044,6,69.28636661563625,"S001,S008,S014 / S002,S004,S009,S010,S012,S013 / S003,S005,S006,S007,S011,S015",6,5,6,6,5,6,4,6,2,3,4,0,1,2,2,0
clone-3-0818-preserve_ids,clone,preserve_ids,3,0.34167054778751366,5,68.85955498138227,"S001,S008 / S002,S004,S009,S010,S012,S013,S014 / S003,S005,S006,S007,S011,S015",6,5,6,6,6,6,4,5,2,3,4,0,2,2,2,0
clone-3-0819-preserve_ids,clone,preserve_ids,3,0.3766593553825932,6,69.28636661563625,"S001,S008 / S002,S004,S009,S010,S012,S013 / S003,S005,S006,S007,S011,S014,S015",6,6,6,6,6,6,4,6,2,4,4,0,2,2,2,0
clone-3-0820-preserve_ids,clone,preserve_ids,3,0.3300969539414611,7,70.00171833414923,"S001,S008,S014 / S002,S004,S009,S010,S013 / S003,S005,S006,S007,S011,S012,S015",6,5,6,6,5,6,5,7,2,3,4,0,1,2,3,1
clone-3-0821-preserve_ids,clone,preserve_ids,3,0.3781007209174081,6,69.57490669989525,"S001,S008 / S002,S004,S009,S010,S013,S014 / S003,S005,S006,S007,S011,S012,S015",6,6,6,6,6,6,5,6,2,4,4,0,2,2,3,0
clone-3-0822-preserve_ids,clone,preserve_ids,3,0.44098735564891783,7,70.00171833414923,"S001,S008 / S002,S004,S009,S010,S013 / S003,S005,S006,S007,S011,S012,S014,S015",6,5,6,6,6,6,5,7,2,3,4,0,2,2,3,1
clone-3-0823-preserve_ids,clone,preserve_ids,3,0.2975480140426603,7,70.00171833414923,"S001,S008,S012,S014 / S002,S004,S009,S013 / S003,S005,S006,S007,S010,S011,S015",6,3,6,6,5,6,5,7,2,1,4,0,1,2,3,1
clone-3-0824-preserve_ids,clone,preserve_ids,3,0.31412550614747187,7,70.00171833414923,"S001,S008,S012 / S002,S004,S009,S013,S014 / S003,S005,S006,S007,S010,S011,S015",6,4,6,6,6,6,5,7,2,2,4,0,2,2,3,1
clone-3-0825-preserve_ids,clone,preserve_ids,3,0.39791020826118295,6,69.57490669989525,"S001,S008,S012 / S002,S004,S009,S013 / S003,S005,S006,S007,S010,S011,S014,S015",6,4,6,6,6,6,5,6,2,2,4,0,2,2,3,0
clone-3-0826-preserve_ids,clone,preserve_ids,3,0.3151778528657005,6,69.28636661563625,"S001,S008,S014 / S002,S004,S009,S012,S013 / S003,S005,S006,S007,S010,S011,S015",6,4,6,6,5,6,4,6,2,2,4,0,1,2,2,0
clone-3-0827-preserve_ids,clone,preserve_ids,3,0.36858279639839103,6,69.28636661563624,"S001,S008 / S002,S004,S009,S012,S013,S014 / S003,S005,S006,S007,S010,S011,S015",6,4,6,6,6,6,4,6,2,2,4,0,2,2,2,0
clone-3-0828-preserve_ids,clone,preserve_ids,3,0.4269928396013628,5,68.85955498138227,"S001,S008 / S002,S004,S009,S012,S013 / S003,S005,S006,S007,S010,S011,S014,S015",6,5,6,6,6,6,4,5,2,3,4,0,2,2,2,0
clone-3-0829-preserve_ids,clone,preserve_ids,3,0.40085952651374346,7,70.00171833414923,"S001,S008,S014 / S002,S004,S009,S013 / S003,S005,S006,S007,S010,S011,S012,S015",6,4,6,6,5,6,5,7,2,2,4,0,1,2,3,1
clone-3-0830-preserve_ids,clone,preserve_ids,3,0.4289714045301528,7,70.00171833414923,"S001,S008 / S002,S004,S009,S013,S014 / S003,S005,S006,S007,S010,S011,S012,S015",6,5,6,6,6,6,5,7,2,3,4,0,2,2,3,1
clone-3-0831-preserve_ids,clone,preserve_ids,3,0.5068158039038442,6,69.57490669989525,"S001,S008 / S002,S004,S009,S013 / S003,S005,S006,S007,S010,S011,S012,S014,S015",6,4,6,6,6,6,5,6,2,2,4,0,2,2,3,0
clone-3-0832-preserve_ids,clone,preserve_ids,3,0.2778182048492828,5,68.36776585048835,"S001,S010,S012,S014 / S002,S004,S008,S009,S013 / S003,S005,S006,S007,S011,S015",6,5,6,6,6,6,5,5,2,3,4,0,2,2,3,0
clone-3-0833-preserve_ids,clone,preserve_ids,3,0.3600758448645255,6,68.79457748474233,"S001,S010,S012 / S002,S004,S008,S009,S013,S014 / S003,S005,S006,S007,S011,S015",6,5,6,6,5,6,5,6,2,3,4,0,1,2,3,0
clone-3-0834-preserve_ids,clone,preserve_ids,3,0.390056939213437,6,68.79457748474233,"S001,S010,S012 / S002,S004,S008,S009,S013 / S003,S005,S006,S007,S011,S014,S015",6,6,6,6,6,6,5,6,2,4,4,0,2,2,3,0
clone-3-0835-preserve_ids,clone,preserve_ids,3,0.36265490890265684,4,67.65241413197538,"S001,S010,S014 / S002,S004,S008,S009,S012,S013 / S003,S005,S006,S007,S011,S015",6,5,6,6,6,6,4,4,2,3,4,0,2,2,2,0
clone-3-0836-preserve_ids,clone,preserve_ids,3,0.45865720093831347,5,68.07922576622936,"S001,S010 / S002,S004,S008,S009,S012,S013,S014 / S003,S005,S006,S007,S011,S015",6,4,6,6,5,6,4,5,2,2,4,0,1,2,2,0
clone-3-0837-preserve_ids,clone,preserve_ids,3,0.46868767509946996,5,68.07922576622936,"S001,S010 / S002,S004,S008,S009,S012,S013 / S003,S005,S006,S007,S011,S014,S015",6,5,6,6,6,6,4,5,2,3,4,0,2,2,2,0
clone-3-0838-preserve_ids,clone,preserve_ids,3,0.3932516141330179,5,68.36776585048835,"S001,S010,S014 / S002,S004,S008,S009,S013 / S003,S005,S006,S007,S011,S012,S015",6,6,6,6,6,6,5,5,2,4,4,0,2,2,3,0
clone-3-0839-preserve_ids,clone,preserve_ids,3,0.4693682819317076,6,68.79457748474233,"S001,S010 / S002,S004,S008,S009,S013,S014 / S003,S005,S006,S007,S011,S012,S015",6,5,6,6,5,6,5,6,2,3,4,0,1,2,3,0
clone-3-0840-preserve_ids,clone,preserve_ids,3,0.5059490871750351,6,68.79457748474233,"S001,S010 / S002,S004,S008,S009,S013 / S003,S005,S006,S007,S011,S012,S014,S015",6,5,6,6,6,6,5,6,2,3,4,0,2,2,3,0
clone-3-0841-preserve_ids,clone,preserve_ids,3,0.3450210216736359,6,68.79457748474233,"S001,S012,S014 / S002,S004,S008,S009,S010,S013 / S003,S005,S006,S007,S011,S015",6,4,6,6,5,6,5,6,2,2,4,0,1,2,3,0
clone-3-0842-preserve_ids,clone,preserve_ids,3,0.43914378625241834,5,68.36776585048835,"S001,S012 / S002,S004,S008,S009,S010,S013,S014 / S003,S005,S006,S007,S011,S015",6,4,6,6,4,6,4,5,2,2,4,0,0,2,2,0
clone-3-0843-preserve_ids,clone,preserve_ids,3,0.45240359915531125,6,68.79457748474233,"S001,S012 / S002,S004,S008,S009,S010,S013 / S003,S005,S006,S007,S011,S014,S015",6,5,6,6,5,6,4,6,2,3,4,0,1,2,2,0
clone-3-0844-preserve_ids,clone,preserve_ids,3,0.4419467497030677,5,68.07922576622936,"S001,S014 / S002,S004,S008,S009,S010,S012,S013 / S003,S005,S006,S007,S011,S015",6,4,6,6,5,6,4,5,2,2,4,0,1,2,2,0
clone-3-0845-preserve_ids,clone,preserve_ids,3,0.543599921902723,4,67.65241413197538,"S001 / S002,S004,S008,S009,S010,S012,S013,S014 / S003,S005,S006,S007,S011,S015",6,3,6,6,4,6,3,4,2,1,4,0,0,2,1,0
clone-3-0846-preserve_ids,clone,preserve_ids,3,0.54234171300126,5,68.07922576622936,"S001 / S002,S004,S008,S009,S010,S012,S013 / S003,S005,S006,S007,S011,S014,S015",6,4,6,6,5,6,3,5,2,2,4,0,1,2,1,0
clone-3-0847-preserve_ids,clone,preserve_ids,3,0.45549344732355984,6,68.79457748474233,"S001,S014 / S002,S004,S008,S009,S010,S013 / S003,S005,S006,S007,S011,S012,S015",6,5,6,6,5,6,5,6,2,3,4,0,1,2,3,0
clone-3-0848-preserve_ids,clone,preserve_ids,3,0.5426510233273001,5,68.36776585048835,"S001 / S002,S004,S008,S009,S010,S013,S014 / S003,S005,S006,S007,S011,S012,S015",6,4,6,6,4,6,4,5,2,2,4,0,0,2,2,0
clone-3-0849-preserve_ids,clone,preserve_ids,3,0.5652255988530694,6,68.79457748474233,"S001 / S002,S004,S008,S009,S010,S013 / S003,S005,S006,S007,S011,S012,S014,S015",6,4,6,6,5,6,4,6,2,2,4,0,1,2,2,0
clone-3-0850-preserve_ids,clone,preserve_ids,3,0.371144581083916,6,68.79457748474233,"S001,S012,S014 / S002,S004,S008,S009,S013 / S003,S005,S006,S007,S010,S011,S015",6,4,6,6,6,6,5,6,2,2,4,0,2,2,3,0
clone-3-0851-preserve_ids,clone,preserve_ids,3,0.44820532061351354,6,68.79457748474233,"S001,S012 / S002,S004,S008,S009,S013,S014 / S003,S005,S006,S007,S010,S011,S015",6,4,6,6,5,6,4,6,2,2,4,0,1,2,2,0
clone-3-0852-preserve_ids,clone,preserve_ids,3,0.4837828660142882,5,68.36776585048835,"S001,S012 / S002,S004,S008,S009,S013 / S003,S005,S006,S007,S010,S011,S014,S015",6,5,6,6,6,6,4,5,2,3,4,0,2,2,2,0
clone-3-0853-preserve_ids,clone,preserve_ids,3,0.4506160518211783,5,68.07922576622936,"S001,S014 / S002,S004,S008,S009,S012,S013 / S003,S005,S006,S007,S010,S011,S015",6,4,6,6,6,6,4,5,2,2,4,0,2,2,2,0
clone-3-0854-preserve_ids,clone,preserve_ids,3,0.5408980693525945,5,68.07922576622936,"S001 / S002,S004,S008,S009,S012,S013,S014 / S003,S005,S006,S007,S010,S011,S015",6,3,6,6,5,6,3,5,2,1,4,0,1,2,1,0
clone-3-0855-preserve_ids,clone,preserve_ids,3,0.5590532000588363,4,67.65241413197538,"S001 / S002,S004,S008,S009,S012,S013 / S003,S005,S006,S007,S010,S011,S014,S015",6,4,6,6,6,6,3,4,2,2,4,0,2,2,1,0
clone-3-0856-preserve_ids,clone,preserve_ids,3,0.48698457194388783,6,68.79457748474233,"S001,S014 / S002,S004,S008,S009,S013 / S003,S005,S006,S007,S010,S011,S012,S015",6,5,6,6,6,6,5,6,2,3,4,0,2,2,3,0
clone-3-0857-preserve_ids,clone,preserve_ids,3,0.5598944325725643,6,68.79457748474233,"S001 / S002,S004,S008,S009,S013,S014 / S003,S005,S006,S007,S010,S011,S012,S015",6,4,6,6,5,6,4,6,2,2,4,0,1,2,2,0
clone-3-0858-preserve_ids,clone,preserve_ids,3,0.5998564166569907,5,68.36776585048835,"S001 / S002,S004,S008,S009,S013 / S003,S005,S006,S007,S010,S011,S012,S014,S015",6,4,6,6,6,6,4,5,2,2,4,0,2,2,2,0
clone-3-0859-preserve_ids,clone,preserve_ids,3,0.4223933337085514,5,68.36776585048835,"S001,S010,S012,S014 / S002,S004,S009,S013 / S003,S005,S006,S007,S008,S011,S015",6,4,6,6,6,6,5,5,2,2,4,0,2,2,3,0
clone-3-0860-preserve_ids,clone,preserve_ids,3,0.45209284363649366,6,68.79457748474233,"S001,S010,S012 / S002,S004,S009,S013,S014 / S003,S005,S006,S007,S008,S011,S015",6,5,6,6,6,6,5,6,2,3,4,0,2,2,3,0
clone-3-0861-preserve_ids,clone,preserve_ids,3,0.529034438810572,6,68.79457748474233,"S001,S010,S012 / S002,S004,S009,S013 / S003,S005,S006,S007,S008,S011,S014,S015",6,4,6,6,5,6,5,6,2,2,4,0,1,2,3,0
clone-3-0862-preserve_ids,clone,preserve_ids,3,0.45332066184944103,4,67.65241413197538,"S001,S010,S014 / S002,S004,S009,S012,S013 / S003,S005,S006,S007,S008,S011,S015",6,5,6,6,6,6,4,4,2,3,4,0,2,2,2,0
clone-3-0863-preserve_ids,clone,preserve_ids,3,0.5077869821861063,5,68.07922576622936,"S001,S010 / S002,S004,S009,S012,S013,S014 / S003,S005,S006,S007,S008,S011,S015",6,4,6,6,6,6,4,5,2,2,4,0,2,2,2,0
clone-3-0864-preserve_ids,clone,preserve_ids,3,0.565817129912027,5,68.07922576622936,"S001,S010 / S002,S004,S009,S012,S013 / S003,S005,S006,S007,S008,S011,S014,S015",6,4,6,6,5,6,4,5,2,2,4,0,1,2,2,0
clone-3-0865-preserve_ids,clone,preserve_ids,3,0.53210162501283,5,68.36776585048835,"S001,S010,S014 / S002,S004,S009,S013 / S003,S005,S006,S007,S008,S011,S012,S015",6,4,6,6,6,6,5,5,2,2,4,0,2,2,3,0
clone-3-0866-preserve_ids,clone,preserve_ids,3,0.5677077093040722,6,68.79457748474233,"S001,S010 / S002,S004,S009,S013,S014 / S003,S005,S006,S007,S008,S011,S012,S015",6,4,6,6,6,6,5,6,2,2,4,0,2,2,3,0
clone-3-0867-preserve_ids,clone,preserve_ids,3,0.6410691338222718,6,68.79457748474233,"S001,S010 / S002,S004,S009,S013 / S003,S005,S006,S007,S008,S011,S012,S014,S015",6,3,6,6,5,6,5,6,2,1,4,0,1,2,3,0
clone-3-0868-preserve_ids,clone,preserve_ids,3,0.4452280433370575,6,68.79457748474233,"S001,S012,S014 / S002,S004,S009,S010,S013 / S003,S005,S006,S007,S008,S011,S015",6,4,6,6,6,6,5,6,2,2,4,0,2,2,3,0
clone-3-0869-preserve_ids,clone,preserve_ids,3,0.49551581405422224,5,68.36776585048835,"S001,S012 / S002,S004,S009,S010,S013,S014 / S003,S005,S006,S007,S008,S011,S015",6,5,6,6,6,6,4,5,2,3,4,0,2,2,2,0
clone-3-0870-preserve_ids,clone,preserve_ids,3,0.557097271496658,6,68.79457748474233,"S001,S012 / S002,S004,S009,S010,S013 / S003,S005,S006,S007,S008,S011,S014,S015",6,4,6,6,5,6,4,6,2,2,4,0,1,2,2,0
clone-3-0871-preserve_ids,clone,preserve_ids,3,0.4972457147555989,5,68.07922576622936,"S001,S014 / S002,S004,S009,S010,S012,S013 / S003,S005,S006,S007,S008,S011,S015",6,5,6,6,6,6,4,5,2,3,4,0,2,2,2,0
clone-3-0872-preserve_ids,clone,preserve_ids,3,0.5665133697972455,4,67.65241413197538,"S001 / S002,S004,S009,S010,S012,S013,S014 / S003,S005,S006,S007,S008,S011,S015",6,4,6,6,6,6,3,4,2,2,4,0,2,2,1,0
clone-3-0873-preserve_ids,clone,preserve_ids,3,0.6103857412605229,5,68.07922576622934,"S001 / S002,S004,S009,S010,S012,S013 / S003,S005,S006,S007,S008,S011,S014,S015",6,4,6,6,5,6,3,5,2,2,4,0,1,2,1,0
clone-3-0874-preserve_ids,clone,preserve_ids,3,0.5602811076942096,6,68.79457748474233,"S001,S014 / S002,S004,S009,S010,S013 / S003,S005,S006,S007,S008,S011,S012,S015",6,4,6,6,6,6,5,6,2,2,4,0,2,2,3,0
clone-3-0875-preserve_ids,clone,preserve_ids,3,0.6118912681181187,5,68.36776585048835,"S001 / S002,S004,S009,S010,S013,S014 / S003,S005,S006,S007,S008,S011,S012,S015",6,4,6,6,6,6,4,5,2,2,4,0,2,2,2,0
clone-3-0876-preserve_ids,clone,preserve_ids,3,0.672622081771389,6,68.79457748474233,"S001 / S002,S004,S009,S010,S013 / S003,S005,S006,S007,S008,S011,S012,S014,S015",6,3,6,6,5,6,4,6,2,1,4,0,1,2,2,0
clone-3-0877-preserve_ids,clone,preserve_ids,3,0.510907175250477,6,68.79457748474233,"S001,S012,S014 / S002,S004,S009,S013 / S003,S005,S006,S007,S008,S010,S011,S015",6,3,6,6,5,6,5,6,2,1,4,0,1,2,3,0
clone-3-0878-preserve_ids,clone,preserve_ids,3,0.5455877590978487,6,68.79457748474233,"S001,S012 / S002,S004,S009,S013,S014 / S003,S005,S006,S007,S008,S010,S011,S015",6,4,6,6,5,6,4,6,2,2,4,0,1,2,2,0
clone-3-0879-preserve_ids,clone,preserve_ids,3,0.619534947607301,5,68.36776585048835,"S001,S012 / S002,S004,S009,S013 / S003,S005,S006,S007,S008,S010,S011,S014,S015",6,3,6,6,4,6,4,5,2,1,4,0,0,2,2,0
clone-3-0880-preserve_ids,clone,preserve_ids,3,0.546882559518996,5,68.07922576622936,"S001,S014 / S002,S004,S009,S012,S013 / S003,S005,S006,S007,S008,S010,S011,S015",6,4,6,6,5,6,4,5,2,2,4,0,1,2,2,0
clone-3-0881-preserve_ids,clone,preserve_ids,3,0.6017446144114539,5,68.07922576622936,"S001 / S002,S004,S009,S012,S013,S014 / S003,S005,S006,S007,S008,S010,S011,S015",6,3,6,6,5,6,3,5,2,1,4,0,1,2,1,0
clone-3-0882-preserve_ids,clone,preserve_ids,3,0.6595953581147179,4,67.65241413197538,"S001 / S002,S004,S009,S012,S013 / S003,S005,S006,S007,S008,S010,S011,S014,S015",6,3,6,6,4,6,3,4,2,1,4,0,0,2,1,0
clone-3-0883-preserve_ids,clone,preserve_ids,3,0.6226427136594167,6,68.79457748474233,"S001,S014 / S002,S004,S009,S013 / S003,S005,S006,S007,S008,S010,S011,S012,S015",6,3,6,6,5,6,5,6,2,1,4,0,1,2,3,0
clone-3-0884-preserve_ids,clone,preserve_ids,3,0.6614468255152701,6,68.79457748474233,"S001 / S002,S004,S009,S013,S014 / S003,S005,S006,S007,S008,S010,S011,S012,S015",6,3,6,6,5,6,4,6,2,1,4,0,1,2,2,0
clone-3-0885-preserve_ids,clone,preserve_ids,3,0.7327056328223991,5,68.36776585048835,"S001 / S002,S004,S009,S013 / S003,S005,S006,S007,S008,S010,S011,S012,S014,S015",6,2,6,6,4,6,4,5,2,0,4,0,0,2,2,0
clone-3-0886-preserve_ids,clone,preserve_ids,3,0.3601768815797992,7,70.29025841840823,"S001,S008,S010,S012,S014 / S002,S009,S013 / S003,S004,S005,S006,S007,S011,S015",6,3,5,6,4,6,6,7,2,1,3,0,0,2,4,1
clone-3-0887-preserve_ids,clone,preserve_ids,3,0.3367745608748122,8,70.71707005266221,"S001,S008,S010,S012 / S002,S009,S013,S014 / S003,S004,S005,S006,S007,S011,S015",6,4,5,6,5,6,6,8,2,2,3,0,1,2,4,2
clone-3-0888-preserve_ids,clone,preserve_ids,3,0.44042166452029385,8,70.71707005266221,"S001,S008,S010,S012 / S002,S009,S013 / S003,S004,S005,S006,S007,S011,S014,S015",6,4,5,6,5,6,6,8,2,2,3,0,1,2,4,2
clone-3-0889-preserve_ids,clone,preserve_ids,3,0.3366429432339788,6,69.57490669989525,"S001,S008,S010,S014 / S002,S009,S012,S013 / S003,S004,S005,S006,S007,S011,S015",6,4,5,6,4,6,5,6,2,2,3,0,0,2,3,0
clone-3-0890-preserve_ids,clone,preserve_ids,3,0.35127535633639345,7,70.00171833414923,"S001,S008,S010 / S002,S009,S012,S013,S014 / S003,S004,S005,S006,S007,S011,S015",6,4,5,6,5,6,5,7,2,2,3,0,1,2,3,1
clone-3-0891-preserve_ids,clone,preserve_ids,3,0.43676128576098483,7,70.00171833414923,"S001,S008,S010 / S002,S009,S012,S013 / S003,S004,S005,S006,S007,S011,S014,S015",6,5,5,6,5,6,5,7,2,3,3,0,1,2,3,1
clone-3-0892-preserve_ids,clone,preserve_ids,3,0.4429101536157754,6,69.57490669989524,"S001,S008,S010,S014 / S002,S009,S013 / S003,S004,S005,S006,S007,S011,S012,S015",6,4,5,6,4,6,5,6,2,2,3,0,0,2,3,0
clone-3-0893-preserve_ids,clone,preserve_ids,3,0.4393713872794846,7,70.00171833414922,"S001,S008,S010 / S002,S009,S013,S014 / S003,S004,S005,S006,S007,S011,S012,S015",6,5,5,6,5,6,5,7,2,3,3,0,1,2,3,1
clone-3-0894-preserve_ids,clone,preserve_ids,3,0.5355272604101287,7,70.00171833414923,"S001,S008,S010 / S002,S009,S013 / S003,S004,S005,S006,S007,S011,S012,S014,S015",6,4,5,6,5,6,5,7,2,2,3,0,1,2,3,1
clone-3-0895-preserve_ids,clone,preserve_ids,3,0.33817995526240896,8,70.71707005266221,"S001,S008,S012,S014 / S002,S009,S010,S013 / S003,S004,S005,S006,S007,S011,S015",6,4,5,6,5,6,6,8,2,2,3,0,1,2,4,2
clone-3-0896-preserve_ids,clone,preserve_ids,3,0.34553075328735244,7,70.29025841840823,"S001,S008,S012 / S002,S009,S010,S013,S014 / S003,S004,S005,S006,S007,S011,S015",6,5,5,6,6,6,6,7,2,3,3,0,2,2,4,1
clone-3-0897-preserve_ids,clone,preserve_ids,3,0.43506044286357,8,70.71707005266221,"S001,S008,S012 / S002,S009,S010,S013 / S003,S004,S005,S006,S007,S011,S014,S015",6,5,5,6,6,6,6,8,2,3,3,0,2,2,4,2
clone-3-0898-preserve_ids,clone,preserve_ids,3,0.3462781591680917,7,70.00171833414923,"S001,S008,S014 / S002,S009,S010,S012,S013 / S003,S004,S005,S006,S007,S011,S015",6,5,5,6,5,6,5,7,2,3,3,0,1,2,3,1
clone-3-0899-preserve_ids,clone,preserve_ids,3,0.38898659199904684,6,69.57490669989525,"S001,S008 / S002,S009,S010,S012,S013,S014 / S003,S004,S005,S006,S007,S011,S015",6,5,5,6,6,6,5,6,2,3,3,0,2,2,3,0
clone-3-0900-preserve_ids,clone,preserve_ids,3,0.4560795580556951,7,70.00171833414923,"S001,S008 / S002,S009,S010,S012,S013 / S003,S004,S005,S006,S007,S011,S014,S015",6,6,5,6,6,6,5,7,2,4,3,0,2,2,3,1
clone-3-0901-preserve_ids,clone,preserve_ids,3,0.4379253342501676,7,70.00171833414922,"S001,S008,S014 / S002,S009,S010,S013 / S003,S004,S005,S006,S007,S011,S012,S015",6,5,5,6,5,6,5,7,2,3,3,0,1,2,3,1
clone-3-0902-preserve_ids,clone,preserve_ids,3,0.458249397883114,6,69.57490669989524,"S001,S008 / S002,S009,S010,S013,S014 / S003,S004,S005,S006,S007,S011,S012,S015",6,6,5,6,6,6,5,6,2,4,3,0,2,2,3,0
clone-3-0903-preserve_ids,clone,preserve_ids,3,0.5413563439118749,7,70.00171833414923,"S001,S008 / S002,S009,S010,S013 / S003,S004,S005,S006,S007,S011,S012,S014,S015",6,5,5,6,6,6,5,7,2,3,3,0,2,2,3,1
clone-3-0904-preserve_ids,clone,preserve_ids,3,0.4258837643829243,8,70.71707005266221,"S001,S008,S012,S014 / S002,S009,S013 / S003,S004,S005,S006,S007,S010,S011,S015",6,3,5,6,5,6,6,8,2,1,3,0,1,2,4,2
clone-3-0905-preserve_ids,clone,preserve_ids,3,0.41920728743895574,8,70.71707005266221,"S001,S008,S012 / S002,S009,S013,S014 / S003,S004,S005,S006,S007,S010,S011,S015",6,4,5,6,6,6,6,8,2,2,3,0,2,2,4,2
clone-3-0906-preserve_ids,clone,preserve_ids,3,0.516678756886147,7,70.29025841840823,"S001,S008,S012 / S002,S009,S013 / S003,S004,S005,S006,S007,S010,S011,S014,S015",6,4,5,6,6,6,6,7,2,2,3,0,2,2,4,1
clone-3-0907-preserve_ids,clone,preserve_ids,3,0.4194627087776605,7,70.00171833414923,"S001,S008,S014 / S002,S009,S012,S013 / S003,S004,S005,S006,S007,S010,S011,S015",6,4,5,6,5,6,5,7,2,2,3,0,1,2,3,1
clone-3-0908-preserve_ids,clone,preserve_ids,3,0.44348948019564105,7,70.00171833414923,"S001,S008 / S002,S009,S012,S013,S014 / S003,S004,S005,S006,S007,S010,S011,S015",6,4,5,6,6,6,5,7,2,2,3,0,2,2,3,1
clone-3-0909-preserve_ids,clone,preserve_ids,3,0.5241345381327313,6,69.57490669989525,"S001,S008 / S002,S009,S012,S013 / S003,S004,S005,S006,S007,S010,S011,S014,S015",6,5,5,6,6,6,5,6,2,3,3,0,2,2,3,0
clone-3-0910-preserve_ids,clone,preserve_ids,3,0.5193850162328918,7,70.00171833414923,"S001,S008,S014 / S002,S009,S013 / S003,S004,S005,S006,S007,S010,S011,S012,S015",6,4,5,6,5,6,5,7,2,2,3,0,1,2,3,1
clone-3-0911-preserve_ids,clone,preserve_ids,3,0.5265991427264894,7,70.00171833414923,"S001,S008 / S002,S009,S013,S014 / S003,S004,S005,S006,S007,S010,S011,S012,S015",6,5,5,6,6,6,5,7,2,3,3,0,2,2,3,1
clone-3-0912-preserve_ids,clone,preserve_ids,3,0.6178324514395758,6,69.57490669989525,"S001,S008 / S002,S009,S013 / S003,S004,S005,S006,S007,S010,S011,S012,S014,S015",6,4,5,6,6,6,5,6,2,2,3,0,2,2,3,0
clone-3-0913-preserve_ids,clone,preserve_ids,3,0.3525385921502548,6,69.08311756900133,"S001,S010,S012,S014 / S002,S008,S009,S013 / S003,S004,S005,S006,S007,S011,S015",6,5,5,6,6,6,6,6,2,3,3,0,2,2,4,0
clone-3-0914-preserve_ids,clone,preserve_ids,3,0.40121424973421654,7,69.50992920325531,"S001,S010,S012 / S002,S008,S009,S013,S014 / S003,S004,S005,S006,S007,S011,S015",6,5,5,6,5,6,6,7,2,3,3,0,1,2,4,1
clone-3-0915-preserve_ids,clone,preserve_ids,3,0.4637102152345553,7,69.50992920325531,"S001,S010,S012 / S002,S008,S009,S013 / S003,S004,S005,S006,S007,S011,S014,S015",6,6,5,6,6,6,6,7,2,4,3,0,2,2,4,1
clone-3-0916-preserve_ids,clone,preserve_ids,3,0.4029749520436974,5,68.36776585048835,"S001,S010,S014 / S002,S008,S009,S012,S013 / S003,S004,S005,S006,S007,S011,S015",6,5,5,6,6,6,5,5,2,3,3,0,2,2,3,0
clone-3-0917-preserve_ids,clone,preserve_ids,3,0.47482040091099414,6,68.79457748474233,"S001,S010 / S002,S008,S009,S012,S013,S014 / S003,S004,S005,S006,S007,S011,S015",6,4,5,6,5,6,5,6,2,2,3,0,1,2,3,0
clone-3-0918-preserve_ids,clone,preserve_ids,3,0.5160626024895519,6,68.79457748474233,"S001,S010 / S002,S008,S009,S012,S013 / S003,S004,S005,S006,S007,S011,S014,S015",6,5,5,6,6,6,5,6,2,3,3,0,2,2,3,0
clone-3-0919-preserve_ids,clone,preserve_ids,3,0.46688072461176783,5,68.36776585048834,"S001,S010,S014 / S002,S008,S009,S013 / S003,S004,S005,S006,S007,S011,S012,S015",6,6,5,6,6,6,5,5,2,4,3,0,2,2,3,0
clone-3-0920-preserve_ids,clone,preserve_ids,3,0.5175472144689711,6,68.79457748474233,"S001,S010 / S002,S008,S009,S013,S014 / S003,S004,S005,S006,S007,S011,S012,S015",6,5,5,6,5,6,5,6,2,3,3,0,1,2,3,0
clone-3-0921-preserve_ids,clone,preserve_ids,3,0.5788760676377576,6,68.79457748474233,"S001,S010 / S002,S008,S009,S013 / S003,S004,S005,S006,S007,S011,S012,S014,S015",6,5,5,6,6,6,5,6,2,3,3,0,2,2,3,0
clone-3-0922-preserve_ids,clone,preserve_ids,3,0.39116632210539387,7,69.50992920325531,"S001,S012,S014 / S002,S008,S009,S010,S013 / S003,S004,S005,S006,S007,S011,S015",6,4,5,6,5,6,6,7,2,2,3,0,1,2,4,1
clone-3-0923-preserve_ids,clone,preserve_ids,3,0.459387208444177,6,69.08311756900133,"S001,S012 / S002,S008,S009,S010,S013,S014 / S003,S004,S005,S006,S007,S011,S015",6,4,5,6,4,6,5,6,2,2,3,0,0,2,3,0
clone-3-0924-preserve_ids,clone,preserve_ids,3,0.5044034561302468,7,69.50992920325531,"S001,S012 / S002,S008,S009,S010,S013 / S003,S004,S005,S006,S007,S011,S014,S015",6,5,5,6,5,6,5,7,2,3,3,0,1,2,3,1
clone-3-0925-preserve_ids,clone,preserve_ids,3,0.46158232281974076,6,68.79457748474233,"S001,S014 / S002,S008,S009,S010,S012,S013 / S003,S004,S005,S006,S007,S011,S015",6,4,5,6,5,6,5,6,2,2,3,0,1,2,3,0
clone-3-0926-preserve_ids,clone,preserve_ids,3,0.5453988837396817,5,68.36776585048835,"S001 / S002,S008,S009,S010,S012,S013,S014 / S003,S004,S005,S006,S007,S011,S015",6,3,5,6,4,6,4,5,2,1,3,0,0,2,2,0
clone-3-0927-preserve_ids,clone,preserve_ids,3,0.5724142631891869,6,68.79457748474233,"S001 / S002,S008,S009,S010,S012,S013 / S003,S004,S005,S006,S007,S011,S014,S015",6,4,5,6,5,6,4,6,2,2,3,0,1,2,2,0
clone-3-0928-preserve_ids,clone,preserve_ids,3,0.5076181061522742,6,68.79457748474233,"S001,S014 / S002,S008,S009,S010,S013 / S003,S004,S005,S006,S007,S011,S012,S015",6,5,5,6,5,6,5,6,2,3,3,0,1,2,3,0
clone-3-0929-preserve_ids,clone,preserve_ids,3,0.5734891022350553,5,68.36776585048834,"S001 / S002,S008,S009,S010,S013,S014 / S003,S004,S005,S006,S007,S011,S012,S015",6,4,5,6,4,6,4,5,2,2,3,0,0,2,2,0
clone-3-0930-preserve_ids,clone,preserve_ids,3,0.620857538097468,6,68.79457748474233,"S001 / S002,S008,S009,S010,S013 / S003,S004,S005,S006,S007,S011,S012,S014,S015",6,4,5,6,5,6,4,6,2,2,3,0,1,2,2,0
clone-3-0931-preserve_ids,clone,preserve_ids,3,0.44494687540696987,7,69.50992920325531,"S001,S012,S014 / S002,S008,S009,S013 / S003,S004,S005,S006,S007,S010,S011,S015",6,4,5,6,6,6,6,7,2,2,3,0,2,2,4,1
clone-3-0932-preserve_ids,clone,preserve_ids,3,0.49531322152554674,7,69.50992920325531,"S001,S012 / S002,S008,S009,S013,S014 / S003,S004,S005,S006,S007,S010,S011,S015",6,4,5,6,5,6,5,7,2,2,3,0,1,2,3,1
clone-3-0933-preserve_ids,clone,preserve_ids,3,0.5568280948283643,6,69.08311756900133,"S001,S012 / S002,S008,S009,S013 / S003,S004,S005,S006,S007,S010,S011,S014,S015",6,5,5,6,6,6,5,6,2,3,3,0,2,2,3,0
clone-3-0934-preserve_ids,clone,preserve_ids,3,0.4970452424470001,6,68.79457748474233,"S001,S014 / S002,S008,S009,S012,S013 / S003,S004,S005,S006,S007,S010,S011,S015",6,4,5,6,6,6,5,6,2,2,3,0,2,2,3,0
clone-3-0935-preserve_ids,clone,preserve_ids,3,0.5663811653250286,6,68.79457748474233,"S001 / S002,S008,S009,S012,S013,S014 / S003,S004,S005,S006,S007,S010,S011,S015",6,3,5,6,5,6,4,6,2,1,3,0,1,2,2,0
clone-3-0936-preserve_ids,clone,preserve_ids,3,0.6101818345796871,5,68.36776585048835,"S001 / S002,S008,S009,S012,S013 / S003,S004,S005,S006,S007,S010,S011,S014,S015",6,4,5,6,6,6,4,5,2,2,3,0,2,2,2,0
clone-3-0937-preserve_ids,clone,preserve_ids,3,0.5600122053705807,6,68.79457748474233,"S001,S014 / S002,S008,S009,S013 / S003,S004,S005,S006,S007,S010,S011,S012,S015",6,5,5,6,6,6,5,6,2,3,3,0,2,2,3,0
clone-3-0938-preserve_ids,clone,preserve_ids,3,0.6116855635076623,6,68.79457748474233,"S001 / S002,S008,S009,S013,S014 / S003,S004,S005,S006,S007,S010,S011,S012,S015",6,4,5,6,5,6,4,6,2,2,3,0,1,2,2,0
clone-3-0939-preserve_ids,clone,preserve_ids,3,0.6723612580539811,5,68.36776585048835,"S001 / S002,S008,S009,S013 / S003,S004,S005,S006,S007,S010,S011,S012,S014,S015",6,4,5,6,6,6,4,5,2,2,3,0,2,2,2,0
clone-3-0940-preserve_ids,clone,preserve_ids,3,0.5392050712359513,6,69.08311756900133,"S001,S010,S012,S014 / S002,S009,S013 / S003,S004,S005,S006,S007,S008,S011,S015",6,4,5,6,6,6,6,6,2,2,3,0,2,2,4,0
clone-3-0941-preserve_ids,clone,preserve_ids,3,0.5485723980276054,7,69.50992920325531,"S001,S010,S012 / S002,S009,S013,S014 / S003,S004,S005,S006,S007,S008,S011,S015",6,5,5,6,6,6,6,7,2,3,3,0,2,2,4,1
clone-3-0942-preserve_ids,clone,preserve_ids,3,0.6387375531526838,7,69.50992920325533,"S001,S010,S012 / S002,S009,S013 / S003,S004,S005,S006,S007,S008,S011,S014,S015",6,4,5,6,5,6,6,7,2,2,3,0,1,2,4,1
clone-3-0943-preserve_ids,clone,preserve_ids,3,0.5491769550505367,5,68.36776585048835,"S001,S010,S014 / S002,S009,S012,S013 / S003,S004,S005,S006,S007,S008,S011,S015",6,5,5,6,6,6,5,5,2,3,3,0,2,2,3,0
clone-3-0944-preserve_ids,clone,preserve_ids,3,0.5815161914357327,6,68.79457748474233,"S001,S010 / S002,S009,S012,S013,S014 / S003,S004,S005,S006,S007,S008,S011,S015",6,4,5,6,6,6,5,6,2,2,3,0,2,2,3,0
clone-3-0945-preserve_ids,clone,preserve_ids,3,0.657287588408274,6,68.79457748474233,"S001,S010 / S002,S009,S012,S013 / S003,S004,S005,S006,S007,S008,S011,S014,S015",6,4,5,6,5,6,5,6,2,2,3,0,1,2,3,0
clone-3-0946-preserve_ids,clone,preserve_ids,3,0.6416294840580642,5,68.36776585048835,"S001,S010,S014 / S002,S009,S013 / S003,S004,S005,S006,S007,S008,S011,S012,S015",6,4,5,6,6,6,5,5,2,2,3,0,2,2,3,0
clone-3-0947-preserve_ids,clone,preserve_ids,3,0.6595953720273385,6,68.79457748474233,"S001,S010 / S002,S009,S013,S014 / S003,S004,S005,S006,S007,S008,S011,S012,S015",6,4,5,6,6,6,5,6,2,2,3,0,2,2,3,0
clone-3-0948-preserve_ids,clone,preserve_ids,3,0.7451899983800631,6,68.79457748474233,"S001,S010 / S002,S009,S013 / S003,S004,S005,S006,S007,S008,S011,S012,S014,S015",6,3,5,6,5,6,5,6,2,1,3,0,1,2,3,0
clone-3-0949-preserve_ids,clone,preserve_ids,3,0.54536691612347,7,69.50992920325531,"S001,S012,S014 / S002,S009,S010,S013 / S003,S004,S005,S006,S007,S008,S011,S015",6,4,5,6,6,6,6,7,2,2,3,0,2,2,4,1
clone-3-0950-preserve_ids,clone,preserve_ids,3,0.5735422745808547,6,69.08311756900133,"S001,S012 / S002,S009,S010,S013,S014 / S003,S004,S005,S006,S007,S008,S011,S015",6,5,5,6,6,6,5,6,2,3,3,0,2,2,3,0
clone-3-0951-preserve_ids,clone,preserve_ids,3,0.652178408422126,7,69.50992920325531,"S001,S012 / S002,S009,S010,S013 / S003,S004,S005,S006,S007,S008,S011,S014,S015",6,4,5,6,5,6,5,7,2,2,3,0,1,2,3,1
clone-3-0952-preserve_ids,clone,preserve_ids,3,0.5746477951623115,6,68.79457748474233,"S001,S014 / S002,S009,S010,S012,S013 / S003,S004,S005,S006,S007,S008,S011,S015",6,5,5,6,6,6,5,6,2,3,3,0,2,2,3,0
clone-3-0953-preserve_ids,clone,preserve_ids,3,0.622994335388704,5,68.36776585048835,"S001 / S002,S009,S010,S012,S013,S014 / S003,S004,S005,S006,S007,S008,S011,S015",6,4,5,6,6,6,4,5,2,2,3,0,2,2,2,0
clone-3-0954-preserve_ids,clone,preserve_ids,3,0.6865273371476001,6,68.79457748474233,"S001 / S002,S009,S010,S012,S013 / S003,S004,S005,S006,S007,S008,S011,S014,S015",6,4,5,6,5,6,4,6,2,2,3,0,1,2,2,0
clone-3-0955-preserve_ids,clone,preserve_ids,3,0.6552421363538133,6,68.79457748474233,"S001,S014 / S002,S009,S010,S013 / S003,S004,S005,S006,S007,S008,S011,S012,S015",6,4,5,6,6,6,5,6,2,2,3,0,2,2,3,0
clone-3-0956-preserve_ids,clone,preserve_ids,3,0.6885172603057539,5,68.36776585048834,"S001 / S002,S009,S010,S013,S014 / S003,S004,S005,S006,S007,S008,S011,S012,S015",6,4,5,6,6,6,4,5,2,2,3,0,2,2,2,0
clone-3-0957-preserve_ids,clone,preserve_ids,3,0.7639568354139212,6,68.79457748474233,"S001 / S002,S009,S010,S013 / S003,S004,S005,S006,S007,S008,S011,S012,S014,S015",6,3,5,6,5,6,4,6,2,1,3,0,1,2,2,0
clone-3-0958-preserve_ids,clone,preserve_ids,3,0.6216759928326246,7,69.50992920325531,"S001,S012,S014 / S002,S009,S013 / S003,S004,S005,S006,S007,S008,S010,S011,S015",6,3,5,6,5,6,6,7,2,1,3,0,1,2,4,1
clone-3-0959-preserve_ids,clone,preserve_ids,3,0.6382308809080794,7,69.50992920325531,"S001,S012 / S002,S009,S013,S014 / S003,S004,S005,S006,S007,S008,S010,S011,S015",6,4,5,6,5,6,5,7,2,2,3,0,1,2,3,1
clone-3-0960-preserve_ids,clone,preserve_ids,3,0.7246107186093139,6,69.08311756900133,"S001,S012 / S002,S009,S013 / S003,S004,S005,S006,S007,S008,S010,S011,S014,S015",6,3,5,6,4,6,5,6,2,1,3,0,0,2,3,0
clone-3-0961-preserve_ids,clone,preserve_ids,3,0.6389876033710485,6,68.79457748474233,"S001,S014 / S002,S009,S012,S013 / S003,S004,S005,S006,S007,S008,S010,S011,S015",6,4,5,6,5,6,5,6,2,2,3,0,1,2,3,0
clone-3-0962-preserve_ids,clone,preserve_ids,3,0.6749362639940903,6,68.79457748474233,"S001 / S002,S009,S012,S013,S014 / S003,S004,S005,S006,S007,S008,S010,S011,S015",6,3,5,6,5,6,4,6,2,1,3,0,1,2,2,0
clone-3-0963-preserve_ids,clone,preserve_ids,3,0.7483801865876918,5,68.36776585048835,"S001 / S002,S009,S012,S013 / S003,S004,S005,S006,S007,S008,S010,S011,S014,S015",6,3,5,6,4,6,4,5,2,1,3,0,0,2,2,0
clone-3-0964-preserve_ids,clone,preserve_ids,3,0.7275775712605153,6,68.79457748474233,"S001,S014 / S002,S009,S013 / S003,S004,S005,S006,S007,S008,S010,S011,S012,S015",6,3,5,6,5,6,5,6,2,1,3,0,1,2,3,0
clone-3-0965-preserve_ids,clone,preserve_ids,3,0.7506096405174255,6,68.79457748474233,"S001 / S002,S009,S013,S014 / S003,S004,S005,S006,S007,S008,S010,S011,S012,S015",6,3,5,6,5,6,4,6,2,1,3,0,1,2,2,0
clone-3-0966-preserve_ids,clone,preserve_ids,3,0.8332616405262978,5,68.36776585048835,"S001 / S002,S009,S013 / S003,S004,S005,S006,S007,S008,S010,S011,S012,S014,S015",6,2,5,6,4,6,4,5,2,0,3,0,0,2,2,0
