record,source,tardiness_internal,makespan_internal,energy_internal,sorties_internal,W_coefficient_min,Cmax_h,E_kwh,N,point_area_pt2
1,reference:tardiness,0,7715162,85864101380,31,0.0,2.1431005555555553,85.86410138,31,31.0
2,reference:makespan,783576,7528576,83189040162,30,13.0596,2.0912711111111113,83.189040162,30,30.0
3,reference:energy,429204104,11453859,62634022492,19,7153.401733333333,3.1816275,62.634022492,19,19.0
4,reference:sorties,60547406,9906710,65525211747,19,1009.1234333333333,2.751863888888889,65.525211747,19,19.0
5,archived:tardiness:1,5716408,9589234,95462916483,36,95.27346666666666,2.663676111111111,95.462916483,36,36.0
6,archived:tardiness:3,3887958,10314933,91812818604,35,64.7993,2.8652591666666667,91.812818604,35,35.0
7,archived:tardiness:6,1455648,10314933,89724572417,33,24.2608,2.8652591666666667,89.724572417,33,33.0
8,archived:tardiness:7,0,10314933,85827965785,31,0.0,2.8652591666666667,85.827965785,31,31.0
9,archived:tardiness:10,0,9273820,86271436073,31,0.0,2.576061111111111,86.271436073,31,31.0
10,archived:tardiness:11,0,9152401,86261284161,31,0.0,2.5423336111111112,86.261284161,31,31.0
11,archived:tardiness:15,0,9152401,86992519217,32,0.0,2.5423336111111112,86.992519217,32,32.0
12,archived:tardiness:16,0,8051582,85674907462,31,0.0,2.2365505555555556,85.674907462,31,31.0
13,archived:tardiness:18,0,7913310,87221646130,32,0.0,2.198141666666667,87.22164613,32,32.0
14,archived:tardiness:20,0,8384292,88987484469,33,0.0,2.32897,88.987484469,33,33.0
15,archived:tardiness:23,0,7871159,87775269512,32,0.0,2.1864330555555553,87.775269512,32,32.0
16,archived:tardiness:44,0,7871159,87831615549,32,0.0,2.1864330555555553,87.831615549,32,32.0
17,archived:tardiness:67,0,7814338,84631416273,31,0.0,2.1706494444444444,84.631416273,31,31.0
18,archived:tardiness:72,0,7715162,85864101380,31,0.0,2.1431005555555553,85.86410138,31,31.0
19,archived:makespan:2,0,8233671,84221289391,30,0.0,2.2871308333333333,84.221289391,30,30.0
20,archived:makespan:3,0,8043905,84299911707,30,0.0,2.2344180555555555,84.299911707,30,30.0
21,archived:makespan:4,0,8043905,82772262841,29,0.0,2.2344180555555555,82.772262841,29,29.0
22,archived:makespan:7,0,8497993,81835155453,29,0.0,2.360553611111111,81.835155453,29,29.0
23,archived:makespan:8,0,7791929,81968851468,29,0.0,2.1644247222222224,81.968851468,29,29.0
24,archived:makespan:16,0,7791929,78528715176,28,0.0,2.1644247222222224,78.528715176,28,28.0
25,archived:makespan:17,1576044,7528576,81599943731,29,26.2674,2.0912711111111113,81.599943731,29,29.0
26,archived:makespan:29,783576,7528576,83189040162,30,13.0596,2.0912711111111113,83.189040162,30,30.0
27,archived:energy:1,783576,9231625,73328307392,27,13.0596,2.5643402777777777,73.328307392,27,27.0
28,archived:energy:3,1627806,9339903,73486885847,27,27.1301,2.5944175,73.486885847,27,27.0
29,archived:energy:4,167413040,11469832,73228451595,28,2790.2173333333335,3.1860644444444444,73.228451595,28,28.0
30,archived:energy:5,133404584,11068778,73331966816,28,2223.4097333333334,3.0746605555555555,73.331966816,28,28.0
31,archived:energy:6,154897252,11943038,72628159681,27,2581.6208666666666,3.3175105555555557,72.628159681,27,27.0
32,archived:energy:7,44057566,9840419,72629974828,26,734.2927666666667,2.7334497222222223,72.629974828,26,26.0
33,archived:energy:8,239589840,12852749,71657930917,27,3993.164,3.5702080555555558,71.657930917,27,27.0
34,archived:energy:9,234734876,12927617,69820192547,26,3912.2479333333335,3.5910047222222223,69.820192547,26,26.0
35,archived:energy:10,234563948,13554677,68017952925,25,3909.3991333333333,3.7651880555555555,68.017952925,25,25.0
36,archived:energy:11,205516122,13091299,69702064253,25,3425.2687,3.6364719444444447,69.702064253,25,25.0
37,archived:energy:12,107245204,11647483,69153479997,24,1787.4200666666666,3.2354119444444445,69.153479997,24,24.0
38,archived:energy:13,103539030,10189060,66011478131,22,1725.6505,2.8302944444444442,66.011478131,22,22.0
39,archived:energy:14,162362654,11278236,66359753357,23,2706.0442333333335,3.132843333333333,66.359753357,23,23.0
40,archived:energy:15,187058720,11902014,66137147950,23,3117.6453333333334,3.306115,66.13714795,23,23.0
41,archived:energy:16,101787312,11166281,65660283092,23,1696.4552,3.101744722222222,65.660283092,23,23.0
42,archived:energy:17,42746000,11189229,65882888499,23,712.4333333333333,3.1081191666666665,65.882888499,23,23.0
43,archived:energy:19,22510820,9984305,65700508130,22,375.18033333333335,2.7734180555555557,65.70050813,22,22.0
44,archived:energy:22,22510820,9614267,65953630756,22,375.18033333333335,2.6706297222222224,65.953630756,22,22.0
45,archived:energy:24,109061192,10964472,64683868440,21,1817.6865333333333,3.0456866666666667,64.68386844,21,21.0
46,archived:energy:25,298897264,13139545,64682053293,22,4981.621066666667,3.649873611111111,64.682053293,22,22.0
47,archived:energy:26,144214014,10862091,64683868440,21,2403.5669,3.0172475,64.68386844,21,21.0
48,archived:energy:27,415491402,14658128,64428930667,22,6924.8567,4.071702222222222,64.428930667,22,22.0
49,archived:energy:31,157777694,11251928,64526313255,21,2629.6282333333334,3.1255355555555555,64.526313255,21,21.0
50,archived:energy:32,130587624,11251928,64271144400,21,2176.4604,3.1255355555555555,64.2711444,21,21.0
51,archived:energy:34,226820554,11686612,64108628518,21,3780.3425666666667,3.246281111111111,64.108628518,21,21.0
52,archived:energy:35,313216108,11510383,63963871831,21,5220.268466666666,3.197328611111111,63.963871831,21,21.0
53,archived:sorties:1,97386038,10032725,65664710644,20,1623.1006333333332,2.7868680555555554,65.664710644,20,20.0
54,archived:sorties:3,78232554,9265722,66099862694,20,1303.8759,2.573811666666667,66.099862694,20,20.0
55,archived:sorties:5,78232422,9265722,66118999155,21,1303.8737,2.573811666666667,66.118999155,21,21.0
56,archived:sorties:7,78144950,9265722,65664710644,20,1302.4158333333332,2.573811666666667,65.664710644,20,20.0
57,archived:sorties:9,60547406,9265722,65103125314,20,1009.1234333333333,2.573811666666667,65.103125314,20,20.0
58,archived:sorties:10,60547406,9237090,66480428931,21,1009.1234333333333,2.5658583333333334,66.480428931,21,21.0
59,archived:sorties:15,60547406,9265722,65103125314,20,1009.1234333333333,2.573811666666667,65.103125314,20,20.0
60,archived:sorties:16,60547406,10020710,65525211747,19,1009.1234333333333,2.7835305555555556,65.525211747,19,19.0
61,weighted_alns:1,783576,7594576,80437194098,29,13.0596,2.1096044444444444,80.437194098,29,29.0
62,weighted_alns:7,783576,7736275,80214588691,29,13.0596,2.1489652777777777,80.214588691,29,29.0
63,weighted_alns:8,783576,7594577,82196767657,30,13.0596,2.109604722222222,82.196767657,30,30.0
64,weighted_alns:13,0,7594577,82099990573,30,0.0,2.109604722222222,82.099990573,30,30.0
65,weighted_alns:14,783588,7594578,82419373064,30,13.0598,2.109605,82.419373064,30,30.0
66,weighted_alns:17,3152446,7594578,81268942686,29,52.54076666666667,2.109605,81.268942686,29,29.0
67,weighted_alns:20,3152436,7594578,81268942686,29,52.5406,2.109605,81.268942686,29,29.0
68,weighted_alns:25,3152436,7594578,81280098664,29,52.5406,2.109605,81.280098664,29,29.0
69,scenario:tardiness:49,8219352,9986188,79705169336,29,136.9892,2.773941111111111,79.705169336,29,29.0
70,scenario:tardiness:64,43784450,10652453,82294313759,29,729.7408333333333,2.9590147222222223,82.294313759,29,29.0
71,scenario:tardiness:81,43784450,10033593,85296523618,30,729.7408333333333,2.7871091666666667,85.296523618,30,30.0
72,scenario:tardiness:84,46464172,10033593,86296605057,30,774.4028666666667,2.7871091666666667,86.296605057,30,30.0
73,scenario:tardiness:86,35406552,10033593,85803957204,30,590.1092,2.7871091666666667,85.803957204,30,30.0
74,scenario:tardiness:87,35406552,10033593,85388349033,30,590.1092,2.7871091666666667,85.388349033,30,30.0
75,scenario:tardiness:94,38932010,9700471,83014922718,29,648.8668333333334,2.6945752777777776,83.014922718,29,29.0
76,scenario:tardiness:107,44155442,10033593,83430530889,29,735.9240333333333,2.7871091666666667,83.430530889,29,29.0
77,scenario:tardiness:136,56626132,9633861,81688091145,28,943.7688666666667,2.6760725,81.688091145,28,28.0
78,scenario:tardiness:146,56626132,9633861,81688091145,28,943.7688666666667,2.6760725,81.688091145,28,28.0
79,scenario:tardiness:150,43784450,9270177,81976383699,29,729.7408333333333,2.5750491666666666,81.976383699,29,29.0
80,scenario:tardiness:151,44155442,9270177,81976383699,29,735.9240333333333,2.5750491666666666,81.976383699,29,29.0
81,scenario:tardiness:159,91542390,9920304,81753778292,29,1525.7065,2.75564,81.753778292,29,29.0
82,scenario:tardiness:167,92872960,9336177,81141384058,28,1547.8826666666666,2.5933825,81.141384058,28,28.0
83,scenario:tardiness:168,81815340,9336177,80365893795,28,1363.589,2.5933825,80.365893795,28,28.0
84,scenario:tardiness:181,35406552,9563346,83188605246,29,590.1092,2.656485,83.188605246,29,29.0
85,scenario:tardiness:182,33433380,9270177,83188605246,29,557.223,2.5750491666666666,83.188605246,29,29.0
86,scenario:tardiness:185,33433380,9336177,81210035808,28,557.223,2.5933825,81.210035808,28,28.0
87,scenario:tardiness:187,10295784,9563346,84188397038,29,171.5964,2.656485,84.188397038,29,29.0
88,scenario:tardiness:193,10136436,9336177,82197613403,28,168.9406,2.5933825,82.197613403,28,28.0
89,scenario:tardiness:199,10343676,9563346,82616350517,29,172.3946,2.656485,82.616350517,29,29.0
90,scenario:tardiness:220,23048652,9366739,83626902932,28,384.1442,2.6018719444444445,83.626902932,28,28.0
91,scenario:tardiness:233,17147052,9967593,85650317212,30,285.7842,2.768775833333333,85.650317212,30,30.0
92,scenario:tardiness:270,17147052,10269661,83584559901,30,285.7842,2.852683611111111,83.584559901,30,30.0
93,scenario:tardiness:271,17147052,9204177,83809151077,30,285.7842,2.5567158333333335,83.809151077,30,30.0
94,scenario:tardiness:295,17147052,9204177,84386019598,30,285.7842,2.5567158333333335,84.386019598,30,30.0
95,scenario:tardiness:306,17147052,9204177,84386019598,30,285.7842,2.5567158333333335,84.386019598,30,30.0
96,scenario:tardiness:314,17147052,9204177,84547718958,30,285.7842,2.5567158333333335,84.547718958,30,30.0
97,scenario:tardiness:317,17147052,9204177,84534875679,30,285.7842,2.5567158333333335,84.534875679,30,30.0
98,scenario:tardiness:321,17147052,9204177,85834812899,30,285.7842,2.5567158333333335,85.834812899,30,30.0
99,scenario:tardiness:331,17147052,9204177,83970411427,30,285.7842,2.5567158333333335,83.970411427,30,30.0
100,scenario:tardiness:334,17147052,9204177,83567646535,30,285.7842,2.5567158333333335,83.567646535,30,30.0
101,scenario:tardiness:339,28630862,10487540,86188203874,31,477.18103333333335,2.9132055555555554,86.188203874,31,31.0
102,scenario:tardiness:343,17147052,10598560,87129052514,31,285.7842,2.9440444444444442,87.129052514,31,31.0
103,scenario:tardiness:344,17147052,9204177,83686082769,30,285.7842,2.5567158333333335,83.686082769,30,30.0
104,scenario:tardiness:347,17147052,8937055,83491960512,30,285.7842,2.482515277777778,83.491960512,30,30.0
105,scenario:tardiness:350,17147052,9204177,85234132854,30,285.7842,2.5567158333333335,85.234132854,30,30.0
106,scenario:tardiness:352,32018902,9389201,87003468769,30,533.6483666666667,2.6081113888888887,87.003468769,30,30.0
107,scenario:tardiness:356,17147052,9204177,83369731382,30,285.7842,2.5567158333333335,83.369731382,30,30.0
108,scenario:tardiness:362,17147052,9745557,82836912690,29,285.7842,2.7070991666666666,82.83691269,29,29.0
109,scenario:tardiness:445,17867052,9745557,81115431934,28,297.7842,2.7070991666666666,81.115431934,28,28.0
110,scenario:tardiness:451,24408674,9811557,78355370500,27,406.81123333333335,2.7254325,78.3553705,27,27.0
111,scenario:tardiness:457,23863454,9885953,78912326311,27,397.72423333333336,2.7460980555555556,78.912326311,27,27.0
112,scenario:tardiness:461,17867052,9811557,78862804086,27,297.7842,2.7254325,78.862804086,27,27.0
113,scenario:tardiness:468,17867052,9335639,80247526045,28,297.7842,2.5932330555555554,80.247526045,28,28.0
114,scenario:tardiness:469,17867052,9335639,80247526045,28,297.7842,2.5932330555555554,80.247526045,28,28.0
115,scenario:tardiness:470,17867052,9335639,80682678095,28,297.7842,2.5932330555555554,80.682678095,28,28.0
116,scenario:tardiness:485,17867052,9335639,80682678095,28,297.7842,2.5932330555555554,80.682678095,28,28.0
117,scenario:tardiness:500,17867052,9424545,81249132934,27,297.7842,2.617929166666667,81.249132934,27,27.0
118,scenario:tardiness:508,17867052,9336177,78290515487,27,297.7842,2.5933825,78.290515487,27,27.0
119,scenario:tardiness:514,17867052,9270177,80833549177,28,297.7842,2.5750491666666666,80.833549177,28,28.0
120,scenario:tardiness:520,54909872,11040361,79550020753,30,915.1645333333333,3.0667669444444443,79.550020753,30,30.0
121,scenario:tardiness:521,30921962,10676287,80489303891,29,515.3660333333333,2.965635277777778,80.489303891,29,29.0
122,scenario:tardiness:523,30650652,10617519,80489303891,29,510.8442,2.9493108333333335,80.489303891,29,29.0
123,scenario:tardiness:526,30650652,10617519,80489303891,29,510.8442,2.9493108333333335,80.489303891,29,29.0
124,scenario:tardiness:535,30921962,9374102,80904912062,29,515.3660333333333,2.6039172222222224,80.904912062,29,29.0
125,scenario:tardiness:543,10485444,9204177,81284039213,29,174.7574,2.5567158333333335,81.284039213,29,29.0
126,scenario:tardiness:575,10485444,9424545,83918648797,29,174.7574,2.617929166666667,83.918648797,29,29.0
127,scenario:tardiness:576,10485444,9485449,83918648797,29,174.7574,2.6348469444444444,83.918648797,29,29.0
128,scenario:tardiness:577,23476284,10326326,83642072039,31,391.2714,2.868423888888889,83.642072039,31,31.0
129,scenario:tardiness:579,21885396,9179055,83493503724,31,364.7566,2.5497375,83.493503724,31,31.0
130,scenario:tardiness:580,23269044,9179055,83731340670,31,387.8174,2.5497375,83.73134067,31,31.0
131,scenario:tardiness:581,23269044,9881918,83108556537,31,387.8174,2.7449772222222224,83.108556537,31,31.0
132,scenario:tardiness:595,21885396,9881918,83108556537,31,364.7566,2.7449772222222224,83.108556537,31,31.0
133,scenario:tardiness:598,23269044,9881918,83108556537,31,387.8174,2.7449772222222224,83.108556537,31,31.0
134,scenario:tardiness:600,20018784,9905196,83108556537,31,333.6464,2.7514433333333335,83.108556537,31,31.0
135,scenario:tardiness:608,10485444,9204177,82173147679,29,174.7574,2.5567158333333335,82.173147679,29,29.0
136,scenario:tardiness:626,10485444,9204177,82173147679,29,174.7574,2.5567158333333335,82.173147679,29,29.0
137,scenario:tardiness:627,10485444,9204177,82173147679,29,174.7574,2.5567158333333335,82.173147679,29,29.0
138,scenario:tardiness:675,10485444,9204177,82173147679,29,174.7574,2.5567158333333335,82.173147679,29,29.0
139,scenario:tardiness:686,10485444,9204177,82173147679,29,174.7574,2.5567158333333335,82.173147679,29,29.0
140,scenario:tardiness:692,10485444,9204177,81821932128,29,174.7574,2.5567158333333335,81.821932128,29,29.0
141,scenario:tardiness:693,24454444,9276871,83057947541,31,407.5740666666667,2.576908611111111,83.057947541,31,31.0
142,scenario:tardiness:700,10692684,9661162,84243948399,31,178.2114,2.683656111111111,84.243948399,31,31.0
143,scenario:tardiness:705,10692684,9238320,84243948399,31,178.2114,2.5662,84.243948399,31,31.0
144,scenario:tardiness:709,12076332,9661162,84006111453,31,201.2722,2.683656111111111,84.006111453,31,31.0
145,scenario:tardiness:713,10692684,9661162,84213287415,31,178.2114,2.683656111111111,84.213287415,31,31.0
146,scenario:tardiness:732,10692684,9986188,84006111453,31,178.2114,2.773941111111111,84.006111453,31,31.0
147,scenario:tardiness:734,10692684,9680608,84213287415,31,178.2114,2.6890577777777778,84.213287415,31,31.0
148,scenario:tardiness:735,27371552,9563346,84747341032,31,456.19253333333336,2.656485,84.747341032,31,31.0
149,scenario:tardiness:748,24637032,8950923,83145732003,31,410.6172,2.4863675,83.145732003,31,31.0
150,scenario:tardiness:781,26020680,8715676,83383568949,31,433.678,2.421021111111111,83.383568949,31,31.0
151,scenario:tardiness:797,24637032,8715676,83383568949,31,410.6172,2.421021111111111,83.383568949,31,31.0
152,scenario:tardiness:807,26020680,8715676,81843973668,30,433.678,2.421021111111111,81.843973668,30,30.0
153,scenario:tardiness:808,37597832,9213638,83071363937,30,626.6305333333333,2.559343888888889,83.071363937,30,30.0
154,scenario:tardiness:816,48892772,9281559,83094137257,31,814.8795333333334,2.5782108333333333,83.094137257,31,31.0
155,scenario:tardiness:837,51042472,10617519,82678529086,31,850.7078666666666,2.9493108333333335,82.678529086,31,31.0
156,scenario:tardiness:839,53479800,10402549,82678529086,31,891.33,2.8895969444444445,82.678529086,31,31.0
157,scenario:tardiness:840,54039172,10404065,83399634701,31,900.6528666666667,2.8900180555555557,83.399634701,31,31.0
158,scenario:tardiness:843,54179092,10352493,83399634701,31,902.9848666666667,2.8756925,83.399634701,31,31.0
159,scenario:tardiness:844,54179092,9276871,85264036173,31,902.9848666666667,2.576908611111111,85.264036173,31,31.0
160,scenario:tardiness:855,40417332,9982455,83695851372,31,673.6222,2.7729041666666667,83.695851372,31,31.0
161,scenario:tardiness:856,40417332,8966079,85560252844,31,673.6222,2.4905775,85.560252844,31,31.0
162,scenario:tardiness:858,40417332,9982455,83695851372,31,673.6222,2.7729041666666667,83.695851372,31,31.0
163,scenario:tardiness:861,41800980,8966079,85560252844,31,696.683,2.4905775,85.560252844,31,31.0
164,scenario:tardiness:862,35035560,9092983,83266058773,30,583.926,2.5258286111111112,83.266058773,30,30.0
165,scenario:tardiness:869,35035560,9026983,85765227450,31,583.926,2.5074952777777777,85.76522745,31,31.0
166,scenario:tardiness:886,35035560,8715676,84345838886,31,583.926,2.421021111111111,84.345838886,31,31.0
167,scenario:tardiness:910,35035560,8715676,84345838886,31,583.926,2.421021111111111,84.345838886,31,31.0
168,scenario:tardiness:936,35035560,8715676,81130463683,30,583.926,2.421021111111111,81.130463683,30,30.0
169,scenario:tardiness:968,35035560,8580885,81101058946,30,583.926,2.383579166666667,81.101058946,30,30.0
170,scenario:tardiness:972,35035560,9492909,80685450775,30,583.926,2.6369191666666665,80.685450775,30,30.0
171,scenario:tardiness:974,35035560,8424483,81308234908,30,583.926,2.3401341666666666,81.308234908,30,30.0
172,scenario:tardiness:984,35035560,8424483,81308234908,30,583.926,2.3401341666666666,81.308234908,30,30.0
173,scenario:tardiness:993,35035560,8715676,83383091531,31,583.926,2.421021111111111,83.383091531,31,31.0
174,scenario:tardiness:999,31842176,8604016,83595644000,31,530.7029333333334,2.3900044444444446,83.595644,31,31.0
175,scenario:tardiness:1035,31966992,8552571,83595644000,31,532.7832,2.3757141666666666,83.595644,31,31.0
176,scenario:tardiness:1038,24637032,8390650,83399537359,31,410.6172,2.330736111111111,83.399537359,31,31.0
177,scenario:tardiness:1088,23747594,9237823,80639475925,30,395.7932333333333,2.5660619444444444,80.639475925,30,30.0
178,scenario:tardiness:1089,26709178,9348760,82973840038,30,445.15296666666666,2.596877777777778,82.973840038,30,30.0
179,scenario:tardiness:1100,23476284,9179055,80639475925,30,391.2714,2.5497375,80.639475925,30,30.0
180,scenario:tardiness:1124,23476284,9179055,80639475925,30,391.2714,2.5497375,80.639475925,30,30.0
181,scenario:tardiness:1131,23747594,9237823,80639475925,30,395.7932333333333,2.5660619444444444,80.639475925,30,30.0
182,scenario:tardiness:1154,13847868,8715676,81146909511,30,230.7978,2.421021111111111,81.146909511,30,30.0
183,scenario:tardiness:1192,10692684,8715676,81146909511,30,178.2114,2.421021111111111,81.146909511,30,30.0
184,scenario:tardiness:1220,12076332,8390650,81146909511,30,201.2722,2.330736111111111,81.146909511,30,30.0
185,scenario:tardiness:1224,10692684,8715676,81146909511,30,178.2114,2.421021111111111,81.146909511,30,30.0
186,scenario:tardiness:1262,10692684,8715676,80939733549,30,178.2114,2.421021111111111,80.939733549,30,30.0
187,scenario:tardiness:1278,10692684,8715676,80939733549,30,178.2114,2.421021111111111,80.939733549,30,30.0
188,scenario:tardiness:1292,10692684,8715676,80939733549,30,178.2114,2.421021111111111,80.939733549,30,30.0
189,scenario:tardiness:1325,10692684,8345638,81355341720,30,178.2114,2.318232777777778,81.35534172,30,30.0
190,scenario:tardiness:1373,12076332,8020612,81355341720,30,201.2722,2.2279477777777776,81.35534172,30,30.0
191,scenario:tardiness:1398,10692684,9563346,82794968415,30,178.2114,2.656485,82.794968415,30,30.0
192,scenario:tardiness:1400,10692684,9563346,82904427505,30,178.2114,2.656485,82.904427505,30,30.0
193,scenario:tardiness:1413,10692684,8715676,81859942078,30,178.2114,2.421021111111111,81.859942078,30,30.0
194,scenario:tardiness:1485,10692684,8345638,81355341720,30,178.2114,2.318232777777778,81.35534172,30,30.0
195,scenario:tardiness:1536,10692684,8715676,80939733549,30,178.2114,2.421021111111111,80.939733549,30,30.0
196,scenario:tardiness:1538,10692684,8715676,81859942078,30,178.2114,2.421021111111111,81.859942078,30,30.0
197,scenario:tardiness:1556,10692684,8715676,81859942078,30,178.2114,2.421021111111111,81.859942078,30,30.0
198,scenario:tardiness:1560,10692684,8715676,81859942078,30,178.2114,2.421021111111111,81.859942078,30,30.0
199,scenario:tardiness:1561,10692684,8715676,80939733549,30,178.2114,2.421021111111111,80.939733549,30,30.0
200,scenario:tardiness:1563,12076332,8345638,81355341720,30,201.2722,2.318232777777778,81.35534172,30,30.0
201,scenario:tardiness:1569,10692684,8715676,81146909511,30,178.2114,2.421021111111111,81.146909511,30,30.0
202,scenario:tardiness:1608,10692684,8715676,81957658950,30,178.2114,2.421021111111111,81.95765895,30,30.0
203,scenario:tardiness:1631,10692684,8715676,81957658950,30,178.2114,2.421021111111111,81.95765895,30,30.0
204,scenario:tardiness:1654,10692684,8950923,80909072565,30,178.2114,2.4863675,80.909072565,30,30.0
205,scenario:tardiness:1680,10692684,8950923,80909072565,30,178.2114,2.4863675,80.909072565,30,30.0
206,scenario:tardiness:1690,10692684,8715676,81146909511,30,178.2114,2.421021111111111,81.146909511,30,30.0
207,scenario:tardiness:1729,10692684,8715676,81146909511,30,178.2114,2.421021111111111,81.146909511,30,30.0
208,scenario:tardiness:1766,12076332,8715676,80939733549,30,201.2722,2.421021111111111,80.939733549,30,30.0
209,scenario:tardiness:1773,10692684,8715676,80939733549,30,178.2114,2.421021111111111,80.939733549,30,30.0
210,scenario:tardiness:1781,10692684,8715676,81859942078,30,178.2114,2.421021111111111,81.859942078,30,30.0
211,scenario:tardiness:1806,10692684,8390650,81859942078,30,178.2114,2.330736111111111,81.859942078,30,30.0
212,scenario:tardiness:1808,10692684,8715676,80939733549,30,178.2114,2.421021111111111,80.939733549,30,30.0
213,scenario:tardiness:1854,10692684,8715676,80939733549,30,178.2114,2.421021111111111,80.939733549,30,30.0
214,scenario:tardiness:1869,10692684,8715676,80939733549,30,178.2114,2.421021111111111,80.939733549,30,30.0
215,scenario:tardiness:1911,10692684,8715676,80939733549,30,178.2114,2.421021111111111,80.939733549,30,30.0
216,scenario:tardiness:1956,10692684,8715676,80939733549,30,178.2114,2.421021111111111,80.939733549,30,30.0
217,scenario:tardiness:1970,10692684,8715676,81146909511,30,178.2114,2.421021111111111,81.146909511,30,30.0
218,scenario:tardiness:1975,10692684,8388828,82275550249,30,178.2114,2.33023,82.275550249,30,30.0
219,scenario:tardiness:1976,10692684,8755172,82804135021,30,178.2114,2.431992222222222,82.804135021,30,30.0
220,scenario:tardiness:1995,10485444,9092983,83172458198,30,174.7574,2.5258286111111112,83.172458198,30,30.0
221,scenario:tardiness:2003,10692684,8755172,82466188045,30,178.2114,2.431992222222222,82.466188045,30,30.0
222,scenario:tardiness:2014,10692684,8215659,81017394744,30,178.2114,2.2821275,81.017394744,30,30.0
223,scenario:tardiness:2025,10692684,8719212,80808962535,30,178.2114,2.4220033333333335,80.808962535,30,30.0
224,scenario:tardiness:2046,10692684,8818326,80612942551,30,178.2114,2.449535,80.612942551,30,30.0
225,scenario:tardiness:2047,10692684,8724046,80612942551,30,178.2114,2.423346111111111,80.612942551,30,30.0
226,scenario:tardiness:2058,10692684,8448288,82214551580,30,178.2114,2.3467466666666668,82.21455158,30,30.0
227,scenario:tardiness:2082,4179396,9360416,82734651465,30,69.6566,2.6001155555555555,82.734651465,30,30.0
228,scenario:tardiness:2122,3682068,9360416,82734651465,30,61.3678,2.6001155555555555,82.734651465,30,30.0
229,scenario:tardiness:2130,4179396,9665996,82726578417,30,69.6566,2.684998888888889,82.726578417,30,30.0
230,scenario:tardiness:2142,4179396,9680608,81806369888,30,69.6566,2.6890577777777778,81.806369888,30,30.0
231,scenario:tardiness:2173,4179396,9680608,82617119327,30,69.6566,2.6890577777777778,82.617119327,30,30.0
232,scenario:tardiness:2228,3682068,9986188,82470909736,30,61.3678,2.773941111111111,82.470909736,30,30.0
233,scenario:tardiness:2261,3634176,9680608,82726578417,30,60.5696,2.6890577777777778,82.726578417,30,30.0
234,scenario:tardiness:2266,4179396,9680608,81806369888,30,69.6566,2.6890577777777778,81.806369888,30,30.0
235,scenario:tardiness:2275,3682068,9680608,82726578417,30,61.3678,2.6890577777777778,82.726578417,30,30.0
236,scenario:tardiness:2278,4179396,9665996,81806369888,30,69.6566,2.684998888888889,81.806369888,30,30.0
237,scenario:tardiness:2293,10485444,8388828,83242800299,30,174.7574,2.33023,83.242800299,30,30.0
238,scenario:tardiness:2339,10485444,8388828,83242800299,30,174.7574,2.33023,83.242800299,30,30.0
239,scenario:tardiness:2359,10485444,8388828,83242800299,30,174.7574,2.33023,83.242800299,30,30.0
240,scenario:tardiness:2368,10692684,8345638,82536530146,30,178.2114,2.318232777777778,82.536530146,30,30.0
241,scenario:tardiness:2442,10692684,8345638,82536530146,30,178.2114,2.318232777777778,82.536530146,30,30.0
242,scenario:tardiness:2537,10692684,7896750,82743706108,30,178.2114,2.1935416666666665,82.743706108,30,30.0
243,scenario:tardiness:2696,10692684,7896750,82743706108,30,178.2114,2.1935416666666665,82.743706108,30,30.0
244,scenario:tardiness:2906,10692684,7896750,82743706108,30,178.2114,2.1935416666666665,82.743706108,30,30.0
245,scenario:tardiness:final,783576,7594576,80437194098,29,13.0596,2.1096044444444444,80.437194098,29,29.0
246,scenario:makespan:191,38020824,7544656,80036753157,29,633.6804,2.095737777777778,80.036753157,29,29.0
247,scenario:makespan:273,37002336,7576247,80036753157,29,616.7056,2.1045130555555556,80.036753157,29,29.0
248,scenario:makespan:288,36809616,7576247,80036753157,29,613.4936,2.1045130555555556,80.036753157,29,29.0
249,scenario:makespan:318,38020824,7576247,79601601107,29,633.6804,2.1045130555555556,79.601601107,29,29.0
250,scenario:makespan:325,42184776,7711821,75809754932,27,703.0796,2.1421725,75.809754932,27,27.0
251,scenario:makespan:380,42184776,7995076,75544910055,27,703.0796,2.2208544444444445,75.544910055,27,27.0
252,scenario:makespan:404,90921108,7952791,74477845594,27,1515.3518,2.209108611111111,74.477845594,27,27.0
253,scenario:makespan:409,41394720,7896632,74988029482,27,689.912,2.1935088888888887,74.988029482,27,27.0
254,scenario:makespan:421,41394720,7905842,74988029482,27,689.912,2.196067222222222,74.988029482,27,27.0
255,scenario:makespan:423,177753228,7013442,74258087998,26,2962.5538,1.9481783333333333,74.258087998,26,26.0
256,scenario:makespan:456,172704996,7302595,74045535529,26,2878.4166,2.028498611111111,74.045535529,26,26.0
257,scenario:makespan:471,171439584,7302595,74480687579,26,2857.3264,2.028498611111111,74.480687579,26,26.0
258,scenario:makespan:525,172704996,7302595,74480687579,26,2878.4166,2.028498611111111,74.480687579,26,26.0
259,scenario:makespan:535,176487816,7169080,74480687579,26,2941.4636,1.991411111111111,74.480687579,26,26.0
260,scenario:makespan:696,218979732,7104202,74404522558,26,3649.6622,1.9733894444444444,74.404522558,26,26.0
261,scenario:makespan:709,220004736,7189619,74404522558,26,3666.7456,1.997116388888889,74.404522558,26,26.0
262,scenario:makespan:711,218979732,7104202,74404522558,26,3649.6622,1.9733894444444444,74.404522558,26,26.0
263,scenario:makespan:723,218979732,7104202,74404522558,26,3649.6622,1.9733894444444444,74.404522558,26,26.0
264,scenario:makespan:745,218979732,7104202,74404522558,26,3649.6622,1.9733894444444444,74.404522558,26,26.0
265,scenario:makespan:774,218979732,7104202,74404522558,26,3649.6622,1.9733894444444444,74.404522558,26,26.0
266,scenario:makespan:781,217216992,7104202,74404522558,26,3620.2832,1.9733894444444444,74.404522558,26,26.0
267,scenario:makespan:790,218979732,7104202,73969370508,26,3649.6622,1.9733894444444444,73.969370508,26,26.0
268,scenario:makespan:802,218979732,7104202,73969370508,26,3649.6622,1.9733894444444444,73.969370508,26,26.0
269,scenario:makespan:803,218979732,7104202,74404522558,26,3649.6622,1.9733894444444444,74.404522558,26,26.0
270,scenario:makespan:822,218979732,7104202,73969370508,26,3649.6622,1.9733894444444444,73.969370508,26,26.0
271,scenario:makespan:861,218979732,7104202,73969370508,26,3649.6622,1.9733894444444444,73.969370508,26,26.0
272,scenario:makespan:864,218979732,7104202,73969370508,26,3649.6622,1.9733894444444444,73.969370508,26,26.0
273,scenario:makespan:884,218979732,7104202,73969370508,26,3649.6622,1.9733894444444444,73.969370508,26,26.0
274,scenario:makespan:889,218979732,7104202,73969370508,26,3649.6622,1.9733894444444444,73.969370508,26,26.0
275,scenario:makespan:901,218979732,7104202,73969370508,26,3649.6622,1.9733894444444444,73.969370508,26,26.0
276,scenario:makespan:905,218979732,7104202,73969370508,26,3649.6622,1.9733894444444444,73.969370508,26,26.0
277,scenario:makespan:932,186012324,7388286,74617075027,26,3100.2054,2.0523016666666667,74.617075027,26,26.0
278,scenario:makespan:958,175356924,7304431,74234417612,26,2922.6154,2.029008611111111,74.234417612,26,26.0
279,scenario:makespan:1025,174160716,7304431,74234417612,26,2902.6786,2.029008611111111,74.234417612,26,26.0
280,scenario:makespan:1061,174160716,7304431,74234417612,26,2902.6786,2.029008611111111,74.234417612,26,26.0
281,scenario:makespan:1065,174160716,7304431,74234417612,26,2902.6786,2.029008611111111,74.234417612,26,26.0
282,scenario:makespan:1075,172071432,7349323,70791947698,24,2867.8572,2.041478611111111,70.791947698,24,24.0
283,scenario:makespan:1083,172584672,7349323,70791947698,24,2876.4112,2.041478611111111,70.791947698,24,24.0
284,scenario:makespan:1100,172584672,7304431,70791947698,24,2876.4112,2.029008611111111,70.791947698,24,24.0
285,scenario:makespan:1109,172584672,7349323,70791947698,24,2876.4112,2.041478611111111,70.791947698,24,24.0
286,scenario:makespan:1120,175378236,7304431,70791947698,24,2922.9706,2.029008611111111,70.791947698,24,24.0
287,scenario:makespan:1143,172584672,7349323,70791947698,24,2876.4112,2.041478611111111,70.791947698,24,24.0
288,scenario:makespan:1158,172584672,7349323,70791947698,24,2876.4112,2.041478611111111,70.791947698,24,24.0
289,scenario:makespan:1160,168111432,7349323,71696098236,25,2801.8572,2.041478611111111,71.696098236,25,25.0
290,scenario:makespan:1166,188098752,7349323,71696098236,25,3134.9792,2.041478611111111,71.696098236,25,25.0
291,scenario:makespan:1178,168111432,7304431,71696098236,25,2801.8572,2.029008611111111,71.696098236,25,25.0
292,scenario:makespan:1217,168111432,7304431,71260946186,25,2801.8572,2.029008611111111,71.260946186,25,25.0
293,scenario:makespan:1232,172584672,7304431,70356795648,24,2876.4112,2.029008611111111,70.356795648,24,24.0
294,scenario:makespan:1240,172584672,7349323,70356795648,24,2876.4112,2.041478611111111,70.356795648,24,24.0
295,scenario:makespan:1241,172584672,7349323,70791947698,24,2876.4112,2.041478611111111,70.791947698,24,24.0
296,scenario:makespan:1255,172584672,7349323,70791947698,24,2876.4112,2.041478611111111,70.791947698,24,24.0
297,scenario:makespan:1259,172584672,7304431,70791947698,24,2876.4112,2.029008611111111,70.791947698,24,24.0
298,scenario:makespan:1390,172584672,7349323,70791947698,24,2876.4112,2.041478611111111,70.791947698,24,24.0
299,scenario:makespan:1412,172584672,7349323,70791947698,24,2876.4112,2.041478611111111,70.791947698,24,24.0
300,scenario:makespan:1416,172071432,7304431,70791947698,24,2867.8572,2.029008611111111,70.791947698,24,24.0
301,scenario:makespan:1433,172584672,7304431,70356795648,24,2876.4112,2.029008611111111,70.356795648,24,24.0
302,scenario:makespan:1435,175378236,7304431,70356795648,24,2922.9706,2.029008611111111,70.356795648,24,24.0
303,scenario:makespan:1464,172584672,7349323,70356795648,24,2876.4112,2.041478611111111,70.356795648,24,24.0
304,scenario:makespan:1475,172584672,7349323,70356795648,24,2876.4112,2.041478611111111,70.356795648,24,24.0
305,scenario:makespan:1495,172584672,7349323,70356795648,24,2876.4112,2.041478611111111,70.356795648,24,24.0
306,scenario:makespan:1507,172584672,7349323,70791947698,24,2876.4112,2.041478611111111,70.791947698,24,24.0
307,scenario:makespan:1529,172584672,7349323,70791947698,24,2876.4112,2.041478611111111,70.791947698,24,24.0
308,scenario:makespan:1538,172584672,7349323,70356795648,24,2876.4112,2.041478611111111,70.356795648,24,24.0
309,scenario:makespan:1542,172584672,7304431,70356795648,24,2876.4112,2.029008611111111,70.356795648,24,24.0
310,scenario:makespan:1557,172584672,7349323,70356795648,24,2876.4112,2.041478611111111,70.356795648,24,24.0
311,scenario:makespan:1560,172584672,7349323,70356795648,24,2876.4112,2.041478611111111,70.356795648,24,24.0
312,scenario:makespan:1575,172071432,7302595,70356795648,24,2867.8572,2.028498611111111,70.356795648,24,24.0
313,scenario:makespan:1601,175410216,7013442,70739453063,24,2923.5036,1.9481783333333333,70.739453063,24,24.0
314,scenario:makespan:1615,175923456,7013442,70739453063,24,2932.0576,1.9481783333333333,70.739453063,24,24.0
315,scenario:makespan:1650,175923456,7013442,70739453063,24,2932.0576,1.9481783333333333,70.739453063,24,24.0
316,scenario:makespan:1656,175923456,7013442,70739453063,24,2932.0576,1.9481783333333333,70.739453063,24,24.0
317,scenario:makespan:1657,175923456,7013442,70739453063,24,2932.0576,1.9481783333333333,70.739453063,24,24.0
318,scenario:makespan:1661,175923456,7013442,71174605113,24,2932.0576,1.9481783333333333,71.174605113,24,24.0
319,scenario:makespan:1668,175923456,7013442,71174605113,24,2932.0576,1.9481783333333333,71.174605113,24,24.0
320,scenario:makespan:1683,175923456,7013442,71174605113,24,2932.0576,1.9481783333333333,71.174605113,24,24.0
321,scenario:makespan:1702,175923456,7013442,71174605113,24,2932.0576,1.9481783333333333,71.174605113,24,24.0
322,scenario:makespan:1710,175923456,7013442,70739453063,24,2932.0576,1.9481783333333333,70.739453063,24,24.0
323,scenario:makespan:1715,175923456,7013442,70739453063,24,2932.0576,1.9481783333333333,70.739453063,24,24.0
324,scenario:makespan:1762,175923456,7013442,70739453063,24,2932.0576,1.9481783333333333,70.739453063,24,24.0
325,scenario:makespan:1786,177119664,7013442,71174605113,24,2951.9944,1.9481783333333333,71.174605113,24,24.0
326,scenario:makespan:1833,175923456,7013442,71174605113,24,2932.0576,1.9481783333333333,71.174605113,24,24.0
327,scenario:makespan:1885,175923456,7013442,71174605113,24,2932.0576,1.9481783333333333,71.174605113,24,24.0
328,scenario:makespan:1890,175923456,7013442,71174605113,24,2932.0576,1.9481783333333333,71.174605113,24,24.0
329,scenario:makespan:1891,175923456,7013442,71174605113,24,2932.0576,1.9481783333333333,71.174605113,24,24.0
330,scenario:makespan:1893,177632904,7013442,70739453063,24,2960.5484,1.9481783333333333,70.739453063,24,24.0
331,scenario:makespan:1895,175923456,7013442,71174605113,24,2932.0576,1.9481783333333333,71.174605113,24,24.0
332,scenario:makespan:1903,175923456,7013442,71174605113,24,2932.0576,1.9481783333333333,71.174605113,24,24.0
333,scenario:makespan:1925,175923456,7013442,71174605113,24,2932.0576,1.9481783333333333,71.174605113,24,24.0
334,scenario:makespan:1928,175923456,7013442,71174605113,24,2932.0576,1.9481783333333333,71.174605113,24,24.0
335,scenario:makespan:1944,175923456,7013442,71174605113,24,2932.0576,1.9481783333333333,71.174605113,24,24.0
336,scenario:makespan:1968,175923456,7013442,71174605113,24,2932.0576,1.9481783333333333,71.174605113,24,24.0
337,scenario:makespan:1973,175923456,7013442,71174605113,24,2932.0576,1.9481783333333333,71.174605113,24,24.0
338,scenario:makespan:1994,175923456,7013442,70739453063,24,2932.0576,1.9481783333333333,70.739453063,24,24.0
339,scenario:makespan:2015,175923456,7013442,70739453063,24,2932.0576,1.9481783333333333,70.739453063,24,24.0
340,scenario:makespan:2035,175923456,7013442,71174605113,24,2932.0576,1.9481783333333333,71.174605113,24,24.0
341,scenario:makespan:2037,175923456,7013442,71174605113,24,2932.0576,1.9481783333333333,71.174605113,24,24.0
342,scenario:makespan:2041,175923456,7013442,71174605113,24,2932.0576,1.9481783333333333,71.174605113,24,24.0
343,scenario:makespan:2056,175923456,7013442,71174605113,24,2932.0576,1.9481783333333333,71.174605113,24,24.0
344,scenario:makespan:2081,175923456,7013442,71174605113,24,2932.0576,1.9481783333333333,71.174605113,24,24.0
345,scenario:makespan:2087,175923456,7013442,70739453063,24,2932.0576,1.9481783333333333,70.739453063,24,24.0
346,scenario:makespan:2097,175923456,7013442,70739453063,24,2932.0576,1.9481783333333333,70.739453063,24,24.0
347,scenario:makespan:2157,175410216,7013442,70739453063,24,2923.5036,1.9481783333333333,70.739453063,24,24.0
348,scenario:makespan:2203,175410216,7013442,70739453063,24,2923.5036,1.9481783333333333,70.739453063,24,24.0
349,scenario:makespan:2206,175923456,7013442,70739453063,24,2932.0576,1.9481783333333333,70.739453063,24,24.0
350,scenario:makespan:2228,175923456,7013442,70739453063,24,2932.0576,1.9481783333333333,70.739453063,24,24.0
351,scenario:makespan:2239,175923456,7013442,70739453063,24,2932.0576,1.9481783333333333,70.739453063,24,24.0
352,scenario:makespan:2242,175410216,7013442,71174605113,24,2923.5036,1.9481783333333333,71.174605113,24,24.0
353,scenario:makespan:2314,175923456,7013442,71174605113,24,2932.0576,1.9481783333333333,71.174605113,24,24.0
354,scenario:makespan:2360,175923456,7013442,71174605113,24,2932.0576,1.9481783333333333,71.174605113,24,24.0
355,scenario:makespan:2373,175923456,7013442,71174605113,24,2932.0576,1.9481783333333333,71.174605113,24,24.0
356,scenario:makespan:2377,175923456,7013442,71174605113,24,2932.0576,1.9481783333333333,71.174605113,24,24.0
357,scenario:makespan:2385,172584672,7013442,71174605113,24,2876.4112,1.9481783333333333,71.174605113,24,24.0
358,scenario:makespan:2390,172584672,7013442,71174605113,24,2876.4112,1.9481783333333333,71.174605113,24,24.0
359,scenario:makespan:2396,172584672,7013442,71174605113,24,2876.4112,1.9481783333333333,71.174605113,24,24.0
360,scenario:makespan:2398,172584672,7013442,71174605113,24,2876.4112,1.9481783333333333,71.174605113,24,24.0
361,scenario:makespan:2401,172584672,7013442,71174605113,24,2876.4112,1.9481783333333333,71.174605113,24,24.0
362,scenario:makespan:2410,172584672,7013442,71174605113,24,2876.4112,1.9481783333333333,71.174605113,24,24.0
363,scenario:makespan:2416,175923456,6947442,72098554690,25,2932.0576,1.929845,72.09855469,25,25.0
364,scenario:makespan:2417,177632904,6947442,71747339139,25,2960.5484,1.929845,71.747339139,25,25.0
365,scenario:makespan:2461,175923456,6947442,72098554690,25,2932.0576,1.929845,72.09855469,25,25.0
366,scenario:makespan:2480,175923456,6947442,71747339139,25,2932.0576,1.929845,71.747339139,25,25.0
367,scenario:makespan:2493,175923456,6947442,71747339139,25,2932.0576,1.929845,71.747339139,25,25.0
368,scenario:makespan:2500,175923456,6947442,71747339139,25,2932.0576,1.929845,71.747339139,25,25.0
369,scenario:makespan:2557,175923456,6947442,71747339139,25,2932.0576,1.929845,71.747339139,25,25.0
370,scenario:makespan:2569,175923456,6947442,71747339139,25,2932.0576,1.929845,71.747339139,25,25.0
371,scenario:makespan:2572,175923456,6947442,71747339139,25,2932.0576,1.929845,71.747339139,25,25.0
372,scenario:makespan:2687,175923456,6947442,71747339139,25,2932.0576,1.929845,71.747339139,25,25.0
373,scenario:makespan:2704,175923456,6947442,72098554690,25,2932.0576,1.929845,72.09855469,25,25.0
374,scenario:makespan:2732,175923456,6947442,72098554690,25,2932.0576,1.929845,72.09855469,25,25.0
375,scenario:makespan:2738,175923456,6947442,72098554690,25,2932.0576,1.929845,72.09855469,25,25.0
376,scenario:makespan:2743,175923456,6947442,72098554690,25,2932.0576,1.929845,72.09855469,25,25.0
377,scenario:makespan:2754,175923456,6947442,72098554690,25,2932.0576,1.929845,72.09855469,25,25.0
378,scenario:makespan:2759,175923456,6947442,72098554690,25,2932.0576,1.929845,72.09855469,25,25.0
379,scenario:makespan:2763,175923456,6947442,71747339139,25,2932.0576,1.929845,71.747339139,25,25.0
380,scenario:makespan:2796,175923456,6947442,71747339139,25,2932.0576,1.929845,71.747339139,25,25.0
381,scenario:makespan:2799,175923456,6947442,71747339139,25,2932.0576,1.929845,71.747339139,25,25.0
382,scenario:makespan:2801,175923456,6947442,71747339139,25,2932.0576,1.929845,71.747339139,25,25.0
383,scenario:makespan:2833,175923456,6947442,71747339139,25,2932.0576,1.929845,71.747339139,25,25.0
384,scenario:makespan:2837,174864996,6947442,71535264088,25,2914.4166,1.929845,71.535264088,25,25.0
385,scenario:makespan:final,179071716,6921074,71535264088,25,2984.5286,1.9225205555555556,71.535264088,25,25.0
386,scenario:energy:45,1576044,9700471,78996888379,27,26.2674,2.6945752777777776,78.996888379,27,27.0
387,scenario:energy:86,83890394,10008787,77595343774,27,1398.1732333333334,2.780218611111111,77.595343774,27,27.0
388,scenario:energy:96,75141504,9138855,76875871636,26,1252.3584,2.5385708333333334,76.875871636,26,26.0
389,scenario:energy:131,184079700,10852949,73744485323,26,3067.995,3.0147080555555554,73.744485323,26,26.0
390,scenario:energy:134,184079700,10852949,73744485323,26,3067.995,3.0147080555555554,73.744485323,26,26.0
391,scenario:energy:135,122411580,9131809,72026674318,24,2040.193,2.536613611111111,72.026674318,24,24.0
392,scenario:energy:137,122411580,9131809,72026674318,24,2040.193,2.536613611111111,72.026674318,24,24.0
393,scenario:energy:141,72187202,9879914,72126206296,23,1203.1200333333334,2.7444205555555556,72.126206296,23,23.0
394,scenario:energy:143,75718004,9830312,71069191207,22,1261.9667333333334,2.7306422222222224,71.069191207,22,22.0
395,scenario:energy:144,75718004,9830312,71069191207,22,1261.9667333333334,2.7306422222222224,71.069191207,22,22.0
396,scenario:energy:146,95417720,9830312,66485165850,20,1590.2953333333332,2.7306422222222224,66.48516585,20,20.0
397,scenario:energy:149,95330490,9801040,64061168175,20,1588.8415,2.7225111111111113,64.061168175,20,20.0
398,scenario:energy:150,56484512,9066896,64571352063,20,941.4085333333334,2.5185822222222223,64.571352063,20,20.0
399,scenario:energy:154,57003316,9723878,64702448701,19,950.0552666666666,2.701077222222222,64.702448701,19,19.0
400,scenario:energy:159,56484512,9674276,64702448701,19,941.4085333333334,2.687298888888889,64.702448701,19,19.0
401,scenario:energy:163,54020144,9601897,65840922724,21,900.3357333333333,2.667193611111111,65.840922724,21,21.0
402,scenario:energy:164,47982972,9473070,67067828448,22,799.7162,2.6314083333333333,67.067828448,22,22.0
403,scenario:energy:168,65943910,9608276,66577891790,21,1099.0651666666668,2.6689655555555554,66.57789179,21,21.0
404,scenario:energy:169,68022712,9608276,66577891790,21,1133.7118666666668,2.6689655555555554,66.57789179,21,21.0
405,scenario:energy:170,69733692,9608276,67100881635,21,1162.2282,2.6689655555555554,67.100881635,21,21.0
406,scenario:energy:172,67654890,9657878,67100881635,21,1127.5815,2.682743888888889,67.100881635,21,21.0
407,scenario:energy:174,67654890,9619279,67100881635,21,1127.5815,2.6720219444444444,67.100881635,21,21.0
408,scenario:energy:175,67624574,9657878,67100881635,21,1127.0762333333332,2.682743888888889,67.100881635,21,21.0
409,scenario:energy:176,84698482,9503157,67973792681,22,1411.6413666666667,2.639765833333333,67.973792681,22,22.0
410,scenario:energy:179,84698482,9503157,67973792681,22,1411.6413666666667,2.639765833333333,67.973792681,22,22.0
411,scenario:energy:182,69980912,9312544,68103490622,22,1166.3485333333333,2.5868177777777777,68.103490622,22,22.0
412,scenario:energy:185,69980912,9312544,68103490622,22,1166.3485333333333,2.5868177777777777,68.103490622,22,22.0
413,scenario:energy:186,69980912,9312544,68103490622,22,1166.3485333333333,2.5868177777777777,68.103490622,22,22.0
414,scenario:energy:187,56484512,9165705,68287594665,22,941.4085333333334,2.5460291666666666,68.287594665,22,22.0
415,scenario:energy:188,40824372,9801040,68287594665,22,680.4062,2.7225111111111113,68.287594665,22,22.0
416,scenario:energy:189,73768402,9629084,66386529053,21,1229.4733666666666,2.6747455555555555,66.386529053,21,21.0
417,scenario:energy:190,73768402,9629084,66386529053,21,1229.4733666666666,2.6747455555555555,66.386529053,21,21.0
418,scenario:energy:193,58108262,9801040,66386529053,21,968.4710333333334,2.7225111111111113,66.386529053,21,21.0
419,scenario:energy:194,55798602,9622650,66386529053,21,929.9767,2.6729583333333333,66.386529053,21,21.0
420,scenario:energy:196,58108262,9801040,66397685031,21,968.4710333333334,2.7225111111111113,66.397685031,21,21.0
421,scenario:energy:197,74287206,9629084,66397685031,21,1238.1201,2.6747455555555555,66.397685031,21,21.0
422,scenario:energy:198,66958522,9629084,66397685031,21,1115.9753666666666,2.6747455555555555,66.397685031,21,21.0
423,scenario:energy:199,74287206,9629084,66397685031,21,1238.1201,2.6747455555555555,66.397685031,21,21.0
424,scenario:energy:202,56484512,9723878,66313378958,21,941.4085333333334,2.701077222222222,66.313378958,21,21.0
425,scenario:energy:203,57003316,9723878,66313378958,21,950.0552666666666,2.701077222222222,66.313378958,21,21.0
426,scenario:energy:204,135406682,10408420,66361471067,22,2256.7780333333335,2.891227777777778,66.361471067,22,22.0
427,scenario:energy:205,151585626,9670481,66361471067,22,2526.4271,2.6862447222222223,66.361471067,22,22.0
428,scenario:energy:206,146941382,9629084,66361471067,22,2449.0230333333334,2.6747455555555555,66.361471067,22,22.0
429,scenario:energy:208,112326174,9629084,66295347320,22,1872.1029,2.6747455555555555,66.29534732,22,22.0
430,scenario:energy:209,176270922,9750506,65785163432,22,2937.8487,2.708473888888889,65.785163432,22,22.0
431,scenario:energy:210,173673316,9750506,65785163432,22,2894.5552666666667,2.708473888888889,65.785163432,22,22.0
432,scenario:energy:211,172221316,9750506,64728148343,21,2870.3552666666665,2.708473888888889,64.728148343,21,21.0
433,scenario:energy:212,109698252,9629084,65238332231,21,1828.3042,2.6747455555555555,65.238332231,21,21.0
434,scenario:energy:215,40824372,9801040,65450884700,21,680.4062,2.7225111111111113,65.4508847,21,21.0
435,scenario:energy:217,55857710,9116498,65450884700,21,930.9618333333333,2.5323605555555555,65.4508847,21,21.0
436,scenario:energy:218,57003316,9670481,66027192335,21,950.0552666666666,2.6862447222222223,66.027192335,21,21.0
437,scenario:energy:227,55857710,9723878,66027192335,21,930.9618333333333,2.701077222222222,66.027192335,21,21.0
438,scenario:energy:228,55857710,9723878,66234368297,21,930.9618333333333,2.701077222222222,66.234368297,21,21.0
439,scenario:energy:229,95117162,9723878,65724184409,21,1585.2860333333333,2.701077222222222,65.724184409,21,21.0
440,scenario:energy:230,134019458,10292818,65511631940,21,2233.6576333333333,2.859116111111111,65.51163194,21,21.0
441,scenario:energy:232,151585626,9723878,65511631940,21,2526.4271,2.701077222222222,65.51163194,21,21.0
442,scenario:energy:234,93634846,9723878,65724184409,21,1560.5807666666667,2.701077222222222,65.724184409,21,21.0
443,scenario:energy:236,95117162,9723878,65724184409,21,1585.2860333333333,2.701077222222222,65.724184409,21,21.0
444,scenario:energy:238,95117162,9723878,65724184409,21,1585.2860333333333,2.701077222222222,65.724184409,21,21.0
445,scenario:energy:239,96262768,9670481,65724184409,21,1604.3794666666668,2.6862447222222223,65.724184409,21,21.0
446,scenario:energy:241,176270922,9750506,63776286378,20,2937.8487,2.708473888888889,63.776286378,20,20.0
447,scenario:energy:242,111180568,9629084,64286470266,20,1853.0094666666666,2.6747455555555555,64.286470266,20,20.0
448,scenario:energy:243,96147230,9867040,64286470266,20,1602.4538333333333,2.7408444444444444,64.286470266,20,20.0
449,scenario:energy:244,111180568,9629084,65108534316,21,1853.0094666666666,2.6747455555555555,65.108534316,21,21.0
450,scenario:energy:248,94295690,10393939,66485837933,22,1571.5948333333333,2.887205277777778,66.485837933,22,22.0
451,scenario:energy:251,111180568,10393939,66485837933,22,1853.0094666666666,2.887205277777778,66.485837933,22,22.0
452,scenario:energy:252,38645148,10226818,66653149744,22,644.0858,2.8407827777777777,66.653149744,22,22.0
453,scenario:energy:254,57003316,9723878,66653149744,22,950.0552666666666,2.701077222222222,66.653149744,22,22.0
454,scenario:energy:255,57003316,9723878,66653149744,22,950.0552666666666,2.701077222222222,66.653149744,22,22.0
455,scenario:energy:256,38197368,10189503,66653149744,22,636.6228,2.8304175,66.653149744,22,22.0
456,scenario:energy:259,55857710,9723878,66653149744,22,930.9618333333333,2.701077222222222,66.653149744,22,22.0
457,scenario:energy:260,57003316,9723878,66653149744,22,950.0552666666666,2.701077222222222,66.653149744,22,22.0
458,scenario:energy:262,38972832,10254125,66653149744,22,649.5472,2.8483680555555555,66.653149744,22,22.0
459,scenario:energy:263,55857710,9723878,66653149744,22,930.9618333333333,2.701077222222222,66.653149744,22,22.0
460,scenario:energy:265,55857710,9723878,66641993766,22,930.9618333333333,2.701077222222222,66.641993766,22,22.0
461,scenario:energy:266,57003316,9723878,66641993766,22,950.0552666666666,2.701077222222222,66.641993766,22,22.0
462,scenario:energy:271,38972832,10254125,66641993766,22,649.5472,2.8483680555555555,66.641993766,22,22.0
463,scenario:energy:273,73141600,9629084,65954541944,22,1219.0266666666666,2.6747455555555555,65.954541944,22,22.0
464,scenario:energy:275,73141600,9629084,65954541944,22,1219.0266666666666,2.6747455555555555,65.954541944,22,22.0
465,scenario:energy:276,55481258,9629084,65954541944,22,924.6876333333333,2.6747455555555555,65.954541944,22,22.0
466,scenario:energy:277,55857710,9182498,65309930807,21,930.9618333333333,2.550693888888889,65.309930807,21,21.0
467,scenario:energy:279,53894562,8963581,65309930807,21,898.2427,2.489883611111111,65.309930807,21,21.0
468,scenario:energy:281,55857710,9182498,65309930807,21,930.9618333333333,2.550693888888889,65.309930807,21,21.0
469,scenario:energy:282,55857710,9723878,66838100407,22,930.9618333333333,2.701077222222222,66.838100407,22,22.0
470,scenario:energy:284,94017950,9723878,65804926674,22,1566.9658333333334,2.701077222222222,65.804926674,22,22.0
471,scenario:energy:285,111509434,9881656,65217166574,22,1858.4905666666666,2.7449044444444444,65.217166574,22,22.0
472,scenario:energy:287,106007828,9881656,65217166574,22,1766.7971333333332,2.7449044444444444,65.217166574,22,22.0
473,scenario:energy:288,110363828,9881656,65217166574,22,1839.3971333333334,2.7449044444444444,65.217166574,22,22.0
474,scenario:energy:293,110363828,9881656,65217166574,22,1839.3971333333334,2.7449044444444444,65.217166574,22,22.0
475,scenario:energy:294,111509434,9881656,65217166574,22,1858.4905666666666,2.7449044444444444,65.217166574,22,22.0
476,scenario:energy:295,106507716,9867876,65217166574,22,1775.1286,2.741076666666667,65.217166574,22,22.0
477,scenario:energy:299,94846950,10245330,65572881360,22,1580.7825,2.845925,65.57288136,22,22.0
478,scenario:energy:300,111509434,10245330,65572881360,22,1858.4905666666666,2.845925,65.57288136,22,22.0
479,scenario:energy:304,111509434,9457986,65344627000,22,1858.4905666666666,2.6272183333333334,65.344627,22,22.0
480,scenario:energy:305,110363828,9457986,65344627000,22,1839.3971333333334,2.6272183333333334,65.344627,22,22.0
481,scenario:energy:306,110363828,9457986,65344627000,22,1839.3971333333334,2.6272183333333334,65.344627,22,22.0
482,scenario:energy:307,95330490,9801040,65344627000,22,1588.8415,2.7225111111111113,65.344627,22,22.0
483,scenario:energy:308,110363828,9457986,65344627000,22,1839.3971333333334,2.6272183333333334,65.344627,22,22.0
484,scenario:energy:309,110363828,9457986,65344627000,22,1839.3971333333334,2.6272183333333334,65.344627,22,22.0
485,scenario:energy:310,111509434,9457986,65344627000,22,1858.4905666666666,2.6272183333333334,65.344627,22,22.0
486,scenario:energy:311,100736634,9457986,65344627000,22,1678.9439,2.6272183333333334,65.344627,22,22.0
487,scenario:energy:312,110363828,9457986,63524582336,20,1839.3971333333334,2.6272183333333334,63.524582336,20,20.0
488,scenario:energy:313,95330490,9801040,63524582336,20,1588.8415,2.7225111111111113,63.524582336,20,20.0
489,scenario:energy:314,95330490,9867040,63119016608,19,1588.8415,2.7408444444444444,63.119016608,19,19.0
490,scenario:energy:316,110990630,9457986,63119016608,19,1849.8438333333334,2.6272183333333334,63.119016608,19,19.0
491,scenario:energy:318,95330490,9867040,62683864558,19,1588.8415,2.7408444444444444,62.683864558,19,19.0
492,scenario:energy:319,110990630,9457986,62683864558,19,1849.8438333333334,2.6272183333333334,62.683864558,19,19.0
493,scenario:energy:322,111509434,9457986,62683864558,19,1858.4905666666666,2.6272183333333334,62.683864558,19,19.0
494,scenario:energy:328,111509434,9457986,62683864558,19,1858.4905666666666,2.6272183333333334,62.683864558,19,19.0
495,scenario:energy:329,110990630,9457986,62683864558,19,1849.8438333333334,2.6272183333333334,62.683864558,19,19.0
496,scenario:energy:335,95330490,9867040,62683864558,19,1588.8415,2.7408444444444444,62.683864558,19,19.0
497,scenario:energy:336,110990630,9457986,62683864558,19,1849.8438333333334,2.6272183333333334,62.683864558,19,19.0
498,scenario:energy:341,57003316,9182498,63194048446,19,950.0552666666666,2.550693888888889,63.194048446,19,19.0
499,scenario:energy:342,57003316,9182498,63964876912,20,950.0552666666666,2.550693888888889,63.964876912,20,20.0
500,scenario:energy:345,40824372,9867040,63964876912,20,680.4062,2.7408444444444444,63.964876912,20,20.0
501,scenario:energy:346,55857710,9182498,63964876912,20,930.9618333333333,2.550693888888889,63.964876912,20,20.0
502,scenario:energy:347,57003316,9182498,63964876912,20,950.0552666666666,2.550693888888889,63.964876912,20,20.0
503,scenario:energy:351,39408144,9749021,63964876912,20,656.8024,2.708061388888889,63.964876912,20,20.0
504,scenario:energy:355,55857710,9182498,63964876912,20,930.9618333333333,2.550693888888889,63.964876912,20,20.0
505,scenario:energy:357,57003316,9182498,63964876912,20,950.0552666666666,2.550693888888889,63.964876912,20,20.0
506,scenario:energy:363,55857710,9182498,63964876912,20,930.9618333333333,2.550693888888889,63.964876912,20,20.0
507,scenario:energy:366,55857710,9182498,63964876912,20,930.9618333333333,2.550693888888889,63.964876912,20,20.0
508,scenario:energy:368,107877922,9457986,65576096451,22,1797.9653666666666,2.6272183333333334,65.576096451,22,22.0
509,scenario:energy:373,153815440,9902337,65065912563,22,2563.5906666666665,2.750649166666667,65.065912563,22,22.0
510,scenario:energy:377,110363828,9457986,64276757074,21,1839.3971333333334,2.6272183333333334,64.276757074,21,21.0
511,scenario:energy:378,108400680,9457986,64276757074,21,1806.678,2.6272183333333334,64.276757074,21,21.0
512,scenario:energy:379,107653322,9182498,64276757074,21,1794.2220333333332,2.550693888888889,64.276757074,21,21.0
513,scenario:energy:380,110363828,9457986,64276757074,21,1839.3971333333334,2.6272183333333334,64.276757074,21,21.0
514,scenario:energy:381,108400680,9457986,64276757074,21,1806.678,2.6272183333333334,64.276757074,21,21.0
515,scenario:energy:384,110363828,9457986,64276757074,21,1839.3971333333334,2.6272183333333334,64.276757074,21,21.0
516,scenario:energy:385,121889138,9902337,65174725925,22,2031.4856333333332,2.750649166666667,65.174725925,22,22.0
517,scenario:energy:387,92122674,9599722,65399317101,22,1535.3779,2.6665894444444445,65.399317101,22,22.0
518,scenario:energy:389,106007828,9457986,65399317101,22,1766.7971333333332,2.6272183333333334,65.399317101,22,22.0
519,scenario:energy:390,54405710,9182498,65909500989,22,906.7618333333334,2.550693888888889,65.909500989,22,22.0
520,scenario:energy:392,54405710,9182498,65909500989,22,906.7618333333334,2.550693888888889,65.909500989,22,22.0
521,scenario:energy:393,51501710,9000896,65909500989,22,858.3618333333334,2.5002488888888887,65.909500989,22,22.0
522,scenario:energy:395,65432762,8915180,66596110416,23,1090.5460333333333,2.476438888888889,66.596110416,23,23.0
523,scenario:energy:398,53894562,8915180,65909500989,22,898.2427,2.476438888888889,65.909500989,22,22.0
524,scenario:energy:401,53894562,8915180,65909500989,22,898.2427,2.476438888888889,65.909500989,22,22.0
525,scenario:energy:404,54405710,9182498,65909500989,22,906.7618333333334,2.550693888888889,65.909500989,22,22.0
526,scenario:energy:406,54405710,9182498,65909500989,22,906.7618333333334,2.550693888888889,65.909500989,22,22.0
527,scenario:energy:413,37616556,9599722,65909500989,22,626.9426,2.6665894444444445,65.909500989,22,22.0
528,scenario:energy:415,56234702,9455182,67448739910,23,937.2450333333334,2.6264394444444443,67.44873991,23,23.0
529,scenario:energy:416,54405710,9723878,67448739910,23,906.7618333333334,2.701077222222222,67.44873991,23,23.0
530,scenario:energy:418,53894562,9456560,67448739910,23,898.2427,2.626822222222222,67.44873991,23,23.0
531,scenario:energy:420,86378242,10513406,67418440228,24,1439.6373666666666,2.9203905555555556,67.418440228,24,24.0
532,scenario:energy:422,69483962,10686590,67418440228,24,1158.0660333333333,2.968497222222222,67.418440228,24,24.0
533,scenario:energy:423,69826762,9503203,67645592376,24,1163.7793666666666,2.6397786111111112,67.645592376,24,24.0
534,scenario:energy:424,54405710,9723878,67647407523,23,906.7618333333334,2.701077222222222,67.647407523,23,23.0
535,scenario:energy:426,51501710,9542276,67647407523,23,858.3618333333334,2.6506322222222223,67.647407523,23,23.0
536,scenario:energy:427,40824372,10408420,67647407523,23,680.4062,2.891227777777778,67.647407523,23,23.0
537,scenario:energy:428,54405710,9723878,67647407523,23,906.7618333333334,2.701077222222222,67.647407523,23,23.0
538,scenario:energy:430,47814516,10057000,67647407523,23,796.9086,2.7936111111111113,67.647407523,23,23.0
539,scenario:energy:431,54405710,9723878,67647407523,23,906.7618333333334,2.701077222222222,67.647407523,23,23.0
540,scenario:energy:433,37600020,9777746,68408689164,24,626.667,2.7160405555555553,68.408689164,24,24.0
541,scenario:energy:435,54405710,9361900,68408689164,24,906.7618333333334,2.6005277777777778,68.408689164,24,24.0
542,scenario:energy:436,56234702,9312298,68408689164,24,937.2450333333334,2.5867494444444445,68.408689164,24,24.0
543,scenario:energy:437,54405710,9361900,68408689164,24,906.7618333333334,2.6005277777777778,68.408689164,24,24.0
544,scenario:energy:438,54405710,9361900,68408689164,24,906.7618333333334,2.6005277777777778,68.408689164,24,24.0
545,scenario:energy:439,54405710,9361900,68408689164,24,906.7618333333334,2.6005277777777778,68.408689164,24,24.0
546,scenario:energy:440,51501710,9180298,68408689164,24,858.3618333333334,2.550082777777778,68.408689164,24,24.0
547,scenario:energy:443,37616556,9779124,68408689164,24,626.9426,2.716423333333333,68.408689164,24,24.0
548,scenario:energy:444,54405710,9361900,68408689164,24,906.7618333333334,2.6005277777777778,68.408689164,24,24.0
549,scenario:energy:446,54405710,9361900,68408689164,24,906.7618333333334,2.6005277777777778,68.408689164,24,24.0
550,scenario:energy:447,56234702,9093204,68408689164,24,937.2450333333334,2.52589,68.408689164,24,24.0
551,scenario:energy:448,54405710,9361900,68408689164,24,906.7618333333334,2.6005277777777778,68.408689164,24,24.0
552,scenario:energy:449,54405710,9361900,68408689164,24,906.7618333333334,2.6005277777777778,68.408689164,24,24.0
553,scenario:energy:453,54405710,9361900,68408689164,24,906.7618333333334,2.6005277777777778,68.408689164,24,24.0
554,scenario:energy:454,53894562,9094582,68181537016,24,898.2427,2.526272777777778,68.181537016,24,24.0
555,scenario:energy:455,40824372,10046442,68181537016,24,680.4062,2.790678333333333,68.181537016,24,24.0
556,scenario:energy:456,54405710,9361900,68181537016,24,906.7618333333334,2.6005277777777778,68.181537016,24,24.0
557,scenario:energy:457,54405710,9361900,67974361054,24,906.7618333333334,2.6005277777777778,67.974361054,24,24.0
558,scenario:energy:459,54405710,9361900,67974361054,24,906.7618333333334,2.6005277777777778,67.974361054,24,24.0
559,scenario:energy:461,47535708,9427704,67974361054,24,792.2618,2.6188066666666665,67.974361054,24,24.0
560,scenario:energy:462,56234702,9312298,67974361054,24,937.2450333333334,2.5867494444444445,67.974361054,24,24.0
561,scenario:energy:464,54405710,9361900,68201513202,24,906.7618333333334,2.6005277777777778,68.201513202,24,24.0
562,scenario:energy:465,62652690,8768480,68402679087,25,1044.2115,2.435688888888889,68.402679087,25,25.0
563,scenario:energy:466,65943910,8688520,68609855049,25,1099.0651666666668,2.4134777777777776,68.609855049,25,25.0
564,scenario:energy:467,82444782,9457986,68413748408,25,1374.0797,2.6272183333333334,68.413748408,25,25.0
565,scenario:energy:468,93640190,9713676,68201673357,25,1560.6698333333334,2.6982433333333335,68.201673357,25,25.0
566,scenario:energy:469,93640190,9713676,68201673357,25,1560.6698333333334,2.6982433333333335,68.201673357,25,25.0
567,scenario:energy:470,90318654,9674954,68201673357,25,1505.3109,2.6874872222222224,68.201673357,25,25.0
568,scenario:energy:471,93129042,9713676,68201673357,25,1552.1507,2.6982433333333335,68.201673357,25,25.0
569,scenario:energy:473,82955930,9457986,68000507472,24,1382.5988333333332,2.6272183333333334,68.000507472,24,24.0
570,scenario:energy:474,80021614,9457986,68000507472,24,1333.6935666666666,2.6272183333333334,68.000507472,24,24.0
571,scenario:energy:475,69978620,9457986,68225098648,24,1166.3103333333333,2.6272183333333334,68.225098648,24,24.0
572,scenario:energy:476,40824372,9801040,67284238599,23,680.4062,2.7225111111111113,67.284238599,23,23.0
573,scenario:energy:479,53894562,8849180,67053885325,23,898.2427,2.4581055555555555,67.053885325,23,23.0
574,scenario:energy:481,56234702,8847802,67284238599,23,937.2450333333334,2.4577227777777777,67.284238599,23,23.0
575,scenario:energy:486,51471394,9041266,67053885325,23,857.8565666666667,2.5114627777777776,67.053885325,23,23.0
576,scenario:energy:488,63009594,9041266,66829294149,23,1050.1599,2.5114627777777776,66.829294149,23,23.0
577,scenario:energy:489,118257626,9857587,66409565718,23,1970.9604333333334,2.7382186111111113,66.409565718,23,23.0
578,scenario:energy:490,118257626,9457986,65699509492,22,1970.9604333333334,2.6272183333333334,65.699509492,22,22.0
579,scenario:energy:493,118257626,9457986,65699509492,22,1970.9604333333334,2.6272183333333334,65.699509492,22,22.0
580,scenario:energy:494,114913142,9457986,66756524581,23,1915.2190333333333,2.6272183333333334,66.756524581,23,23.0
581,scenario:energy:495,114913142,9457986,66756524581,23,1915.2190333333333,2.6272183333333334,66.756524581,23,23.0
582,scenario:energy:497,114487170,9374372,66756524581,23,1908.1195,2.6039922222222223,66.756524581,23,23.0
583,scenario:energy:502,120086618,9878268,66529372433,23,2001.4436333333333,2.7439633333333333,66.529372433,23,23.0
584,scenario:energy:506,99840332,9878268,66529372433,23,1664.0055333333332,2.7439633333333333,66.529372433,23,23.0
585,scenario:energy:507,100676472,9878268,66529372433,23,1677.9412,2.7439633333333333,66.529372433,23,23.0
586,scenario:energy:512,190053848,10691004,66019188545,23,3167.5641333333333,2.9697233333333335,66.019188545,23,23.0
587,scenario:energy:513,114913142,9878268,66529372433,23,1915.2190333333333,2.7439633333333333,66.529372433,23,23.0
588,scenario:energy:514,116805626,9878268,66964524483,23,1946.7604333333334,2.7439633333333333,66.964524483,23,23.0
589,scenario:energy:515,120086618,10526412,67861435392,24,2001.4436333333333,2.9240033333333333,67.861435392,24,24.0
590,scenario:energy:516,114913142,10526412,67861435392,24,1915.2190333333333,2.9240033333333333,67.861435392,24,24.0
591,scenario:energy:518,100951608,10526412,67861435392,24,1682.5268,2.9240033333333333,67.861435392,24,24.0
592,scenario:energy:520,149440840,9734357,67512279905,24,2490.6806666666666,2.7039880555555555,67.512279905,24,24.0
593,scenario:energy:522,116805626,9857587,68088587540,24,1946.7604333333334,2.7382186111111113,68.08858754,24,24.0
594,scenario:energy:523,67772902,9545488,68301140009,24,1129.5483666666667,2.6515244444444446,68.301140009,24,24.0
595,scenario:energy:524,65374776,9467722,67613688187,24,1089.5796,2.629922777777778,67.613688187,24,24.0
596,scenario:energy:525,84784922,9457986,67613688187,24,1413.0820333333334,2.6272183333333334,67.613688187,24,24.0
597,scenario:energy:527,68471808,9725808,67613688187,24,1141.1968,2.7016133333333334,67.613688187,24,24.0
598,scenario:energy:528,162429534,10341976,67103504299,24,2707.1589,2.872771111111111,67.103504299,24,24.0
599,scenario:energy:531,162429534,10341976,67103504299,24,2707.1589,2.872771111111111,67.103504299,24,24.0
600,scenario:energy:533,159148542,10341976,67103504299,24,2652.4757,2.872771111111111,67.103504299,24,24.0
601,scenario:energy:534,159148542,10341976,67103504299,24,2652.4757,2.872771111111111,67.103504299,24,24.0
602,scenario:energy:535,117610960,9725808,67328095475,24,1960.1826666666666,2.7016133333333334,67.328095475,24,24.0
603,scenario:energy:536,133924074,9601897,67439239662,24,2232.0679,2.667193611111111,67.439239662,24,24.0
604,scenario:energy:540,130643082,9601897,67439239662,24,2177.3847,2.667193611111111,67.439239662,24,24.0
605,scenario:energy:541,162429534,10341976,67214648486,24,2707.1589,2.872771111111111,67.214648486,24,24.0
606,scenario:energy:543,155572214,10865505,66987496338,24,2592.8702333333335,3.0181958333333334,66.987496338,24,24.0
607,scenario:energy:544,185310340,10691004,66019188545,23,3088.5056666666665,2.9697233333333335,66.019188545,23,23.0
608,scenario:energy:547,190053848,10691004,66019188545,23,3167.5641333333333,2.9697233333333335,66.019188545,23,23.0
609,scenario:energy:550,193334840,10691004,66019188545,23,3222.2473333333332,2.9697233333333335,66.019188545,23,23.0
610,scenario:energy:551,190053848,10691004,66019188545,23,3167.5641333333333,2.9697233333333335,66.019188545,23,23.0
611,scenario:energy:555,195353912,10839613,67464534971,24,3255.8985333333335,3.011003611111111,67.464534971,24,24.0
612,scenario:energy:556,124478996,10026877,67677087440,24,2074.649933333333,2.785243611111111,67.67708744,24,24.0
613,scenario:energy:557,124478996,10026877,67677087440,24,2074.649933333333,2.785243611111111,67.67708744,24,24.0
614,scenario:energy:558,110242326,10026877,67677087440,24,1837.3721,2.785243611111111,67.67708744,24,24.0
615,scenario:energy:561,110225790,9629084,67904239588,24,1837.0965,2.6747455555555555,67.904239588,24,24.0
616,scenario:energy:565,64310406,8849180,68414423476,24,1071.8401,2.4581055555555555,68.414423476,24,24.0
617,scenario:energy:567,64750890,9034062,68414423476,24,1079.1815,2.5094616666666667,68.414423476,24,24.0
618,scenario:energy:571,51483784,9651226,68414423476,24,858.0630666666667,2.680896111111111,68.414423476,24,24.0
619,scenario:energy:572,64750890,9034062,68414423476,24,1079.1815,2.5094616666666667,68.414423476,24,24.0
620,scenario:energy:574,49791050,9532344,68414423476,24,829.8508333333333,2.6478733333333335,68.414423476,24,24.0
621,scenario:energy:577,64750890,9034062,68414423476,24,1079.1815,2.5094616666666667,68.414423476,24,24.0
622,scenario:energy:580,50019394,8966684,68639014652,24,833.6565666666667,2.4907455555555558,68.639014652,24,24.0
623,scenario:energy:581,53141898,8938108,68639014652,24,885.6983,2.482807777777778,68.639014652,24,24.0
624,scenario:energy:589,51061226,8849180,68639014652,24,851.0204333333334,2.4581055555555555,68.639014652,24,24.0
625,scenario:energy:593,51061226,8849180,68104868829,24,851.0204333333334,2.4581055555555555,68.104868829,24,24.0
626,scenario:energy:605,51061226,8849180,68104868829,24,851.0204333333334,2.4581055555555555,68.104868829,24,24.0
627,scenario:energy:621,51061226,8849180,68104868829,24,851.0204333333334,2.4581055555555555,68.104868829,24,24.0
628,scenario:energy:623,51061226,8849180,68104868829,24,851.0204333333334,2.4581055555555555,68.104868829,24,24.0
629,scenario:energy:626,53141898,8938108,68104868829,24,885.6983,2.482807777777778,68.104868829,24,24.0
630,scenario:energy:628,50049710,8872108,68104868829,24,834.1618333333333,2.4644744444444444,68.104868829,24,24.0
631,scenario:energy:629,51061226,8849180,68104868829,24,851.0204333333334,2.4581055555555555,68.104868829,24,24.0
632,scenario:energy:631,51061226,8849180,68104868829,24,851.0204333333334,2.4581055555555555,68.104868829,24,24.0
633,scenario:energy:633,51061226,8849180,68104868829,24,851.0204333333334,2.4581055555555555,68.104868829,24,24.0
634,scenario:energy:635,51061226,9390560,69436931788,25,851.0204333333334,2.608488888888889,69.436931788,25,25.0
635,scenario:energy:642,51061226,9390560,69436931788,25,851.0204333333334,2.608488888888889,69.436931788,25,25.0
636,scenario:energy:643,66634136,9457986,69400993115,25,1110.5689333333332,2.6272183333333334,69.400993115,25,25.0
637,scenario:energy:645,114789064,9601897,67979608624,24,1913.1510666666666,2.667193611111111,67.979608624,24,24.0
638,scenario:energy:648,130643082,9601897,67979608624,24,2177.3847,2.667193611111111,67.979608624,24,24.0
639,scenario:energy:651,130643082,9601897,67979608624,24,2177.3847,2.667193611111111,67.979608624,24,24.0
640,scenario:energy:652,107459828,9457986,66683484338,23,1790.9971333333333,2.6272183333333334,66.683484338,23,23.0
641,scenario:energy:653,101528634,9507766,66683484338,23,1692.1439,2.641046111111111,66.683484338,23,23.0
642,scenario:energy:656,107459828,9457986,66683484338,23,1790.9971333333333,2.6272183333333334,66.683484338,23,23.0
643,scenario:energy:657,104555828,9457986,66683484338,23,1742.5971333333334,2.6272183333333334,66.683484338,23,23.0
644,scenario:energy:661,105977512,9457986,66683484338,23,1766.2918666666667,2.6272183333333334,66.683484338,23,23.0
645,scenario:energy:662,107459828,9457986,66683484338,23,1790.9971333333333,2.6272183333333334,66.683484338,23,23.0
646,scenario:energy:667,107459828,9457986,66683484338,23,1790.9971333333333,2.6272183333333334,66.683484338,23,23.0
647,scenario:energy:674,110740820,9457986,66683484338,23,1845.6803333333332,2.6272183333333334,66.683484338,23,23.0
648,scenario:energy:678,62599426,8849180,66969077050,23,1043.3237666666666,2.4581055555555555,66.96907705,23,23.0
649,scenario:energy:687,52953710,9174644,67193668226,23,882.5618333333333,2.548512222222222,67.193668226,23,23.0
650,scenario:energy:691,52953710,9174644,67193668226,23,882.5618333333333,2.548512222222222,67.193668226,23,23.0
651,scenario:energy:698,56234702,8913802,67193668226,23,937.2450333333334,2.4760561111111112,67.193668226,23,23.0
652,scenario:energy:699,51061226,8849180,67193668226,23,851.0204333333334,2.4581055555555555,67.193668226,23,23.0
653,scenario:energy:709,52953710,9174644,67193668226,23,882.5618333333333,2.548512222222222,67.193668226,23,23.0
654,scenario:energy:711,52953710,9174644,67193668226,23,882.5618333333333,2.548512222222222,67.193668226,23,23.0
655,scenario:energy:713,58672830,9136108,64680793394,20,977.8805,2.5378077777777777,64.680793394,20,20.0
656,scenario:energy:714,58672830,9136108,64680793394,20,977.8805,2.5378077777777777,64.680793394,20,20.0
657,scenario:energy:715,57309710,9182498,63623778305,19,955.1618333333333,2.550693888888889,63.623778305,19,19.0
658,scenario:energy:724,54782702,9066896,63623778305,19,913.0450333333333,2.5185822222222223,63.623778305,19,19.0
659,scenario:energy:726,57309710,9182498,63188626255,19,955.1618333333333,2.550693888888889,63.188626255,19,19.0
660,scenario:energy:732,58672830,9182498,63188626255,19,977.8805,2.550693888888889,63.188626255,19,19.0
661,scenario:energy:738,58672830,9182498,63188626255,19,977.8805,2.550693888888889,63.188626255,19,19.0
662,scenario:energy:739,58672830,9182498,63188626255,19,977.8805,2.550693888888889,63.188626255,19,19.0
663,scenario:energy:742,58672830,9182498,63188626255,19,977.8805,2.550693888888889,63.188626255,19,19.0
664,scenario:energy:743,58672830,9182498,63188626255,19,977.8805,2.550693888888889,63.188626255,19,19.0
665,scenario:energy:748,58672830,9182498,63188626255,19,977.8805,2.550693888888889,63.188626255,19,19.0
666,scenario:energy:750,58672830,9182498,63188626255,19,977.8805,2.550693888888889,63.188626255,19,19.0
667,scenario:energy:752,58672830,9182498,63188626255,19,977.8805,2.550693888888889,63.188626255,19,19.0
668,scenario:energy:755,74245740,9457986,63833237392,20,1237.429,2.6272183333333334,63.833237392,20,20.0
669,scenario:energy:757,71178452,9629084,64367383215,20,1186.3075333333334,2.6747455555555555,64.367383215,20,20.0
670,scenario:energy:760,75956720,9629084,64367383215,20,1265.9453333333333,2.6747455555555555,64.367383215,20,20.0
671,scenario:energy:761,75956720,9629084,64367383215,20,1265.9453333333333,2.6747455555555555,64.367383215,20,20.0
672,scenario:energy:764,75956720,9629084,64367383215,20,1265.9453333333333,2.6747455555555555,64.367383215,20,20.0
673,scenario:energy:765,58441922,9801040,64367383215,20,974.0320333333333,2.7225111111111113,64.367383215,20,20.0
674,scenario:energy:766,75787740,9612186,64367383215,20,1263.129,2.6700516666666667,64.367383215,20,20.0
675,scenario:energy:770,75956720,9629084,64367383215,20,1265.9453333333333,2.6747455555555555,64.367383215,20,20.0
676,scenario:energy:775,75956720,9629084,64367383215,20,1265.9453333333333,2.6747455555555555,64.367383215,20,20.0
677,scenario:energy:779,58441922,9801040,64367383215,20,974.0320333333333,2.7225111111111113,64.367383215,20,20.0
678,scenario:energy:781,57309710,9723878,65054835037,20,955.1618333333333,2.701077222222222,65.054835037,20,20.0
679,scenario:energy:782,40824372,10408420,65054835037,20,680.4062,2.891227777777778,65.054835037,20,20.0
680,scenario:energy:784,75956720,9629084,64367383215,20,1265.9453333333333,2.6747455555555555,64.367383215,20,20.0
681,scenario:energy:785,136362202,9601897,63323053504,20,2272.7033666666666,2.667193611111111,63.323053504,20,20.0
682,scenario:energy:787,134999082,9601897,63323053504,20,2249.9847,2.667193611111111,63.323053504,20,20.0
683,scenario:energy:789,113178948,9457986,62678442367,19,1886.3158,2.6272183333333334,62.678442367,19,19.0
684,scenario:energy:792,113178948,9457986,62678442367,19,1886.3158,2.6272183333333334,62.678442367,19,19.0
685,scenario:energy:801,113178948,9457986,62678442367,19,1886.3158,2.6272183333333334,62.678442367,19,19.0
686,scenario:energy:806,113178948,9457986,62678442367,19,1886.3158,2.6272183333333334,62.678442367,19,19.0
687,scenario:energy:807,113178948,9457986,62678442367,19,1886.3158,2.6272183333333334,62.678442367,19,19.0
688,scenario:energy:810,109288820,9457986,62678442367,19,1821.4803333333334,2.6272183333333334,62.678442367,19,19.0
689,scenario:energy:811,113178948,9457986,62678442367,19,1886.3158,2.6272183333333334,62.678442367,19,19.0
690,scenario:energy:816,113178948,9457986,62678442367,19,1886.3158,2.6272183333333334,62.678442367,19,19.0
691,scenario:energy:817,110333512,9457986,62678442367,19,1838.8918666666666,2.6272183333333334,62.678442367,19,19.0
692,scenario:energy:818,113178948,9457986,62678442367,19,1886.3158,2.6272183333333334,62.678442367,19,19.0
693,scenario:energy:819,95330490,9867040,62678442367,19,1588.8415,2.7408444444444444,62.678442367,19,19.0
694,scenario:energy:822,70211030,9182498,63875235682,20,1170.1838333333333,2.550693888888889,63.875235682,20,20.0
695,scenario:energy:823,89508612,9601897,63186811108,20,1491.8102,2.667193611111111,63.186811108,20,20.0
696,scenario:energy:824,58672830,9182498,63188626255,19,977.8805,2.550693888888889,63.188626255,19,19.0
697,scenario:energy:831,41158032,9867040,63188626255,19,685.9672,2.7408444444444444,63.188626255,19,19.0
698,scenario:energy:832,58672830,9182498,63188626255,19,977.8805,2.550693888888889,63.188626255,19,19.0
699,scenario:energy:835,58672830,9182498,63188626255,19,977.8805,2.550693888888889,63.188626255,19,19.0
700,scenario:energy:839,58672830,9182498,63188626255,19,977.8805,2.550693888888889,63.188626255,19,19.0
701,scenario:energy:846,58672830,9159777,64296702440,20,977.8805,2.5443825,64.29670244,20,20.0
702,scenario:energy:853,58672830,9159777,64296702440,20,977.8805,2.5443825,64.29670244,20,20.0
703,scenario:energy:854,58672830,9159777,64296702440,20,977.8805,2.5443825,64.29670244,20,20.0
704,scenario:energy:861,40885380,9844319,64296702440,20,681.423,2.7345330555555556,64.29670244,20,20.0
705,scenario:energy:870,55857710,9182498,64296702440,20,930.9618333333333,2.550693888888889,64.29670244,20,20.0
706,scenario:energy:871,58672830,9159777,64296702440,20,977.8805,2.5443825,64.29670244,20,20.0
707,scenario:energy:883,41158032,9867040,64361391322,20,685.9672,2.7408444444444444,64.361391322,20,20.0
708,scenario:energy:889,113178948,9457986,63851207434,20,1886.3158,2.6272183333333334,63.851207434,20,20.0
709,scenario:energy:891,113178948,9457986,63851207434,20,1886.3158,2.6272183333333334,63.851207434,20,20.0
710,scenario:energy:895,40824372,9867040,64361391322,20,680.4062,2.7408444444444444,64.361391322,20,20.0
711,scenario:energy:896,61384556,9515620,64061537301,20,1023.0759333333333,2.6432277777777777,64.061537301,20,20.0
712,scenario:energy:900,70211030,9182498,63875235682,20,1170.1838333333333,2.550693888888889,63.875235682,20,20.0
713,scenario:energy:901,70211030,9182498,63875235682,20,1170.1838333333333,2.550693888888889,63.875235682,20,20.0
714,scenario:energy:902,72268514,9419264,63920142164,21,1204.4752333333333,2.6164622222222222,63.920142164,21,21.0
715,scenario:energy:911,76555276,9601897,63920142164,21,1275.9212666666667,2.667193611111111,63.920142164,21,21.0
716,scenario:energy:913,138846172,9601897,64146109366,21,2314.1028666666666,2.667193611111111,64.146109366,21,21.0
717,scenario:energy:914,138846172,9601897,64146109366,21,2314.1028666666666,2.667193611111111,64.146109366,21,21.0
718,scenario:energy:918,138846172,9601897,64146109366,21,2314.1028666666666,2.667193611111111,64.146109366,21,21.0
719,scenario:energy:924,138846172,9601897,64146109366,21,2314.1028666666666,2.667193611111111,64.146109366,21,21.0
720,scenario:energy:925,138846172,9601897,64146109366,21,2314.1028666666666,2.667193611111111,64.146109366,21,21.0
721,scenario:energy:928,130875878,9474302,64146109366,21,2181.264633333333,2.6317505555555556,64.146109366,21,21.0
722,scenario:energy:929,138846172,9601897,64146109366,21,2314.1028666666666,2.667193611111111,64.146109366,21,21.0
723,scenario:energy:930,138846172,9601897,64146109366,21,2314.1028666666666,2.667193611111111,64.146109366,21,21.0
724,scenario:energy:932,138846172,9601897,64146109366,21,2314.1028666666666,2.667193611111111,64.146109366,21,21.0
725,scenario:energy:935,138846172,9601897,64146109366,21,2314.1028666666666,2.667193611111111,64.146109366,21,21.0
726,scenario:energy:937,138846172,9601897,64146109366,21,2314.1028666666666,2.667193611111111,64.146109366,21,21.0
727,scenario:energy:939,138846172,9601897,64146109366,21,2314.1028666666666,2.667193611111111,64.146109366,21,21.0
728,scenario:energy:940,138846172,9601897,64146109366,21,2314.1028666666666,2.667193611111111,64.146109366,21,21.0
729,scenario:energy:941,171960562,9601897,63512852049,20,2866.0093666666667,2.667193611111111,63.512852049,20,20.0
730,scenario:energy:942,95330490,9867040,63735457456,20,1588.8415,2.7408444444444444,63.735457456,20,20.0
731,scenario:energy:943,113178948,9457986,63735457456,20,1886.3158,2.6272183333333334,63.735457456,20,20.0
732,scenario:energy:944,58672830,9136108,64245641344,20,977.8805,2.5378077777777777,64.245641344,20,20.0
733,scenario:energy:962,67252756,9070108,64954828695,21,1120.8792666666666,2.5194744444444446,64.954828695,21,21.0
734,scenario:energy:966,67395910,9182498,63897813606,20,1123.2651666666666,2.550693888888889,63.897813606,20,20.0
735,scenario:energy:971,67395910,9182498,63897813606,20,1123.2651666666666,2.550693888888889,63.897813606,20,20.0
736,scenario:energy:982,67395910,9182498,63897813606,20,1123.2651666666666,2.550693888888889,63.897813606,20,20.0
737,scenario:energy:983,67395910,9182498,63897813606,20,1123.2651666666666,2.550693888888889,63.897813606,20,20.0
738,scenario:energy:984,55857710,9182498,64122404782,20,930.9618333333333,2.550693888888889,64.122404782,20,20.0
739,scenario:energy:987,40824372,9867040,64122404782,20,680.4062,2.7408444444444444,64.122404782,20,20.0
740,scenario:energy:991,47535708,9507766,64122404782,20,792.2618,2.641046111111111,64.122404782,20,20.0
741,scenario:energy:994,55857710,9182498,64122404782,20,930.9618333333333,2.550693888888889,64.122404782,20,20.0
742,scenario:energy:998,55857710,9182498,64122404782,20,930.9618333333333,2.550693888888889,64.122404782,20,20.0
743,scenario:energy:1001,55714556,9182498,64122404782,20,928.5759333333333,2.550693888888889,64.122404782,20,20.0
744,scenario:energy:1002,67395910,9182498,63897813606,20,1123.2651666666666,2.550693888888889,63.897813606,20,20.0
745,scenario:energy:1006,67395910,9182498,63897813606,20,1123.2651666666666,2.550693888888889,63.897813606,20,20.0
746,scenario:energy:1009,67395910,9182498,63897813606,20,1123.2651666666666,2.550693888888889,63.897813606,20,20.0
747,scenario:energy:1010,55857710,9182498,64122404782,20,930.9618333333333,2.550693888888889,64.122404782,20,20.0
748,scenario:energy:1018,39437148,9751438,64122404782,20,657.2858,2.7087327777777777,64.122404782,20,20.0
749,scenario:energy:1019,55857710,9182498,64122404782,20,930.9618333333333,2.550693888888889,64.122404782,20,20.0
750,scenario:energy:1021,55857710,9182498,64122404782,20,930.9618333333333,2.550693888888889,64.122404782,20,20.0
751,scenario:energy:1026,55857710,9182498,64122404782,20,930.9618333333333,2.550693888888889,64.122404782,20,20.0
752,scenario:energy:1028,55857710,9182498,64122404782,20,930.9618333333333,2.550693888888889,64.122404782,20,20.0
753,scenario:energy:1034,55857710,9182498,64122404782,20,930.9618333333333,2.550693888888889,64.122404782,20,20.0
754,scenario:energy:1037,55857710,9182498,64122404782,20,930.9618333333333,2.550693888888889,64.122404782,20,20.0
755,scenario:energy:1039,55857710,9182498,64122404782,20,930.9618333333333,2.550693888888889,64.122404782,20,20.0
756,scenario:energy:1043,55857710,9182498,64122404782,20,930.9618333333333,2.550693888888889,64.122404782,20,20.0
757,scenario:energy:1048,55857710,9182498,64122404782,20,930.9618333333333,2.550693888888889,64.122404782,20,20.0
758,scenario:energy:1053,55857710,9182498,64122404782,20,930.9618333333333,2.550693888888889,64.122404782,20,20.0
759,scenario:energy:1067,55857710,9182498,64122404782,20,930.9618333333333,2.550693888888889,64.122404782,20,20.0
760,scenario:energy:1071,55857710,9182498,64122404782,20,930.9618333333333,2.550693888888889,64.122404782,20,20.0
761,scenario:energy:1073,55857710,9182498,64122404782,20,930.9618333333333,2.550693888888889,64.122404782,20,20.0
762,scenario:energy:1075,40730124,9859186,64122404782,20,678.8354,2.738662777777778,64.122404782,20,20.0
763,scenario:energy:1079,55857710,9182498,64122404782,20,930.9618333333333,2.550693888888889,64.122404782,20,20.0
764,scenario:energy:1082,55857710,9182498,64122404782,20,930.9618333333333,2.550693888888889,64.122404782,20,20.0
765,scenario:energy:1083,55857710,9182498,64122404782,20,930.9618333333333,2.550693888888889,64.122404782,20,20.0
766,scenario:energy:1085,66320902,9149623,63897813606,20,1105.3483666666666,2.5415619444444446,63.897813606,20,20.0
767,scenario:energy:1088,67395910,9182498,63897813606,20,1123.2651666666666,2.550693888888889,63.897813606,20,20.0
768,scenario:energy:1093,67395910,9182498,63897813606,20,1123.2651666666666,2.550693888888889,63.897813606,20,20.0
769,scenario:energy:1095,67395910,9182498,63897813606,20,1123.2651666666666,2.550693888888889,63.897813606,20,20.0
770,scenario:energy:1099,67252756,9182498,63897813606,20,1120.8792666666666,2.550693888888889,63.897813606,20,20.0
771,scenario:energy:1100,53894562,9174644,64122404782,20,898.2427,2.548512222222222,64.122404782,20,20.0
772,scenario:energy:1108,55857710,9182498,64122404782,20,930.9618333333333,2.550693888888889,64.122404782,20,20.0
773,scenario:energy:1112,55857710,9182498,64122404782,20,930.9618333333333,2.550693888888889,64.122404782,20,20.0
774,scenario:energy:1115,55857710,9182498,64122404782,20,930.9618333333333,2.550693888888889,64.122404782,20,20.0
775,scenario:energy:1116,55857710,9182498,64122404782,20,930.9618333333333,2.550693888888889,64.122404782,20,20.0
776,scenario:energy:1133,55857710,9182498,64122404782,20,930.9618333333333,2.550693888888889,64.122404782,20,20.0
777,scenario:energy:1134,54782702,9066896,64122404782,20,913.0450333333333,2.5185822222222223,64.122404782,20,20.0
778,scenario:energy:1143,40824372,9867040,64122404782,20,680.4062,2.7408444444444444,64.122404782,20,20.0
779,scenario:energy:1150,55857710,9182498,64122404782,20,930.9618333333333,2.550693888888889,64.122404782,20,20.0
780,scenario:energy:1151,53894562,9174644,64122404782,20,898.2427,2.548512222222222,64.122404782,20,20.0
781,scenario:energy:1155,55857710,9182498,64122404782,20,930.9618333333333,2.550693888888889,64.122404782,20,20.0
782,scenario:energy:1160,55857710,9182498,64122404782,20,930.9618333333333,2.550693888888889,64.122404782,20,20.0
783,scenario:energy:1171,55857710,9182498,64122404782,20,930.9618333333333,2.550693888888889,64.122404782,20,20.0
784,scenario:energy:1174,40730124,9859186,64122404782,20,678.8354,2.738662777777778,64.122404782,20,20.0
785,scenario:energy:1175,67395910,9182498,63897813606,20,1123.2651666666666,2.550693888888889,63.897813606,20,20.0
786,scenario:energy:1176,67395910,9182498,63897813606,20,1123.2651666666666,2.550693888888889,63.897813606,20,20.0
787,scenario:energy:1179,67395910,9182498,63897813606,20,1123.2651666666666,2.550693888888889,63.897813606,20,20.0
788,scenario:energy:1180,67395910,9182498,63897813606,20,1123.2651666666666,2.550693888888889,63.897813606,20,20.0
789,scenario:energy:1181,67395910,9182498,63897813606,20,1123.2651666666666,2.550693888888889,63.897813606,20,20.0
790,scenario:energy:1187,67395910,9182498,63897813606,20,1123.2651666666666,2.550693888888889,63.897813606,20,20.0
791,scenario:energy:1193,67252756,9182498,63897813606,20,1120.8792666666666,2.550693888888889,63.897813606,20,20.0
792,scenario:energy:1195,67395910,9182498,63897813606,20,1123.2651666666666,2.550693888888889,63.897813606,20,20.0
793,scenario:energy:1196,67395910,9182498,63897813606,20,1123.2651666666666,2.550693888888889,63.897813606,20,20.0
794,scenario:energy:1217,55857710,9182498,64122404782,20,930.9618333333333,2.550693888888889,64.122404782,20,20.0
795,scenario:energy:1225,48020148,9400018,64122404782,20,800.3358,2.611116111111111,64.122404782,20,20.0
796,scenario:energy:1230,115724964,9297842,63387629718,20,1928.7494,2.582733888888889,63.387629718,20,20.0
797,scenario:energy:1231,123341138,9457986,63387629718,20,2055.6856333333335,2.6272183333333334,63.387629718,20,20.0
798,scenario:energy:1234,123341138,9457986,63387629718,20,2055.6856333333335,2.6272183333333334,63.387629718,20,20.0
799,scenario:energy:1237,123341138,9457986,63387629718,20,2055.6856333333335,2.6272183333333334,63.387629718,20,20.0
800,scenario:energy:1239,123341138,9457986,63387629718,20,2055.6856333333335,2.6272183333333334,63.387629718,20,20.0
801,scenario:energy:1254,123341138,9457986,63387629718,20,2055.6856333333335,2.6272183333333334,63.387629718,20,20.0
802,scenario:energy:1257,123197984,9457986,63387629718,20,2053.2997333333333,2.6272183333333334,63.387629718,20,20.0
803,scenario:energy:1258,121377990,9457986,63387629718,20,2022.9665,2.6272183333333334,63.387629718,20,20.0
804,scenario:energy:1259,123341138,9457986,63387629718,20,2055.6856333333335,2.6272183333333334,63.387629718,20,20.0
805,scenario:energy:1261,115503576,9457986,63387629718,20,1925.0596,2.6272183333333334,63.387629718,20,20.0
806,scenario:energy:1263,123341138,9457986,63387629718,20,2055.6856333333335,2.6272183333333334,63.387629718,20,20.0
807,scenario:energy:1264,123341138,9457986,63387629718,20,2055.6856333333335,2.6272183333333334,63.387629718,20,20.0
808,scenario:energy:1267,122266130,9457986,63387629718,20,2037.7688333333333,2.6272183333333334,63.387629718,20,20.0
809,scenario:energy:1269,123341138,9457986,63387629718,20,2055.6856333333335,2.6272183333333334,63.387629718,20,20.0
810,scenario:energy:1272,121377990,9457986,63387629718,20,2022.9665,2.6272183333333334,63.387629718,20,20.0
811,scenario:energy:1275,108307800,9867040,63387629718,20,1805.13,2.7408444444444444,63.387629718,20,20.0
812,scenario:energy:1278,123341138,9457986,63387629718,20,2055.6856333333335,2.6272183333333334,63.387629718,20,20.0
813,scenario:energy:1281,123341138,9457986,63387629718,20,2055.6856333333335,2.6272183333333334,63.387629718,20,20.0
814,scenario:energy:1282,108307800,9867040,63387629718,20,1805.13,2.7408444444444444,63.387629718,20,20.0
815,scenario:energy:1284,116011860,9515620,63387629718,20,1933.531,2.6432277777777777,63.387629718,20,20.0
816,scenario:energy:1287,110363828,9457986,63612220894,20,1839.3971333333334,2.6272183333333334,63.612220894,20,20.0
817,scenario:energy:1288,110363828,9457986,63612220894,20,1839.3971333333334,2.6272183333333334,63.612220894,20,20.0
818,scenario:energy:1297,110363828,9457986,63612220894,20,1839.3971333333334,2.6272183333333334,63.612220894,20,20.0
819,scenario:energy:1300,55857710,9182498,64122404782,20,930.9618333333333,2.550693888888889,64.122404782,20,20.0
820,scenario:energy:1304,55857710,9182498,64122404782,20,930.9618333333333,2.550693888888889,64.122404782,20,20.0
821,scenario:energy:1308,55857710,9182498,64122404782,20,930.9618333333333,2.550693888888889,64.122404782,20,20.0
822,scenario:energy:1317,55857710,9182498,64122404782,20,930.9618333333333,2.550693888888889,64.122404782,20,20.0
823,scenario:energy:1319,55857710,9182498,64122404782,20,930.9618333333333,2.550693888888889,64.122404782,20,20.0
824,scenario:energy:1330,55857710,9182498,64122404782,20,930.9618333333333,2.550693888888889,64.122404782,20,20.0
825,scenario:energy:1332,55857710,9182498,64122404782,20,930.9618333333333,2.550693888888889,64.122404782,20,20.0
826,scenario:energy:1336,55857710,9182498,64122404782,20,930.9618333333333,2.550693888888889,64.122404782,20,20.0
827,scenario:energy:1341,55857710,9182498,64122404782,20,930.9618333333333,2.550693888888889,64.122404782,20,20.0
828,scenario:energy:1349,67395910,9182498,63897813606,20,1123.2651666666666,2.550693888888889,63.897813606,20,20.0
829,scenario:energy:1362,67395910,9182498,63897813606,20,1123.2651666666666,2.550693888888889,63.897813606,20,20.0
830,scenario:energy:1364,67395910,9182498,63897813606,20,1123.2651666666666,2.550693888888889,63.897813606,20,20.0
831,scenario:energy:1376,55857710,9182498,64122404782,20,930.9618333333333,2.550693888888889,64.122404782,20,20.0
832,scenario:energy:1384,48606516,9515620,64122404782,20,810.1086,2.6432277777777777,64.122404782,20,20.0
833,scenario:energy:1391,64596622,9174644,63897813606,20,1076.6103666666668,2.548512222222222,63.897813606,20,20.0
834,scenario:energy:1400,67395910,9182498,63897813606,20,1123.2651666666666,2.550693888888889,63.897813606,20,20.0
835,scenario:energy:1402,63416330,9182498,63897813606,20,1056.9388333333334,2.550693888888889,63.897813606,20,20.0
836,scenario:energy:1403,67395910,9182498,63897813606,20,1123.2651666666666,2.550693888888889,63.897813606,20,20.0
837,scenario:energy:1412,67395910,9182498,63897813606,20,1123.2651666666666,2.550693888888889,63.897813606,20,20.0
838,scenario:energy:1414,67395910,9182498,63897813606,20,1123.2651666666666,2.550693888888889,63.897813606,20,20.0
839,scenario:energy:1417,67395910,9182498,63897813606,20,1123.2651666666666,2.550693888888889,63.897813606,20,20.0
840,scenario:energy:1427,52362572,9867040,63897813606,20,872.7095333333333,2.7408444444444444,63.897813606,20,20.0
841,scenario:energy:1430,65650900,9182498,63897813606,20,1094.1816666666666,2.550693888888889,63.897813606,20,20.0
842,scenario:energy:1431,123341138,9457986,63387629718,20,2055.6856333333335,2.6272183333333334,63.387629718,20,20.0
843,scenario:energy:1432,108307800,9867040,63387629718,20,1805.13,2.7408444444444444,63.387629718,20,20.0
844,scenario:energy:1433,123341138,9457986,63387629718,20,2055.6856333333335,2.6272183333333334,63.387629718,20,20.0
845,scenario:energy:1434,122266130,9457986,63387629718,20,2037.7688333333333,2.6272183333333334,63.387629718,20,20.0
846,scenario:energy:1435,106920576,9751438,63387629718,20,1782.0096,2.7087327777777777,63.387629718,20,20.0
847,scenario:energy:1437,123341138,9457986,63387629718,20,2055.6856333333335,2.6272183333333334,63.387629718,20,20.0
848,scenario:energy:1441,115503576,9482745,63387629718,20,1925.0596,2.6340958333333333,63.387629718,20,20.0
849,scenario:energy:1442,108307800,9867040,63387629718,20,1805.13,2.7408444444444444,63.387629718,20,20.0
850,scenario:energy:1446,123197984,9457986,63387629718,20,2053.2997333333333,2.6272183333333334,63.387629718,20,20.0
851,scenario:energy:1447,123341138,9457986,63387629718,20,2055.6856333333335,2.6272183333333334,63.387629718,20,20.0
852,scenario:energy:1448,123341138,9457986,63387629718,20,2055.6856333333335,2.6272183333333334,63.387629718,20,20.0
853,scenario:energy:1457,63831322,9174644,63897813606,20,1063.8553666666667,2.548512222222222,63.897813606,20,20.0
854,scenario:energy:1465,67395910,9182498,63897813606,20,1123.2651666666666,2.550693888888889,63.897813606,20,20.0
855,scenario:energy:1474,67395910,9182498,63897813606,20,1123.2651666666666,2.550693888888889,63.897813606,20,20.0
856,scenario:energy:1478,66320902,9066896,63897813606,20,1105.3483666666666,2.5185822222222223,63.897813606,20,20.0
857,scenario:energy:1479,67395910,9182498,63897813606,20,1123.2651666666666,2.550693888888889,63.897813606,20,20.0
858,scenario:energy:1480,67395910,9182498,63897813606,20,1123.2651666666666,2.550693888888889,63.897813606,20,20.0
859,scenario:energy:1485,67395910,9182498,63897813606,20,1123.2651666666666,2.550693888888889,63.897813606,20,20.0
860,scenario:energy:1493,67395910,9182498,63897813606,20,1123.2651666666666,2.550693888888889,63.897813606,20,20.0
861,scenario:energy:1498,67395910,9182498,63897813606,20,1123.2651666666666,2.550693888888889,63.897813606,20,20.0
862,scenario:energy:1505,67252756,9182498,63897813606,20,1120.8792666666666,2.550693888888889,63.897813606,20,20.0
863,scenario:energy:1511,52362572,9867040,63897813606,20,872.7095333333333,2.7408444444444444,63.897813606,20,20.0
864,scenario:energy:1524,67395910,9182498,63897813606,20,1123.2651666666666,2.550693888888889,63.897813606,20,20.0
865,scenario:energy:1526,65484762,9149623,63897813606,20,1091.4127,2.5415619444444446,63.897813606,20,20.0
866,scenario:energy:1533,55857710,9182498,64122404782,20,930.9618333333333,2.550693888888889,64.122404782,20,20.0
867,scenario:energy:1536,55857710,9182498,64122404782,20,930.9618333333333,2.550693888888889,64.122404782,20,20.0
868,scenario:energy:1538,55857710,9182498,64122404782,20,930.9618333333333,2.550693888888889,64.122404782,20,20.0
869,scenario:energy:1539,55857710,9182498,64122404782,20,930.9618333333333,2.550693888888889,64.122404782,20,20.0
870,scenario:energy:1540,55857710,9182498,64122404782,20,930.9618333333333,2.550693888888889,64.122404782,20,20.0
871,scenario:energy:1542,53894562,9174644,64122404782,20,898.2427,2.548512222222222,64.122404782,20,20.0
872,scenario:energy:1547,55857710,9182498,64122404782,20,930.9618333333333,2.550693888888889,64.122404782,20,20.0
873,scenario:energy:1554,55857710,9182498,64122404782,20,930.9618333333333,2.550693888888889,64.122404782,20,20.0
874,scenario:energy:1555,55857710,9182498,64122404782,20,930.9618333333333,2.550693888888889,64.122404782,20,20.0
875,scenario:energy:1560,55857710,9182498,64122404782,20,930.9618333333333,2.550693888888889,64.122404782,20,20.0
876,scenario:energy:1561,55857710,9182498,64122404782,20,930.9618333333333,2.550693888888889,64.122404782,20,20.0
877,scenario:energy:1562,55857710,9182498,64122404782,20,930.9618333333333,2.550693888888889,64.122404782,20,20.0
878,scenario:energy:1564,55857710,9182498,64122404782,20,930.9618333333333,2.550693888888889,64.122404782,20,20.0
879,scenario:energy:1569,55857710,9182498,64122404782,20,930.9618333333333,2.550693888888889,64.122404782,20,20.0
880,scenario:energy:1571,55857710,9182498,64122404782,20,930.9618333333333,2.550693888888889,64.122404782,20,20.0
881,scenario:energy:1579,55857710,9182498,64122404782,20,930.9618333333333,2.550693888888889,64.122404782,20,20.0
882,scenario:energy:1581,55857710,9182498,64122404782,20,930.9618333333333,2.550693888888889,64.122404782,20,20.0
883,scenario:energy:1582,55857710,9182498,64122404782,20,930.9618333333333,2.550693888888889,64.122404782,20,20.0
884,scenario:energy:1588,55857710,9182498,64122404782,20,930.9618333333333,2.550693888888889,64.122404782,20,20.0
885,scenario:energy:1594,67395910,9182498,63897813606,20,1123.2651666666666,2.550693888888889,63.897813606,20,20.0
886,scenario:energy:1602,67395910,9182498,63897813606,20,1123.2651666666666,2.550693888888889,63.897813606,20,20.0
887,scenario:energy:1606,67395910,9182498,63897813606,20,1123.2651666666666,2.550693888888889,63.897813606,20,20.0
888,scenario:energy:1608,67395910,9182498,63897813606,20,1123.2651666666666,2.550693888888889,63.897813606,20,20.0
889,scenario:energy:1616,55714556,9182498,64122404782,20,928.5759333333333,2.550693888888889,64.122404782,20,20.0
890,scenario:energy:1625,40824372,9867040,64122404782,20,680.4062,2.7408444444444444,64.122404782,20,20.0
891,scenario:energy:1629,55714556,9182498,64122404782,20,928.5759333333333,2.550693888888889,64.122404782,20,20.0
892,scenario:energy:1631,55857710,9182498,64122404782,20,930.9618333333333,2.550693888888889,64.122404782,20,20.0
893,scenario:energy:1635,67395910,9182498,63897813606,20,1123.2651666666666,2.550693888888889,63.897813606,20,20.0
894,scenario:energy:1638,67395910,9182498,63897813606,20,1123.2651666666666,2.550693888888889,63.897813606,20,20.0
895,scenario:energy:1641,67395910,9182498,63897813606,20,1123.2651666666666,2.550693888888889,63.897813606,20,20.0
896,scenario:energy:1642,67395910,9182498,63897813606,20,1123.2651666666666,2.550693888888889,63.897813606,20,20.0
897,scenario:energy:1645,67395910,9182498,63897813606,20,1123.2651666666666,2.550693888888889,63.897813606,20,20.0
898,scenario:energy:1648,55857710,9182498,64122404782,20,930.9618333333333,2.550693888888889,64.122404782,20,20.0
899,scenario:energy:1652,53894562,9174644,64122404782,20,898.2427,2.548512222222222,64.122404782,20,20.0
900,scenario:energy:1655,55857710,9182498,64122404782,20,930.9618333333333,2.550693888888889,64.122404782,20,20.0
901,scenario:energy:1657,55857710,9182498,64122404782,20,930.9618333333333,2.550693888888889,64.122404782,20,20.0
902,scenario:energy:1660,55857710,9182498,64122404782,20,930.9618333333333,2.550693888888889,64.122404782,20,20.0
903,scenario:energy:1662,54782702,9066896,64122404782,20,913.0450333333333,2.5185822222222223,64.122404782,20,20.0
904,scenario:energy:1670,55857710,9182498,64122404782,20,930.9618333333333,2.550693888888889,64.122404782,20,20.0
905,scenario:energy:1672,67395910,9182498,63897813606,20,1123.2651666666666,2.550693888888889,63.897813606,20,20.0
906,scenario:energy:1673,113178948,9457986,62678442367,19,1886.3158,2.6272183333333334,62.678442367,19,19.0
907,scenario:energy:1674,113178948,9457986,62678442367,19,1886.3158,2.6272183333333334,62.678442367,19,19.0
908,scenario:energy:1682,113178948,9457986,62678442367,19,1886.3158,2.6272183333333334,62.678442367,19,19.0
909,scenario:energy:1684,113178948,9457986,62678442367,19,1886.3158,2.6272183333333334,62.678442367,19,19.0
910,scenario:energy:1686,113178948,9457986,62678442367,19,1886.3158,2.6272183333333334,62.678442367,19,19.0
911,scenario:energy:1696,113178948,9457986,62678442367,19,1886.3158,2.6272183333333334,62.678442367,19,19.0
912,scenario:energy:1715,95664150,9867040,62678442367,19,1594.4025,2.7408444444444444,62.678442367,19,19.0
913,scenario:energy:1716,94828010,9867040,62678442367,19,1580.4668333333334,2.7408444444444444,62.678442367,19,19.0
914,scenario:energy:1717,95664150,9867040,62678442367,19,1594.4025,2.7408444444444444,62.678442367,19,19.0
915,scenario:energy:1724,109801172,9297842,62678442367,19,1830.0195333333334,2.582733888888889,62.678442367,19,19.0
916,scenario:energy:1725,113645774,9199871,62678442367,19,1894.0962333333334,2.5555197222222223,62.678442367,19,19.0
917,scenario:energy:1740,113178948,9457986,62678442367,19,1886.3158,2.6272183333333334,62.678442367,19,19.0
918,scenario:energy:1743,95664150,9867040,62678442367,19,1594.4025,2.7408444444444444,62.678442367,19,19.0
919,scenario:energy:1745,104487144,9515620,62678442367,19,1741.4524,2.6432277777777777,62.678442367,19,19.0
920,scenario:energy:1750,58672830,9182498,63188626255,19,977.8805,2.550693888888889,63.188626255,19,19.0
921,scenario:energy:1765,58672830,9182498,63188626255,19,977.8805,2.550693888888889,63.188626255,19,19.0
922,scenario:energy:1768,57309710,9182498,63188626255,19,955.1618333333333,2.550693888888889,63.188626255,19,19.0
923,scenario:energy:1769,58672830,9182498,63188626255,19,977.8805,2.550693888888889,63.188626255,19,19.0
924,scenario:energy:1770,58672830,9182498,63188626255,19,977.8805,2.550693888888889,63.188626255,19,19.0
925,scenario:energy:1774,58672830,9182498,63188626255,19,977.8805,2.550693888888889,63.188626255,19,19.0
926,scenario:energy:1775,58672830,9182498,63188626255,19,977.8805,2.550693888888889,63.188626255,19,19.0
927,scenario:energy:1786,58672830,9182498,63188626255,19,977.8805,2.550693888888889,63.188626255,19,19.0
928,scenario:energy:1789,58672830,9182498,63188626255,19,977.8805,2.550693888888889,63.188626255,19,19.0
929,scenario:energy:1790,58672830,9182498,63188626255,19,977.8805,2.550693888888889,63.188626255,19,19.0
930,scenario:energy:1798,58672830,9182498,63188626255,19,977.8805,2.550693888888889,63.188626255,19,19.0
931,scenario:energy:1800,57309710,9182498,63188626255,19,955.1618333333333,2.550693888888889,63.188626255,19,19.0
932,scenario:energy:1807,58672830,9182498,63188626255,19,977.8805,2.550693888888889,63.188626255,19,19.0
933,scenario:energy:1808,58672830,9182498,63188626255,19,977.8805,2.550693888888889,63.188626255,19,19.0
934,scenario:energy:1810,58672830,9182498,63188626255,19,977.8805,2.550693888888889,63.188626255,19,19.0
935,scenario:energy:1813,58672830,9182498,63188626255,19,977.8805,2.550693888888889,63.188626255,19,19.0
936,scenario:energy:1816,58672830,9182498,63188626255,19,977.8805,2.550693888888889,63.188626255,19,19.0
937,scenario:energy:1817,53894562,9174644,63188626255,19,898.2427,2.548512222222222,63.188626255,19,19.0
938,scenario:energy:1839,58672830,9182498,63188626255,19,977.8805,2.550693888888889,63.188626255,19,19.0
939,scenario:energy:1841,58672830,9182498,63188626255,19,977.8805,2.550693888888889,63.188626255,19,19.0
940,scenario:energy:1842,58672830,9182498,63188626255,19,977.8805,2.550693888888889,63.188626255,19,19.0
941,scenario:energy:1844,58672830,9182498,63188626255,19,977.8805,2.550693888888889,63.188626255,19,19.0
942,scenario:energy:1848,57309710,9182498,63188626255,19,955.1618333333333,2.550693888888889,63.188626255,19,19.0
943,scenario:energy:1855,58672830,9182498,63188626255,19,977.8805,2.550693888888889,63.188626255,19,19.0
944,scenario:energy:1860,113178948,9457986,62678442367,19,1886.3158,2.6272183333333334,62.678442367,19,19.0
945,scenario:energy:1861,113178948,9457986,62678442367,19,1886.3158,2.6272183333333334,62.678442367,19,19.0
946,scenario:energy:1862,113178948,9457986,62678442367,19,1886.3158,2.6272183333333334,62.678442367,19,19.0
947,scenario:energy:1863,113178948,9457986,62678442367,19,1886.3158,2.6272183333333334,62.678442367,19,19.0
948,scenario:energy:1864,95664150,9867040,62678442367,19,1594.4025,2.7408444444444444,62.678442367,19,19.0
949,scenario:energy:1867,113178948,9457986,62678442367,19,1886.3158,2.6272183333333334,62.678442367,19,19.0
950,scenario:energy:1870,104487144,9515620,62678442367,19,1741.4524,2.6432277777777777,62.678442367,19,19.0
951,scenario:energy:1871,91808038,9867040,62678442367,19,1530.1339666666668,2.7408444444444444,62.678442367,19,19.0
952,scenario:energy:1875,94849022,9859186,62678442367,19,1580.8170333333333,2.738662777777778,62.678442367,19,19.0
953,scenario:energy:1876,113178948,9457986,62678442367,19,1886.3158,2.6272183333333334,62.678442367,19,19.0
954,scenario:energy:1877,113178948,9457986,62678442367,19,1886.3158,2.6272183333333334,62.678442367,19,19.0
955,scenario:energy:1879,113178948,9457986,62678442367,19,1886.3158,2.6272183333333334,62.678442367,19,19.0
956,scenario:energy:1880,113178948,9457986,62678442367,19,1886.3158,2.6272183333333334,62.678442367,19,19.0
957,scenario:energy:1888,113178948,9457986,62678442367,19,1886.3158,2.6272183333333334,62.678442367,19,19.0
958,scenario:energy:1889,113178948,9457986,62678442367,19,1886.3158,2.6272183333333334,62.678442367,19,19.0
959,scenario:energy:1892,113178948,9457986,62678442367,19,1886.3158,2.6272183333333334,62.678442367,19,19.0
960,scenario:energy:1894,113178948,9457986,62678442367,19,1886.3158,2.6272183333333334,62.678442367,19,19.0
961,scenario:energy:1895,113178948,9457986,62678442367,19,1886.3158,2.6272183333333334,62.678442367,19,19.0
962,scenario:energy:1900,105463044,9515620,62678442367,19,1757.7174,2.6432277777777777,62.678442367,19,19.0
963,scenario:energy:1902,113178948,9457986,62678442367,19,1886.3158,2.6272183333333334,62.678442367,19,19.0
964,scenario:energy:1904,113178948,9457986,62678442367,19,1886.3158,2.6272183333333334,62.678442367,19,19.0
965,scenario:energy:1905,113178948,9457986,62678442367,19,1886.3158,2.6272183333333334,62.678442367,19,19.0
966,scenario:energy:1906,113178948,9457986,62678442367,19,1886.3158,2.6272183333333334,62.678442367,19,19.0
967,scenario:energy:1907,113178948,9457986,62678442367,19,1886.3158,2.6272183333333334,62.678442367,19,19.0
968,scenario:energy:1908,113178948,9457986,62678442367,19,1886.3158,2.6272183333333334,62.678442367,19,19.0
969,scenario:energy:1916,113178948,9457986,62678442367,19,1886.3158,2.6272183333333334,62.678442367,19,19.0
970,scenario:energy:1919,95276930,9867040,62678442367,19,1587.9488333333334,2.7408444444444444,62.678442367,19,19.0
971,scenario:energy:1920,113178948,9457986,62678442367,19,1886.3158,2.6272183333333334,62.678442367,19,19.0
972,scenario:energy:1923,113178948,9457986,62678442367,19,1886.3158,2.6272183333333334,62.678442367,19,19.0
973,scenario:energy:1925,113178948,9457986,62678442367,19,1886.3158,2.6272183333333334,62.678442367,19,19.0
974,scenario:energy:1927,113178948,9457986,62678442367,19,1886.3158,2.6272183333333334,62.678442367,19,19.0
975,scenario:energy:1928,107959716,9182498,62678442367,19,1799.3286,2.550693888888889,62.678442367,19,19.0
976,scenario:energy:1962,113178948,9457986,62678442367,19,1886.3158,2.6272183333333334,62.678442367,19,19.0
977,scenario:energy:1966,113178948,9457986,62678442367,19,1886.3158,2.6272183333333334,62.678442367,19,19.0
978,scenario:energy:1968,94828010,9867040,62678442367,19,1580.4668333333334,2.7408444444444444,62.678442367,19,19.0
979,scenario:energy:1970,91474378,9867040,62678442367,19,1524.5729666666666,2.7408444444444444,62.678442367,19,19.0
980,scenario:energy:1971,113178948,9457986,62678442367,19,1886.3158,2.6272183333333334,62.678442367,19,19.0
981,scenario:energy:1973,95330490,9867040,62678442367,19,1588.8415,2.7408444444444444,62.678442367,19,19.0
982,scenario:energy:1978,113178948,9457986,62678442367,19,1886.3158,2.6272183333333334,62.678442367,19,19.0
983,scenario:energy:1986,113178948,9457986,62678442367,19,1886.3158,2.6272183333333334,62.678442367,19,19.0
984,scenario:energy:1989,113178948,9457986,62678442367,19,1886.3158,2.6272183333333334,62.678442367,19,19.0
985,scenario:energy:1992,58672830,9182498,64082114165,20,977.8805,2.550693888888889,64.082114165,20,20.0
986,scenario:energy:1994,58672830,9168656,64082114165,20,977.8805,2.546848888888889,64.082114165,20,20.0
987,scenario:energy:1995,58672830,9182498,63188626255,19,977.8805,2.550693888888889,63.188626255,19,19.0
988,scenario:energy:2002,58672830,9182498,63188626255,19,977.8805,2.550693888888889,63.188626255,19,19.0
989,scenario:energy:2008,58672830,9182498,63188626255,19,977.8805,2.550693888888889,63.188626255,19,19.0
990,scenario:energy:2009,53894562,9174644,63188626255,19,898.2427,2.548512222222222,63.188626255,19,19.0
991,scenario:energy:2023,58672830,9182498,63188626255,19,977.8805,2.550693888888889,63.188626255,19,19.0
992,scenario:energy:2029,58672830,9182498,63188626255,19,977.8805,2.550693888888889,63.188626255,19,19.0
993,scenario:energy:2031,58672830,9182498,63188626255,19,977.8805,2.550693888888889,63.188626255,19,19.0
994,scenario:energy:2032,57309710,9182498,63188626255,19,955.1618333333333,2.550693888888889,63.188626255,19,19.0
995,scenario:energy:2037,58672830,9182498,63188626255,19,977.8805,2.550693888888889,63.188626255,19,19.0
996,scenario:energy:2042,57309710,9182498,63188626255,19,955.1618333333333,2.550693888888889,63.188626255,19,19.0
997,scenario:energy:2045,58672830,9182498,63188626255,19,977.8805,2.550693888888889,63.188626255,19,19.0
998,scenario:energy:2048,58672830,9182498,63188626255,19,977.8805,2.550693888888889,63.188626255,19,19.0
999,scenario:energy:2054,58672830,9182498,63188626255,19,977.8805,2.550693888888889,63.188626255,19,19.0
1000,scenario:energy:2062,58672830,9182498,63188626255,19,977.8805,2.550693888888889,63.188626255,19,19.0
1001,scenario:energy:2064,58672830,9182498,63188626255,19,977.8805,2.550693888888889,63.188626255,19,19.0
1002,scenario:energy:2075,58672830,9182498,63188626255,19,977.8805,2.550693888888889,63.188626255,19,19.0
1003,scenario:energy:2079,58672830,9182498,63188626255,19,977.8805,2.550693888888889,63.188626255,19,19.0
1004,scenario:energy:2080,58672830,9182498,63188626255,19,977.8805,2.550693888888889,63.188626255,19,19.0
1005,scenario:energy:2083,58672830,9182498,63188626255,19,977.8805,2.550693888888889,63.188626255,19,19.0
1006,scenario:energy:2092,57309710,9182498,63188626255,19,955.1618333333333,2.550693888888889,63.188626255,19,19.0
1007,scenario:energy:2097,57309710,9182498,63188626255,19,955.1618333333333,2.550693888888889,63.188626255,19,19.0
1008,scenario:energy:2106,58672830,9182498,63188626255,19,977.8805,2.550693888888889,63.188626255,19,19.0
1009,scenario:energy:2122,58672830,9182498,63188626255,19,977.8805,2.550693888888889,63.188626255,19,19.0
1010,scenario:energy:2123,48589980,8574996,63188626255,19,809.833,2.3819433333333335,63.188626255,19,19.0
1011,scenario:energy:final,42218640,8760787,62508335392,19,703.644,2.4335519444444444,62.508335392,19,19.0
1012,scenario:sorties:489,70545240,9603915,77565282964,27,1175.754,2.6677541666666666,77.565282964,27,27.0
1013,scenario:sorties:686,70545240,9563346,79733123777,27,1175.754,2.656485,79.733123777,27,27.0
1014,scenario:sorties:733,70545240,9563346,79733123777,27,1175.754,2.656485,79.733123777,27,27.0
1015,scenario:sorties:1250,70545240,9661162,77209658380,27,1175.754,2.683656111111111,77.20965838,27,27.0
1016,scenario:sorties:1484,83096500,9603915,78796717504,27,1384.9416666666666,2.6677541666666666,78.796717504,27,27.0
1017,scenario:sorties:1525,75141504,9351135,79555286277,28,1252.3584,2.5975375,79.555286277,28,28.0
1018,scenario:sorties:1594,75141504,9351135,79555286277,28,1252.3584,2.5975375,79.555286277,28,28.0
1019,scenario:sorties:1809,75141504,9351135,79555286277,28,1252.3584,2.5975375,79.555286277,28,28.0
1020,scenario:sorties:1983,77446180,9159624,80696870305,28,1290.7696666666666,2.54434,80.696870305,28,28.0
1021,scenario:sorties:2045,74615020,9008877,81669680250,27,1243.5836666666667,2.5024658333333334,81.66968025,27,27.0
1022,scenario:sorties:2103,71283800,9008877,81669680250,27,1188.0633333333333,2.5024658333333334,81.66968025,27,27.0
1023,scenario:sorties:2883,75935020,8876877,81669680250,27,1265.5836666666667,2.4657991666666668,81.66968025,27,27.0
1024,scenario:sorties:2918,74615020,9008877,80483679392,27,1243.5836666666667,2.5024658333333334,80.483679392,27,27.0
1025,scenario:sorties:2984,82869976,9557473,80249686577,26,1381.1662666666666,2.654853611111111,80.249686577,26,26.0
1026,scenario:sorties:2986,82869976,9557473,77726221180,26,1381.1662666666666,2.654853611111111,77.72622118,26,26.0
1027,scenario:sorties:final,74208126,9184258,75409547397,25,1236.8021,2.5511827777777776,75.409547397,25,25.0
